DATA_INDEX,TIME,SIDE,REGIME,ENTRY_PRICE,RSI_5M,RSI_CHANGE_1,RSI_CHANGE_3,MACD_HIST_5M,MACD_CHANGE_1,MACD_CHANGE_3,EMA_DISTANCE_PCT,EMA20_SLOPE_1,EMA20_SLOPE_3,H1_EMA_DISTANCE_PCT,MACD_HIST_1H,BB_POSITION,BB_WIDTH_PCT,VOLUME_RATIO,POC_DISTANCE_PCT,LOWER_WICK_RATIO,UPPER_WICK_RATIO,BODY_RATIO,CLOSE_POSITION,RANGE_PCT,OUTCOME,EXIT_BARS,RAW_RETURN_%,NET_RETURN_%,MFE_%,MAE_%,DATASET
111,2025-10-07 02:45:00+00:00,SHORT,DOWNTREND,124379.6,37.827572504183564,-1.3965621989130668,-5.094714120768167,-13.508854278794843,-1.0568261472593576,-4.433859528136708,-0.11583907699851466,-0.014060334468490865,-0.041171463406941555,-0.10375341035028837,-85.13567665439513,0.12351897784957756,0.3708945332716872,0.3507451440805045,0.052986985003970775,0.0,0.7317275747509143,0.26827242524908573,0.0,0.09680043994352303,WIN,46,0.5025,0.4025,0.5329,-0.2028,DISCOVERY
150,2025-10-07 06:00:00+00:00,SHORT,DOWNTREND,124357.4,48.54633386114824,0.48563527910972226,2.1238244609484624,-8.548395958293522,-0.44070913614243956,-11.867706176982631,-0.035109670613014295,-0.0019584589998844493,-0.01279223318586542,-0.21329777250483536,-96.87714142805174,0.3065742986814854,0.2669495630548634,0.490311030911527,0.16285721637795111,0.288702928870264,0.5941422594143312,0.11715481171540475,0.40585774058566876,0.057656400021226795,WIN,7,0.5025,0.4025,0.515,-0.0425,DISCOVERY
287,2025-10-07 17:25:00+00:00,SHORT,DOWNTREND,121246.4,38.41508737727391,-0.7564030795257892,-2.150101918654549,27.049886569992395,-9.042626357804807,-43.95890683459402,-0.5229794077812102,-0.030457359087654456,-0.09811071978598207,-0.5931279154115928,-245.14980989817298,0.2417568722715085,0.8496521023955036,0.33567080795861176,0.27211117196057194,0.40278444551124826,0.3821411425828359,0.21507441190591592,0.40278444551124826,0.17179891526676497,WIN,12,0.5025,0.4025,0.6061,-0.2398,DISCOVERY
704,2025-10-09 04:10:00+00:00,SHORT,DOWNTREND,121850.1,41.05868258274724,-1.8131268383110353,-6.513540357497547,36.53644918792858,-9.052637219828824,-21.67096964807567,-0.23271874491162203,-0.008461488783395588,-0.015133612815088071,-0.2854663628800131,-103.96895395955755,0.5185781112301969,0.4864062129036199,0.9949929658509279,0.11941516666789147,0.0006849315068891834,0.726027397260274,0.27328767123283687,0.0006849315068891834,0.11981935181013391,TIME_EXIT,48,0.1439,0.0439,0.1871,-0.3044,DISCOVERY
729,2025-10-09 06:15:00+00:00,SHORT,DOWNTREND,121888.0,44.63348028110636,-0.3956086515071391,-4.210139548528794,-3.3560853985784718,-1.971628307089695,-11.640456401286837,-0.09532637854562998,-0.0055075792071646035,-0.018714375909423264,-0.3100372572376203,-110.23602687409445,0.2783348035437431,0.27266841716257045,0.9336460412566848,0.0003035573641337485,0.1414342629481864,0.789840637450274,0.06872509960153964,0.1414342629481864,0.08237070097137879,WIN,26,0.5025,0.4025,0.6208,-0.206,DISCOVERY
741,2025-10-09 07:15:00+00:00,SHORT,DOWNTREND,121923.3,46.73219354889324,0.6079919498999828,-4.118476286214523,-3.4522121213188637,-1.2419263108651322,-3.50515032694483,-0.05825319164842462,-0.003157760986016722,-0.007040190241869304,-0.32597891922957345,-114.14183050776371,0.340329797666542,0.20360638616483476,0.7887145963789217,0.0007525222824480025,0.28826728826734,0.6480186480186174,0.06371406371404253,0.35198135198138253,0.10555816648663308,WIN,14,0.5025,0.4025,0.6499,-0.0188,DISCOVERY
853,2025-10-09 16:35:00+00:00,SHORT,DOWNTREND,121128.7,43.959422695327525,0.3992807956971518,3.4504816304815975,65.18379627615346,-3.45687814347653,-6.79592859664362,-0.3362670027728318,-0.009177272309623952,-0.02652832368987834,-0.3536924765500578,-70.06270648427233,0.4992920786634853,0.6530613186766631,0.31222809140641133,0.12514375205876593,0.0,0.8919342208300576,0.10806577916994246,0.10806577916994246,0.10542505615928482,WIN,3,0.5025,0.4025,0.7365,-0.0243,DISCOVERY
1166,2025-10-10 18:40:00+00:00,SHORT,DOWNTREND,117411.2,32.55208618395898,0.565841645969968,-2.2763952638899525,47.88696590114915,-1.5763012402081245,-8.489416902540995,-0.7363008694911106,-0.03486516576738374,-0.10902489270718796,-0.7169874099609129,-364.8304374870845,0.16082867220483008,0.7366067293442142,0.4329605714569612,0.3670688997301756,0.22306238185259064,0.6798991808443656,0.09703843730304379,0.32010081915563443,0.135165980758234,WIN,6,0.5025,0.4025,0.6649,-0.16,DISCOVERY
1273,2025-10-11 03:35:00+00:00,SHORT,DOWNTREND,111850.0,43.1714415846571,-2.0070429060874773,-2.043973134411452,-80.25123519033279,-12.217181497204962,-59.08447432949161,-0.2253532109019155,-0.03522059059178906,-0.10506120847730838,-2.4339265279412756,-578.079320890763,0.27443385665028497,1.8568077259712792,0.5815766930959774,1.1413656683057736,0.18176885512750662,0.44438415626695693,0.37384698860553645,0.18176885512750662,0.3295485024586552,LOSS,7,-0.4975,-0.5975,0.0895,-0.5663,DISCOVERY
1311,2025-10-11 06:45:00+00:00,SHORT,DOWNTREND,111985.6,43.59786283632873,-2.163445410346064,-5.867294178361703,-30.962193488442573,-15.29686788389314,-52.51376142619526,-0.05091957261519702,-0.024886786109978853,-0.06117847429908396,-2.652984489768009,-238.8003458280309,0.19409161621160487,0.7559832060071814,1.667020996331127,0.0949229186609603,0.010946327683636485,0.6059322033898059,0.38312146892655763,0.010946327683636485,0.25288965724164275,WIN,3,0.5025,0.4025,0.57,-0.0707,DISCOVERY
1907,2025-10-13 08:25:00+00:00,LONG,UPTREND,115217.6,53.18161025183017,1.53748005901123,-1.7672086957818323,-29.521569309056105,0.11443584707700438,-6.307582787011327,0.10833936388427468,0.0018727324970990722,0.004042636614798312,0.2494035488048197,17.95740977782475,0.39237626065341846,0.36952596071383315,0.5280670976086992,0.07788740609072804,0.6795291039895539,0.10595160235445497,0.2145192936559911,0.894048397645545,0.13270542000528454,LOSS,31,-0.5,-0.6,0.1377,-0.7222,DISCOVERY
2060,2025-10-13 21:10:00+00:00,LONG,UPTREND,115570.8,56.68087903193527,-0.44372343249327173,-5.424210890751041,-25.33300427227138,2.275551587697322,5.005235948327396,0.21779190890613606,0.007091431360284339,0.019009263492408834,0.36138093332055204,5.9763091770164465,0.5085305787007626,0.38596004316682603,0.5508875534127109,0.023338507650724483,0.7931726907631217,0.12048192771085393,0.08634538152602432,0.7931726907631217,0.08618093843772931,LOSS,31,-0.5,-0.6,0.1786,-0.5544,DISCOVERY
2072,2025-10-13 22:10:00+00:00,LONG,UPTREND,115684.5,57.83410369185441,1.4221940291448192,-0.46910642099166466,-4.319618404646192,1.136835904655456,10.466560379478153,0.17572554960615633,0.008361922421551427,0.031146875346266256,0.3899807951168104,22.20860138744024,0.7867418049085785,0.29307202593845827,1.1028467149921373,0.08640094394669465,0.4034917555770591,0.30746847720659337,0.28903976721634755,0.6925315227934067,0.0891217060193814,LOSS,18,-0.5,-0.6,0.0307,-0.5917,DISCOVERY
2207,2025-10-14 09:25:00+00:00,SHORT,DOWNTREND,111703.1,44.312912173741765,1.9415700989843074,0.20257696246041945,12.47622759927323,-2.694458831266445,-21.254074171107973,-0.28940244335665716,-0.008606053351511989,-0.0336909872559632,-0.32765061289478314,-413.606240678489,0.4038916742820371,0.5095496129926214,0.8226978627414931,0.09087482800388648,0.13673177703673392,0.6441162458313076,0.2191519771319585,0.3558837541686924,0.18790884048876774,WIN,4,0.5025,0.4025,0.5265,-0.1211,DISCOVERY
2208,2025-10-14 09:30:00+00:00,SHORT,DOWNTREND,111602.3,41.04265054150549,-3.270261632236277,-2.6476464937818704,4.525457253159232,-7.950770346113998,-19.710222544447447,-0.2879529877304107,-0.016374283271125556,-0.038806980133254676,-0.32794654928480194,-413.606240678489,0.21328691250902818,0.4946434324872383,0.7510574313890576,0.0006361876054583129,0.0,0.5730622617534662,0.42693773824653386,0.0,0.2115547797849966,WIN,4,0.5025,0.4025,0.5401,-0.0875,DISCOVERY
2256,2025-10-14 13:30:00+00:00,SHORT,DOWNTREND,110458.1,39.18160140025513,-5.976107937321238,5.380401147062955,-38.99264659190939,-0.3461384088885353,16.90239359147725,-0.24639318393139573,-0.031092425451895167,-0.08026890559151845,-0.7248649366086849,-346.9852013901717,0.12084867831012133,0.9531138749434633,2.2086991636911866,0.10373843113361009,0.07917308115240869,0.3521002859028081,0.5687266329447832,0.07917308115240869,0.41164930412527195,WIN,1,0.5025,0.4025,0.5975,-0.0187,DISCOVERY
2540,2025-10-15 13:10:00+00:00,SHORT,DOWNTREND,111422.4,34.355018350776405,-0.07005210261392847,-6.554198223357247,-5.261819478377845,-0.7915803318413168,-10.511461382310955,-0.2672665242986839,-0.026560859574920048,-0.08462484185224328,-0.4006285208145476,-47.45598570582271,0.1628478806455559,0.7800933913890709,0.42339915298424374,0.4086812885021481,0.11697127937333775,0.8689295039164187,0.01409921671024356,0.11697127937333775,0.17186849322936862,WIN,7,0.5025,0.4025,0.6835,-0.4838,DISCOVERY
2543,2025-10-15 13:25:00+00:00,SHORT,DOWNTREND,111379.5,34.311456008360935,-2.9449296774912384,-0.04356234241546986,2.6876890134570885,-1.8219318735568208,7.9495084918349335,-0.2717701513831625,-0.024213510521398085,-0.06085611803381408,-0.4007828307507831,-47.45598570582271,0.18328830331493542,0.7249471926783623,0.6117687819576204,0.10820662689273118,0.12787169484178748,0.46770697876027545,0.4044213263979371,0.12787169484178748,0.20712967826215517,LOSS,2,-0.4975,-0.5975,0.2516,-0.5225,DISCOVERY
2880,2025-10-16 17:30:00+00:00,SHORT,DOWNTREND,108627.8,46.845799982205634,-1.5787616364239625,-1.8110189307722422,130.46154588713017,-6.91872115612648,-10.061075088944335,-0.6288479716310378,-0.005087699367767318,-0.016181115398605783,-0.6825457934997534,-173.59740995509515,0.6699929277444447,1.3911059356923712,0.2564791887776351,0.09498949624313266,0.18190298507463182,0.44340796019898987,0.3746890547263783,0.18190298507463182,0.2960568105033806,WIN,6,0.5025,0.4025,0.7526,-0.1311,DISCOVERY
2888,2025-10-16 18:10:00+00:00,SHORT,DOWNTREND,107849.9,36.82025372436503,1.1502217267775592,-4.379723891610709,-18.936209312501887,-9.394690274892127,-67.18378428260792,-0.6099834005164708,-0.05143676411291098,-0.17239618982831661,-0.7896093395656102,-250.43334194549846,0.13308897360073033,1.3312151727398671,0.9373635089246963,0.589937960072297,0.2137268847794875,0.6084637268848065,0.17780938833570598,0.3915362731151935,0.2607327405959552,LOSS,6,-0.4975,-0.5975,0.2087,-0.681,DISCOVERY
2889,2025-10-16 18:15:00+00:00,SHORT,DOWNTREND,107761.1,35.60272527118285,-1.217528453182183,-1.1867845969215978,-27.002029154699983,-8.065819842198096,-42.25311972543267,-0.618708566242938,-0.054365223257590856,-0.16737562520218185,-0.7902600132257104,-250.43334194549846,0.08457269401939937,1.3617796831203206,1.0674616280330633,0.6728285995595819,0.30285459411241006,0.49933095450489984,0.1978144513826901,0.30285459411241006,0.416105626241746,LOSS,4,-0.4975,-0.5975,0.1251,-0.5255,DISCOVERY
2905,2025-10-16 19:35:00+00:00,SHORT,DOWNTREND,107751.8,40.07886123380893,0.5842971391700971,-5.913711795948444,-20.921161650859347,-7.847848174335638,-41.07700958251283,-0.4248307766464525,-0.03394648959643698,-0.1032475421451795,-0.8565151012863419,-257.9607113472699,0.2385180144694134,1.0276778652280931,0.7393919138576668,0.057142896916798386,0.2437211686314505,0.6975909789851336,0.058687852383415944,0.30240902101486644,0.36212852128688067,LOSS,3,-0.4975,-0.5975,0.03,-0.6944,DISCOVERY
2955,2025-10-16 23:45:00+00:00,SHORT,DOWNTREND,107992.2,48.84278955090474,0.9837618884467574,-6.537916382405037,5.815929017079661,-4.9584382489535805,-32.619048101084765,-0.06321680937603429,-0.0027686444503460805,-0.018368870755547384,-1.1140339492023124,-231.19098316822783,0.528781111202001,0.5457504624654389,0.4744599384071274,0.2608614325849384,0.05029745808546496,0.805300162249874,0.14440237966466105,0.194699837750126,0.1712160693087174,LOSS,10,-0.4975,-0.5975,0.0988,-0.5777,DISCOVERY
3129,2025-10-17 14:15:00+00:00,SHORT,DOWNTREND,105291.1,47.127488566022976,-1.0759423034983868,-3.2285547454543817,-26.89285529535335,-6.9647076449267935,-45.7652273471848,-0.03245213176688938,-0.015708091111721334,-0.060963367394661905,-1.7693859983308438,-134.54668253081354,0.3657571146833582,0.9259003063372329,0.49611056374568424,0.06615943797717845,0.3081834010447181,0.5034822983168806,0.1883343006384013,0.3081834010447181,0.3272831226950861,WIN,3,0.5025,0.4025,0.6607,-0.0439,DISCOVERY
3733,2025-10-19 16:35:00+00:00,LONG,UPTREND,108369.5,56.60861211690548,5.244242690963269,4.6379307292415675,-29.107440129739985,8.120549416344787,11.953981961970086,0.1888765060314036,0.006688445161961987,0.0045745785147488505,0.031388384802721575,162.77340641460768,0.5120069007912016,0.27898649504223155,0.5789356805866102,0.0263681201814271,0.41180124223595255,0.0006211180124585141,0.5875776397515889,0.9993788819875414,0.1485657864989688,WIN,6,0.5,0.4,0.5776,-0.0153,DISCOVERY
3760,2025-10-19 18:50:00+00:00,LONG,UPTREND,109332.0,66.13801953980166,1.494093927125391,3.7873419839066216,-3.646057539389119,3.410758048412987,9.500763345643009,0.30967566586798084,0.02386686412974015,0.0678199070137886,0.16304189407655442,194.01715478077162,1.0200384917111571,0.366643105319502,0.6764369499551288,0.19835455310431094,0.4437716262975807,0.15224913494813958,0.40397923875427977,0.8477508650518605,0.10573299674386805,LOSS,9,-0.5,-0.6,0.0458,-0.5662,DISCOVERY
3926,2025-10-20 08:40:00+00:00,LONG,UPTREND,111256.3,56.40590858415216,0.36386912980257335,-1.0367448888626356,-8.357131961289667,2.7114555509379983,31.460590436185413,0.3185888859925774,0.01053739098701989,0.05059805923985916,0.7846851600337083,240.14414056220983,0.7069691324267621,0.39673626622018465,0.8538868130911015,0.09702821323376482,0.8865030674846626,0.04110429447850975,0.07239263803682768,0.9588957055214903,0.1465085572682176,LOSS,7,-0.5,-0.6,0.0839,-0.545,DISCOVERY
3943,2025-10-20 10:05:00+00:00,LONG,UPTREND,110910.0,49.26158468588909,0.20578503889971245,4.7830477936612965,2.5166587259176936,7.612687232161434,34.15552654056472,0.07212290404738798,5.5487635797213386e-05,0.0007460680183868362,0.8894631412323013,182.30440865740854,0.4558649186238947,0.7400000773041971,0.6256462307745083,0.4192588585339464,0.5845744680851528,0.39308510638294775,0.022340425531899414,0.6069148936170522,0.16950680732125148,TIME_EXIT,48,0.1027,0.0027,0.31,-0.349,DISCOVERY
4002,2025-10-20 15:00:00+00:00,LONG,UPTREND,111230.0,60.02854042410693,2.4553347337918936,-0.23729379411431495,27.828871123355015,0.5267111873889405,2.571826939971544,0.08821841612536611,0.02003762618691951,0.059358672475240404,0.996538121183011,22.714428095872904,0.8334860317601644,0.660201902820343,0.8225443253784566,0.13378360154634122,0.4772727272727435,0.051597051597019536,0.47113022113023695,0.9484029484029805,0.1463633911714361,LOSS,12,-0.5,-0.6,0.3767,-0.6563,DISCOVERY
4010,2025-10-20 15:40:00+00:00,LONG,UPTREND,111316.0,57.92798454941476,0.5774577896956359,2.4105849039568668,8.28270831956462,0.8530836259691768,0.5231361268231183,0.12187338193005252,0.016229660428002113,0.04495279140974695,0.9957682203743065,22.714428095872904,0.7640704846903443,0.642739914283341,0.46661731749072166,0.1291997556505866,0.8029146426093275,0.0603747397640362,0.13671061762663625,0.9396252602359638,0.12945129181787998,LOSS,4,-0.5,-0.6,0.2991,-0.733,DISCOVERY
4340,2025-10-21 19:10:00+00:00,LONG,UPTREND,112110.4,51.11502687048086,2.204204619345468,4.143176993905449,34.13111368661225,14.765680669134184,46.83718310291445,0.13441317700707978,0.007516209205915558,0.00513882854991099,0.5292338759076851,463.6069295046909,0.6471899946971293,0.8039971158474392,0.30891817449080633,0.007840485806854805,0.5283505154639175,0.0,0.47164948453608246,1.0,0.17304371405329033,LOSS,4,-0.5,-0.6,0.033,-0.5429,DISCOVERY
4464,2025-10-22 05:30:00+00:00,SHORT,DOWNTREND,107925.2,33.3526253946487,-2.3608691029848927,-10.268320742084391,-60.51844664404338,-10.900619134109746,-44.80840348727498,-0.10170297385340255,-0.03166205425401136,-0.0865772251886221,-0.06526976037318981,-288.27191565128675,-0.045660148038490105,0.6865029140864687,1.435280524959299,0.04444050138428669,0.14676761793824994,0.4338963308095589,0.41933605125219114,0.14676761793824994,0.15909166719171897,TIME_EXIT,48,-0.2017,-0.3017,0.3413,-0.3601,DISCOVERY
4542,2025-10-22 12:00:00+00:00,SHORT,DOWNTREND,107422.5,40.74807556825545,-1.866155100350582,-0.2476513783134564,-24.07529891473324,-6.139473049700399,-22.127321243356448,-0.14100083018257625,-0.02601668865386264,-0.07278650294376687,-0.4164200215953261,-146.16001937291765,0.22633469668722,0.9104638256550014,0.39721083295881043,0.3504619609485963,0.024739583333321328,0.6315104166666826,0.34374999999999606,0.024739583333321328,0.21448020666061038,LOSS,3,-0.4975,-0.5975,0.0308,-0.5927,DISCOVERY
4895,2025-10-23 17:25:00+00:00,LONG,UPTREND,110148.4,57.13523138368908,1.8129855854398471,5.452157811108144,1.3277544530060652,7.168224834951701,18.12042154683219,0.1894876238546156,0.021811155037454455,0.05546800660225504,0.18697084156392338,134.71232505668513,0.7866725395358953,0.6956344656664935,0.3656631908422851,0.16186798900393726,0.5486005089058672,0.008142493638706467,0.4432569974554263,0.9918575063612936,0.17839569163056387,WIN,2,0.5,0.4,0.6654,-0.0925,DISCOVERY
5044,2025-10-24 05:50:00+00:00,LONG,UPTREND,111195.5,59.86812603492169,-2.0138153922134663,2.800474741613158,-6.0482261343834125,0.1115836572565172,5.3097158959829756,0.23505185162546524,0.01837362974546064,0.05783830778578469,0.4826043714157603,51.99794334718217,0.6971685355515734,0.6565381408939629,0.657652036229586,0.01748272187273975,0.5919637804187828,0.1403508771929897,0.2676853423882275,0.5919637804187828,0.15890930838029566,TIME_EXIT,48,0.0642,-0.0358,0.2728,-0.492,DISCOVERY
5058,2025-10-24 07:00:00+00:00,LONG,UPTREND,111438.2,64.1888835515781,0.9245443830934903,5.338349306666707,1.6010168701320424,0.911184588443632,3.0492695501170317,0.236164242064879,0.018452661246226576,0.05450686760126722,0.5680415622724877,91.67326060356129,0.8780245361600081,0.48184556008721,0.7734107849495719,0.2832623821992739,0.6651501364876719,0.10737033666973189,0.2274795268425962,0.892629663330268,0.09861968337607227,LOSS,8,-0.5,-0.6,0.0544,-0.5341,DISCOVERY
5330,2025-10-25 05:40:00+00:00,LONG,UPTREND,111229.1,59.25192538790939,-0.08820555934511276,8.439442493997525,-2.509386688368096,3.739142610447523,17.046441655403513,0.06890529730516556,0.007028585228519013,0.021755949536550467,0.4213089533147258,0.060523445358967365,0.6157543272524575,0.29073295057271503,0.4526686531846366,0.09597758140630883,0.7794486215541443,0.19799498746855468,0.022556390977301017,0.7794486215541443,0.03587190762129171,WIN,40,0.5,0.4,0.5017,-0.0262,DISCOVERY
5333,2025-10-25 05:55:00+00:00,LONG,UPTREND,111334.7,66.94822161112725,4.527135085994594,7.696296223217864,9.826291251088016,5.229747543961629,12.335677939456112,0.0792245963016654,0.01365642433530656,0.03200960028764133,0.4209093454164692,0.060523445358967365,0.9275260888036234,0.2716893743006411,1.9461564398161866,0.01600803702708568,0.3979963570127134,0.019125683060161797,0.5828779599271248,0.9808743169398382,0.09862154386727849,TIME_EXIT,48,0.1224,0.0224,0.4084,-0.121,DISCOVERY
5335,2025-10-25 06:05:00+00:00,LONG,UPTREND,111357.0,68.41070429453023,0.46821089886060463,5.989617769397576,14.68162033743274,1.4785612507366892,10.085076630306354,0.0884431109256167,0.012961026519309193,0.04028747627451423,0.43205191050427855,16.74676767891887,0.9190301884256118,0.3080353588121192,1.2146004882134653,0.036683818709201774,0.9174528301886821,0.0,0.08254716981131792,1.0,0.07615147678188432,TIME_EXIT,48,0.0422,-0.0578,0.3883,-0.141,DISCOVERY
5348,2025-10-25 07:10:00+00:00,LONG,UPTREND,111399.9,62.243826954577614,0.3913887346631526,6.366342183887795,4.2943098564385025,0.7423758164779315,7.433298143088265,0.09047161567881293,0.008678456148536462,0.029279330847531426,0.4387205178965243,22.82234471190793,0.8432524182642771,0.2218183478561045,0.5335119219147186,0.09762127255051396,0.7876447876447399,0.003861003861229469,0.2084942084940306,0.9961389961387705,0.023249572037312583,TIME_EXIT,48,0.0768,-0.0232,0.3496,-0.0645,DISCOVERY
5351,2025-10-25 07:25:00+00:00,LONG,UPTREND,111588.0,69.20515744234639,-6.157939620775167,6.961330487768777,24.828097658310185,2.209588195134046,20.533787801871682,0.11603323632545383,0.019765297674556592,0.06357594081838336,0.4379809820197604,22.82234471190793,1.0143228076740258,0.3880202042012997,2.2083265451534055,0.06029546187762229,0.6069686411150231,0.0,0.39303135888497687,0.6069686411150231,0.12859805713876044,TIME_EXIT,48,0.0017,-0.0983,0.1805,-0.233,DISCOVERY
5353,2025-10-25 07:35:00+00:00,LONG,UPTREND,111617.5,68.69859229457089,3.3379362320408745,-6.664504768550671,22.60651460038156,0.6844468183154646,-0.011994862794580285,0.12650407878086786,0.019003280752061258,0.05343371220989379,0.43786522562878594,22.82234471190793,0.9499282575814453,0.446195824436938,2.0627712864451007,0.0009877483369485943,0.5078344716753601,0.2217758135797444,0.2703897147448955,0.7782241864202556,0.2229937061840609,TIME_EXIT,48,-0.0391,-0.1391,0.154,-0.2594,DISCOVERY
5681,2025-10-26 10:55:00+00:00,LONG,UPTREND,112425.2,61.425633596214944,0.2545884368204767,1.3808380932203832,-10.606529371267897,0.5265844838815497,8.171937377391998,0.21355424417506202,0.014447578382292825,0.049684723810150544,0.35708203640798714,45.513177794822184,0.6732995911169826,0.3460687702450835,0.1900791597092817,0.07936387927262378,0.8291873963515355,0.056384742952049205,0.11442786069641536,0.9436152570479508,0.05363566175555206,WIN,9,0.5,0.4,0.8276,-0.0502,DISCOVERY
5683,2025-10-26 11:05:00+00:00,LONG,UPTREND,112448.8,62.37237793983013,0.3396050440388194,1.2013327804356635,-9.857004426471406,0.16054995743451173,1.2761094286780406,0.21325157515023752,0.013700565499097372,0.0425302618354273,0.38510315737665995,72.98819154027984,0.7969247541806792,0.27965179247263816,0.5635646188606982,0.05835989356934,0.5272058823529198,0.4117647058823529,0.06102941176472728,0.5882352941176471,0.12094393181607986,WIN,7,0.5,0.4,0.8064,-0.0383,DISCOVERY
5713,2025-10-26 13:35:00+00:00,LONG,UPTREND,113596.2,63.24988093664323,1.3939776815604645,0.8422734057842618,-36.18653937571105,4.467491881767359,14.389649899796694,0.37127154420893455,0.016951403259812814,0.051202964548369145,0.5113321914045692,186.61671767179126,0.6933140976629769,0.3316826578211866,0.2804453211536095,0.3571048151258463,0.6207770270270575,0.023648648648674393,0.35557432432426805,0.9763513513513256,0.10422883864072406,TIME_EXIT,48,-0.0407,-0.1407,0.3555,-0.3213,DISCOVERY
5721,2025-10-26 14:15:00+00:00,LONG,UPTREND,113814.7,65.10687737835664,1.9713473622384754,3.6132002160393384,-11.53112827856745,5.7398734985866895,10.806525409120155,0.34307051103037595,0.021906083036205004,0.05542394794357808,0.5737652050590207,214.85708467720934,0.9358326903906522,0.4563008581258222,1.742861559563371,0.22903016921364136,0.5409370563180376,0.1670610506389135,0.2920018930430489,0.8329389493610865,0.18565264416635366,LOSS,24,-0.5,-0.6,0.0293,-0.5127,DISCOVERY
5757,2025-10-26 17:15:00+00:00,LONG,UPTREND,113638.7,55.96172781976919,0.2098820768602323,5.55651901492174,18.58614555461002,0.4417960293797165,6.4496275067977145,0.08269007360680553,0.008526022750987572,0.02735369344339933,0.6903176010566382,167.88479319645336,0.7465195607743,0.42392479439221736,0.5086161690422649,0.026014465142596668,0.934814814814901,0.0,0.06518518518509896,1.0,0.059398778761108675,TIME_EXIT,48,-0.2786,-0.3786,0.1195,-0.3472,DISCOVERY
5838,2025-10-27 00:00:00+00:00,LONG,UPTREND,114702.3,62.06810815315253,5.64906500941931,5.7958405717702846,-31.16794678432484,14.484239636448535,7.102129811375505,0.2729524205476851,0.02471411845919036,0.033787817857033886,0.831057231471124,90.63959440787698,0.8839034145680663,0.41090406106957583,1.7912404555146724,0.02397074862492722,0.48767865943812905,0.00862493839329713,0.5036964021685738,0.9913750616067029,0.3537854079647949,WIN,19,0.5,0.4,0.556,-0.0892,DISCOVERY
5856,2025-10-27 01:30:00+00:00,LONG,UPTREND,115072.1,63.70408182707918,-1.271374300696479,3.4849915670597653,10.129459775384106,1.2770910544686274,22.6720482864784,0.27552538198097914,0.022605346875814725,0.08015864633108549,0.8703114967908053,105.08440707959903,0.8956339548051737,0.5222686800161908,0.8061312871758212,0.26035850566732144,0.6397515527950992,0.13930789707185,0.22094055013305078,0.6397515527950992,0.09793859675803003,TIME_EXIT,48,0.3581,0.2581,0.4289,-0.2631,DISCOVERY
5922,2025-10-27 07:00:00+00:00,LONG,UPTREND,116030.3,69.06248880124232,0.5375180825978845,1.5072253447487753,36.229559229271786,3.1106305495651156,16.353725498888693,0.2345181446665919,0.033636554672855645,0.09885321596929675,1.099172935441892,124.28330036612124,0.9989982741707629,0.6940838496525719,1.9014921671969622,0.12839749617126775,0.7498799807969031,0.14738358137300364,0.10273643783009329,0.8526164186269963,0.17952207311366333,LOSS,14,-0.5,-0.6,0.3016,-0.5426,DISCOVERY
6263,2025-10-28 11:25:00+00:00,LONG,UPTREND,114500.0,56.35749966447152,1.846424341025319,2.1208579200002546,-7.113300687370824,0.6992419494125031,2.159576977578361,0.09737493834658079,0.004345333173927379,0.013765906813145712,0.300998989646867,4.850348078355154,0.6907827695827895,0.14582010989122662,0.9020293689128964,0.00851528384279476,0.6774611398964363,0.0,0.3225388601035637,1.0,0.06742358078602366,WIN,23,0.5,0.4,0.5223,-0.3661,DISCOVERY
6326,2025-10-28 16:40:00+00:00,LONG,UPTREND,115033.4,54.207031775107104,-0.779234542880296,0.1825694537907765,39.13051603811233,4.63885214338103,34.43105873045516,0.027753751734903173,0.011088026181171884,0.04020253218521841,0.32843445978610797,77.99252086857807,0.6670806733089851,0.7957033294009607,0.5254626387059519,0.3858770583152346,0.8769601930035683,0.0006031363088408867,0.1224366706875908,0.8769601930035683,0.14413205208226734,LOSS,31,-0.5,-0.6,0.453,-0.8958,DISCOVERY
6452,2025-10-29 03:10:00+00:00,SHORT,DOWNTREND,112397.8,44.43059411670335,-0.7853644166485623,-9.385008403203159,-1.2670196540369965,-7.248969360154113,-35.77748190279665,-0.11981989840142017,-0.009296999334895695,-0.03183470191360227,-0.1987747459590294,-219.3044421615815,0.24579422826185068,0.3564225205277532,0.8899034988739628,0.054907658334959454,0.04946524064176767,0.8201871657753497,0.13034759358288264,0.04946524064176767,0.13309869054377027,LOSS,25,-0.4975,-0.5975,0.0751,-0.5447,DISCOVERY
6457,2025-10-29 03:35:00+00:00,SHORT,DOWNTREND,112455.1,47.648229642379526,-2.309245741748832,0.13861159328763506,0.2978029875253867,-0.6804245446443424,0.5059992592871723,-0.10361253573065335,-0.002865677067909189,-0.0070275633201943855,-0.19867346293190608,-219.3044421615815,0.3824568757382934,0.30771891326622486,0.8598862342716141,0.01569515299883614,0.1587608906099542,0.3833494675702295,0.45788964181981634,0.1587608906099542,0.09185888412353277,LOSS,21,-0.4975,-0.5975,0.0134,-0.5251,DISCOVERY
6460,2025-10-29 03:50:00+00:00,SHORT,DOWNTREND,112456.8,47.647540033116975,-2.0185502107921494,-0.0006896092625510164,2.3440360384656103,-1.378690860793295,2.0462330509402236,-0.09289931760642806,-0.0025313690401262967,-0.0016651952402080283,-0.19867045960185414,-219.3044421615815,0.36555749196407583,0.2973549631828187,0.47538950268248764,0.004946343840479189,0.0012771392082479827,0.5389527458492404,0.45977011494251163,0.0012771392082479827,0.06962673666688267,LOSS,18,-0.4975,-0.5975,0.0149,-0.5236,DISCOVERY
6924,2025-10-30 18:30:00+00:00,SHORT,DOWNTREND,107198.6,42.32228266474927,-2.769246554245335,1.8309682475952158,13.75925947079952,-2.7703717522825,9.059029338139311,-0.30578912428204225,-0.017900508301449403,-0.03870304514658196,-1.428685026893096,-176.27810202657952,0.3708928989162198,1.012936441624612,0.534825820152476,0.19354497166941373,0.04212399881344229,0.632453277959043,0.32542272322751464,0.04212399881344229,0.3144630620176064,WIN,10,0.5025,0.4025,0.5562,-0.0189,DISCOVERY
6936,2025-10-30 19:30:00+00:00,SHORT,DOWNTREND,106827.2,40.60857965917669,-3.4395752406093223,2.387587209974832,2.4911279147543723,-1.1871809424496291,12.2729741093558,-0.3301489148193369,-0.022873190105854313,-0.056774513830193385,-1.5165264948894748,-204.0719053149894,0.19070016713901788,0.7589363277360801,0.7377838814171312,0.11644740290862853,0.1470155836518646,0.4378124081152784,0.41517200823285705,0.1470155836518646,0.3183646112600591,WIN,2,0.5025,0.4025,0.5906,-0.0143,DISCOVERY
7265,2025-10-31 22:55:00+00:00,SHORT,DOWNTREND,109543.0,48.04308378085701,-1.173895391901553,-1.8751626969555844,-5.039865951927853,-3.6968591970796663,-13.297870358216656,-0.00038277145913721296,-0.004221057470865652,-0.010308447639539864,-0.32794778812998643,-22.612314649267603,0.3641879289877431,0.2853585664054511,0.5730511469459877,0.016381694859559245,0.0,0.4953789279112759,0.5046210720887241,0.0,0.04938699871283954,TIME_EXIT,48,-0.1886,-0.2886,0.1751,-0.4651,DISCOVERY
7281,2025-11-01 00:15:00+00:00,SHORT,DOWNTREND,109412.1,41.35198864420372,-1.0295768145656652,1.039474611249915,-17.687809790330597,-0.881293915192451,-8.5002573410542,-0.03159051345548575,-0.010190306181012687,-0.03316531892720853,-0.30283385241982813,-24.214442689569744,0.05813339359492286,0.24440150646775116,1.298131040147651,0.13110981326561005,0.024447031431966974,0.7683352735739752,0.2072176949940578,0.024447031431966974,0.07851051209143611,LOSS,15,-0.4975,-0.5975,0.0554,-0.5853,DISCOVERY
7638,2025-11-02 06:00:00+00:00,LONG,UPTREND,110438.7,56.61711563870249,-0.7705514905169224,4.506543078773895,-12.588945095371542,1.2165226357762151,8.850624048324349,0.12134695135886557,0.00834674435621352,0.0290217229484524,0.06856142563816363,18.984447533037965,0.5778512228800676,0.5574782020460097,0.42884544206289427,0.014012298225161353,0.6724821570182316,0.21332275971445627,0.11419508326731219,0.6724821570182316,0.11418098909169144,WIN,40,0.5,0.4,0.5082,-0.1756,DISCOVERY
7673,2025-11-02 08:55:00+00:00,LONG,UPTREND,110805.7,59.33125934009661,2.0192962607705383,0.6756175576140748,-7.321269798028936,1.5685526152797138,-1.5928346093448482,0.1436154809088565,0.009906428582762139,0.023854457360461545,0.12171279640157726,60.31757925066319,0.6719310925886609,0.538292567414782,0.4812937507258475,0.06770861065812385,0.5228915662649901,0.0012048192771785635,0.4759036144578313,0.9987951807228215,0.07490589383037155,TIME_EXIT,48,-0.1037,-0.2037,0.3703,-0.4545,DISCOVERY
7676,2025-11-02 09:10:00+00:00,LONG,UPTREND,110930.2,65.27783519514934,1.3928075473293902,5.946575855052728,4.995926859411853,3.983920830236059,12.317196657440789,0.15322852950641436,0.016904935341188754,0.04592284207503017,0.14607715539434546,68.39076553347735,0.8816551616526018,0.36966527106199704,0.3832988023619064,0.04460011791197642,0.5259009009008508,0.1328828828829113,0.3412162162162378,0.8671171171170887,0.08005033796026953,LOSS,16,-0.5,-0.6,0.0628,-0.5662,DISCOVERY
7918,2025-11-03 05:20:00+00:00,SHORT,DOWNTREND,107815.5,41.40309263119653,2.55321860868532,-2.2251960046598356,64.47868217701063,-4.446628055298845,-14.78549371957439,-0.4789199294009043,-0.011565005162939013,-0.034946319817752425,-0.2755173799028113,-268.6271446628195,0.5315296557962288,0.5011991565962008,1.0620322488654965,0.1193033469213632,0.0,0.8155774395702721,0.18442256042972796,0.18442256042972796,0.31080874271325165,WIN,10,0.5025,0.4025,0.5373,-0.1414,DISCOVERY
7927,2025-11-03 06:05:00+00:00,SHORT,DOWNTREND,107544.2,37.36127538431932,-1.0908861348012806,-0.21010185121517821,11.175438704321238,-0.0704840648984657,0.18849911452619494,-0.42655681484207714,-0.019382392851163832,-0.05935339176064147,-0.3738119471065699,-301.128298675126,0.16989682360281694,0.5724264051230215,0.42552340790614923,0.3131317170056634,0.0,0.7068965517241689,0.2931034482758312,0.0,0.11325575902745376,WIN,8,0.5025,0.4025,0.5587,-0.0761,DISCOVERY
7941,2025-11-03 07:15:00+00:00,SHORT,DOWNTREND,107328.0,39.932374509295734,-2.897822239125219,3.7702112605275317,20.15149006268632,-1.9220804656015673,3.8699725382410293,-0.35619321438614376,-0.013495078545067152,-0.0335186350120531,-0.46361208057791226,-310.1038686906288,0.23635020794443867,0.35604593408716234,0.6347784455642925,0.043779349284425645,0.09047619047621028,0.3857142857142659,0.5238095238095238,0.09047619047621028,0.13696332737030412,LOSS,22,-0.4975,-0.5975,0.3762,-0.5156,DISCOVERY
7949,2025-11-03 07:55:00+00:00,SHORT,DOWNTREND,107420.5,45.19018172429438,-3.2810930672976966,-0.1555961247401001,23.19234196132581,-7.192171024655849,-14.19538380052876,-0.2498640776170817,-0.006739498519270359,-0.009339797202434497,-0.463212863320001,-310.1038686906288,0.4449095242290478,0.3729475693322908,0.620044892202231,0.06308851662391211,0.0,0.6444444444444191,0.35555555555558094,0.0,0.21364637103718562,WIN,36,0.5025,0.4025,0.752,-0.4291,DISCOVERY
7968,2025-11-03 09:30:00+00:00,SHORT,DOWNTREND,107264.4,43.25123756636493,-2.0656218772043076,-10.743380429336788,-2.338092120891755,-15.745343431131019,-55.43970696176643,-0.13055466229490778,-0.017215222228927907,-0.040657510782227124,-0.5998709114021852,-263.88093339898404,0.31462925170951217,0.7769044361163064,0.47497967016091874,0.1965493677305792,0.22727272727271747,0.4337944664031577,0.3389328063241248,0.22727272727271747,0.1886926137656191,WIN,17,0.5025,0.4025,0.6056,-0.2919,DISCOVERY
8231,2025-11-04 07:25:00+00:00,SHORT,DOWNTREND,104328.3,35.494969441208696,-2.668350430790632,0.7555480327945361,52.61839170885304,-9.75393770419123,-3.2465000747081945,-0.6302391959153903,-0.04138693583647379,-0.09651943729334089,-1.1393140095612528,-118.81938548789321,0.20280702454924776,0.7622593582565562,0.47218179055480153,0.3430037679133957,0.1419931632921367,0.4535892716276589,0.4044175650802044,0.1419931632921367,0.3645223779166371,WIN,9,0.5025,0.4025,0.509,-0.3592,DISCOVERY
8251,2025-11-04 09:05:00+00:00,SHORT,DOWNTREND,103833.8,38.42710181180485,-1.3699501929805251,-1.5166755045329197,0.20331098827162464,-11.42289976531427,-33.32243831298058,-0.4920571505619001,-0.038655301786838514,-0.10106169616680427,-1.300207269842863,-197.0919653969056,0.14737989430705853,1.033300496074129,0.8079916130454808,0.08863202540982251,0.322672577580772,0.4265357821405822,0.25079164027864587,0.322672577580772,0.30413988508559153,LOSS,26,-0.4975,-0.5975,0.2741,-0.553,DISCOVERY
8264,2025-11-04 10:10:00+00:00,SHORT,DOWNTREND,103650.1,40.34982642562207,-1.7753981352903807,-3.2446352792883886,6.336894409396535,-3.3368133655785925,-7.592053086394486,-0.43346831507892547,-0.025338868127078307,-0.07201838998782684,-1.3797549755485392,-216.1971308953381,0.2158976231786923,0.8800162217373956,0.7304911522265592,0.16693905746352503,0.0853595447490998,0.49612002069322275,0.41852043455767746,0.0853595447490998,0.18649282538076506,LOSS,12,-0.4975,-0.5975,0.0967,-0.5469,DISCOVERY
8298,2025-11-04 13:00:00+00:00,SHORT,DOWNTREND,103842.9,40.50854100312258,-2.02975121738141,-5.762431535585129,-52.753315912443554,-0.20633400212673791,4.863505872091402,-0.0905708514945559,-0.022673600268208194,-0.05743400081255068,-1.4877710324565696,-123.74537178056721,0.1611364754807559,1.0373886101698004,0.6759052210138274,0.16931826826871327,0.05576382380503516,0.6424554826616449,0.30178069353332,0.05576382380503516,0.20550273538199934,WIN,18,0.5025,0.4025,0.5994,-0.3352,DISCOVERY
8312,2025-11-04 14:10:00+00:00,SHORT,DOWNTREND,103848.1,46.47464488998508,-1.343854813356252,-0.09756711584196864,2.410566515543934,-1.4826987354081211,-8.56078441274883,-0.10755311172417129,-0.008113675334597836,-0.02830454945463856,-1.516187757267042,-99.3534612217843,0.40637681788764723,0.4493824377603481,0.6444995310348572,0.1500749652617537,0.0,0.7044400265076673,0.2955599734923326,0.0,0.14530838792427997,WIN,4,0.5025,0.4025,0.6044,-0.0794,DISCOVERY
8365,2025-11-04 18:35:00+00:00,SHORT,DOWNTREND,100310.7,30.784824126476167,-0.6248001751718704,-3.8622730915133587,1.9339148555229713,-2.07252865627936,6.712834396657399,-0.9734690140794521,-0.08477577019949667,-0.23740775586883478,-1.846004926768711,-229.59129002262648,0.08603531043572511,1.715587949180637,1.2532630555153654,0.7574466133722553,0.4133749999999964,0.5102499999999963,0.07637500000000727,0.4133749999999964,0.7975220988389076,LOSS,1,-0.4975,-0.5975,0.0747,-0.9201,DISCOVERY
8809,2025-11-06 07:35:00+00:00,SHORT,DOWNTREND,103072.9,44.03074583398868,-0.892250703546388,-9.393122071434831,-7.261547575025581,-10.741063594464038,-15.625868534730891,-0.08635269953193575,-0.02113237946547164,-0.03222758244313395,-0.344371586096033,-30.883441396316783,0.18111092043611648,0.6045733861771171,1.635111508208275,0.24913192507439474,0.00025826446278736986,0.8907541322313967,0.10898760330581601,0.00025826446278736986,0.37565645286006033,TIME_EXIT,48,-0.0721,-0.1721,0.4497,-0.3232,DISCOVERY
8872,2025-11-06 12:50:00+00:00,SHORT,DOWNTREND,102457.1,33.962251816887076,-1.2153351013937055,-8.21290859830679,-64.81597562854395,-2.7492532044020948,-32.440022483386436,-0.12718811311791756,-0.03821578147549243,-0.12739516547638496,-0.33589374470714656,-77.62932686631342,0.011829896030175441,0.9390839098058407,1.039981023809062,0.3662191297626019,0.057424593967565135,0.6624129930394771,0.28016241299295774,0.057424593967565135,0.16826554723880408,LOSS,5,-0.4975,-0.5975,0.0001,-0.6518,DISCOVERY
8953,2025-11-06 19:35:00+00:00,SHORT,DOWNTREND,101536.2,48.056408275711455,-1.3884728454598658,-2.93433682790878,-10.96210612410728,-15.161646335803553,-39.099949283302905,-0.07420507687377788,-0.010392105231915583,-0.004497638069622667,-0.6015494282695052,-204.41834977094447,0.4403925312546053,1.1373877317846348,0.40703230078466024,0.29345199052161336,0.0,0.7710027100270783,0.2289972899729217,0.0,0.29073374816075165,WIN,10,0.5025,0.4025,0.539,-0.0624,DISCOVERY
9446,2025-11-08 12:40:00+00:00,SHORT,DOWNTREND,101847.2,39.04624262523589,-4.412141257176273,-3.134422402561114,0.6992963733981696,-0.03189860998574545,26.75710785030938,-0.1646327328003446,-0.018765799651299098,-0.03357470187311806,-0.011365597600462015,-102.06275911334447,0.31081265540120895,1.1595467081861544,0.782605486881876,0.03328270192995625,0.0,0.42829643888353586,0.5717035611164641,0.0,0.20403113684028912,TIME_EXIT,48,0.1399,0.0399,0.4409,-0.2903,DISCOVERY
9458,2025-11-08 13:40:00+00:00,SHORT,DOWNTREND,101935.9,45.25407917895068,-5.11815609696658,-6.189322535605207,25.07538398004685,-8.302973058493436,-12.471211807274102,-0.11331828169453527,-0.006369308568210386,-0.0022851713385230177,-0.028286668127364367,-106.7281515258882,0.4990538731265505,0.3680868485347848,1.7041440830785057,0.0033942899410235755,0.15716612377847167,0.42874592833873004,0.4140879478827983,0.15716612377847167,0.24093572529402424,WIN,7,0.5025,0.4025,0.5284,-0.0138,DISCOVERY
9477,2025-11-08 15:15:00+00:00,SHORT,DOWNTREND,101681.3,41.26800773114958,-6.411455598057337,-7.735307441340176,7.866375779998009,-10.601135188998178,-14.400918170952203,-0.11601677337769664,-0.013998181131713583,-0.015727369220852605,-0.08005916325343404,-123.43925701313705,0.3073216705079858,0.5085920969293063,0.7409624949310631,0.14349737857402386,0.13501646542264303,0.37980241492865646,0.48518111964870053,0.13501646542264303,0.26878098529425065,TIME_EXIT,48,-0.0434,-0.1434,0.2424,-0.4931,DISCOVERY
9480,2025-11-08 15:30:00+00:00,SHORT,DOWNTREND,101504.0,36.39636882020643,-1.8082509679098706,-4.8716389109431475,-23.666376274443067,-5.860014160261869,-31.532752054441076,-0.14653498141808927,-0.024249160304201656,-0.07689204968369667,-0.08019900493105102,-123.43925701313705,0.13149819240487087,0.5818894238349753,0.5136452523576416,0.318420948928113,0.22861710631498394,0.36450839328540124,0.4068745003996148,0.22861710631498394,0.12324637452711797,LOSS,36,-0.4975,-0.5975,0.0676,-0.5546,DISCOVERY
9624,2025-11-09 03:30:00+00:00,SHORT,DOWNTREND,101495.4,36.09750502999233,1.9475006346409955,-9.896158460330561,-20.4356602696772,-0.6274299906112617,-15.544202669316306,-0.1420016726666532,-0.021175083082281,-0.0718497929501627,-0.12507016277602348,-30.3165756288858,0.10338314409857507,0.5986034610720338,1.1340485095206525,0.09190071668273513,0.06343283582092439,0.6697761194030304,0.2667910447760452,0.3302238805969696,0.10562055029094629,LOSS,9,-0.4975,-0.5975,0.0672,-0.5539,DISCOVERY
9643,2025-11-09 05:05:00+00:00,SHORT,DOWNTREND,101637.0,42.19881052744499,-2.447761679277747,-1.6875725218766249,-16.070218825686908,-6.004445259669517,-21.862606915897356,-0.047523869882542,-0.011587831233295098,-0.02962863655179282,-0.15511545242303965,-43.901962895168936,0.34788344662808063,0.6400018498493998,1.1459256736577341,0.04090537894664058,0.06944444444444296,0.603801169590673,0.32675438596488404,0.06944444444444296,0.13459665279376892,TIME_EXIT,48,-0.3232,-0.4232,0.0184,-0.3662,DISCOVERY
9797,2025-11-09 17:55:00+00:00,LONG,UPTREND,103607.6,53.447092660547,0.947934809759623,4.283993181005968,-19.111757011981595,3.0168238103977387,7.798420424094289,0.21903686638740433,0.0042774328963712804,0.010573030323013377,0.15524378924730375,230.48721335091716,0.5700144901719673,0.4918957944152159,0.28989722743530505,0.19635142595716693,0.6242424242423802,0.0030303030302589336,0.37272727272736095,0.996969696969741,0.06370189059489843,WIN,10,0.5,0.4,0.7001,-0.1299,DISCOVERY
9840,2025-11-09 21:30:00+00:00,LONG,UPTREND,104564.2,54.459306569636674,-1.5249525952807446,1.99357942636788,-24.079438126144964,4.251735661504682,20.62331235567936,0.24314828863249718,0.005779729508614828,0.02060721596539583,0.47946246731368397,282.52089083975966,0.5169691963063382,0.4824641255254962,0.3840453250195696,0.16355263082393567,0.5623471882640386,0.024449877750610378,0.41320293398535096,0.5623471882640386,0.07822945138011185,LOSS,7,-0.5,-0.6,0.2324,-0.5401,DISCOVERY
9912,2025-11-10 03:30:00+00:00,LONG,UPTREND,105986.6,55.43432112258458,2.142505635379166,0.12653634746116893,-6.375749138684952,3.503312431619392,-1.9106258112368835,0.24485870278464533,0.011179062469568457,0.019814026114750583,0.9050914174094016,236.55319492359376,0.7730157061619594,0.511218346730955,1.1479051035008745,0.18963953933801264,0.5288115246098604,0.038415366146422304,0.4327731092437173,0.9615846338535777,0.15718968246929876,TIME_EXIT,48,0.2675,0.1675,0.4835,-0.1761,DISCOVERY
9915,2025-11-10 03:45:00+00:00,LONG,UPTREND,106099.9,58.017348982097225,-1.8658656076977778,2.5830278595126472,10.925367775303329,0.6205677555728357,17.30111691398828,0.2501143125381292,0.016228450310507014,0.05896688814364115,0.9041249051168123,236.55319492359376,0.8382369667885007,0.5391162442065839,0.6621726614552071,0.2962231821142249,0.7115384615384616,0.0006410256409696721,0.2878205128205688,0.7115384615384616,0.14703124131125478,TIME_EXIT,48,0.2612,0.1612,0.3762,-0.2827,DISCOVERY
9954,2025-11-10 07:00:00+00:00,LONG,UPTREND,106263.3,57.67007852149255,4.542293760556163,-0.4769722254246034,7.3874518167805086,5.491421197826387,5.052219089626362,0.10757180734505309,0.012228079112541757,0.02076854108079562,1.1070880785598407,120.20879272269303,0.9569831181252191,0.2894235924298652,1.0985147708839615,0.15022825378093574,0.40403458213251453,0.039193083573503804,0.5567723342939817,0.9608069164264962,0.16327367962410352,TIME_EXIT,48,-0.2294,-0.3294,0.2886,-0.4547,DISCOVERY
10419,2025-11-11 21:45:00+00:00,SHORT,DOWNTREND,102442.6,33.031532108418986,-2.3116251923758995,-3.3280262854059117,-29.357123729924695,-5.433360339890214,-23.908367486338506,-0.24867253528856914,-0.03452481957247899,-0.10213618491154985,-0.2657332980866239,-233.63242289471486,0.01702919008247664,0.7210919892042053,0.7740773501518755,0.3130533586613353,0.09207317073174281,0.3981707317073348,0.5097560975609223,0.09207317073174281,0.16008965020411428,LOSS,7,-0.4975,-0.5975,0.0013,-0.5382,DISCOVERY
10457,2025-11-12 00:55:00+00:00,SHORT,DOWNTREND,102838.4,45.24841374582763,-1.2177494937599533,-4.025975043088863,-24.44274832652446,-3.878098562707237,-6.844750586140776,-0.014324927854550851,-0.011154070621932632,-0.02112462758915301,-0.4358624418400803,-142.6509928720443,0.1544656175958848,0.3976046010571087,1.1059961992993543,0.20648415377913423,0.2513303315595311,0.6197298403602413,0.1289398280802277,0.2513303315595311,0.23755717708560511,LOSS,16,-0.4975,-0.5975,0.2035,-0.5074,DISCOVERY
10665,2025-11-12 18:15:00+00:00,SHORT,DOWNTREND,101597.1,42.353969263915275,-0.3640747295181157,-4.4233820206760015,76.35258447626325,-9.551657534139053,-38.760117065174256,-0.6641681154456143,-0.01728203452454613,-0.05829144713839218,-0.43438484470251687,-206.38360275903705,0.4718738348195369,0.6560384514014119,0.43031986380242065,0.06712790030422378,0.2931754874652097,0.576601671309189,0.13022284122560118,0.2931754874652097,0.14134261706289433,WIN,10,0.5025,0.4025,0.5912,-0.1998,DISCOVERY
10673,2025-11-12 18:55:00+00:00,SHORT,DOWNTREND,101493.6,42.87557085114194,1.1371305386427863,1.6996093232473086,26.79843125968094,-1.2376310209763233,-22.054727825330502,-0.5464917655574427,-0.015308895827870206,-0.06356657640418373,-0.4348278167857488,-206.38360275903705,0.2815804576023791,0.630755702869117,0.44157432031816146,0.3955076970370482,0.0009661835747948681,0.6396135265700202,0.3594202898551849,0.3603864734299798,0.1019768734186195,WIN,6,0.5025,0.4025,0.7771,-0.029,DISCOVERY
10926,2025-11-13 16:00:00+00:00,SHORT,DOWNTREND,101145.9,32.87902230169824,-2.3708287528572924,-0.38756847737030853,-109.13174797424682,-2.672434165945475,-10.314747453250789,-0.39606416703754477,-0.08020322365343002,-0.22987567497773087,-0.4127636875568788,-33.34771402836897,0.07411842316770065,2.1095465352095606,0.7645875563089857,1.1724350665721595,0.13948339483394118,0.38794587945878745,0.4725707257072714,0.13948339483394118,0.40189468876148216,WIN,5,0.5025,0.4025,0.5157,-0.234,DISCOVERY
10939,2025-11-13 17:05:00+00:00,SHORT,DOWNTREND,100390.1,31.728764384608823,-2.8653558194282738,-4.830500032949722,-28.739416604618555,-10.404783277905835,-22.380827651002278,-0.6088183592973365,-0.0762433411185981,-0.2079097860829604,-0.5137448275364753,-144.1500317939823,0.04570247771012989,1.544506178445964,0.9474309765638469,0.19263353657382026,0.0002601456815968322,0.41805411030176776,0.5816857440166354,0.0002601456815968322,0.3829062825916043,WIN,7,0.5025,0.4025,0.602,-0.3563,DISCOVERY
11120,2025-11-14 08:10:00+00:00,SHORT,DOWNTREND,96864.5,43.478708610502345,-0.5540127823701653,-3.7512695851831097,-3.227059837316162,-12.80002177807863,-45.04904264365271,-0.37774320083536195,-0.028616281509952213,-0.07395533249917596,-1.7087556630186045,-159.22131095538407,0.3127742975797406,1.235506030805188,0.5212856754857242,0.5249007634375903,0.2753846153846154,0.6193846153846243,0.10523076923076027,0.2753846153846154,0.33552023703214284,LOSS,1,-0.4975,-0.5975,0.0557,-0.5965,DISCOVERY
11142,2025-11-14 10:00:00+00:00,SHORT,DOWNTREND,96743.8,43.11355226185532,-1.192991580588199,-1.177115255314284,-39.12140458113382,-2.3683686236731916,-9.99820239151061,-0.23031388327949126,-0.028608594958423605,-0.08179286909149042,-1.824144628838193,-139.10246642649577,0.14934024863468687,0.9267144256234104,0.7782171307383079,0.1299618166745527,0.2467474203678844,0.46433378196501884,0.2889187976670967,0.2467474203678844,0.23040236170172576,LOSS,7,-0.4975,-0.5975,-0.0001,-0.5286,DISCOVERY
11290,2025-11-14 22:20:00+00:00,SHORT,DOWNTREND,94898.9,47.679284617407895,-0.8211161213087905,-8.604233350154828,41.502338530031864,-9.736526458291763,-53.723259053023696,-0.27395478895884967,-0.004999856592358132,-0.0341525408886767,-2.283004862484838,-11.725654892872626,0.5847556756747229,1.1439961379568804,0.4215467159398106,0.5691135513688668,0.20025784271590827,0.6446067898581945,0.15513536742589717,0.20025784271590827,0.24520832169814097,LOSS,2,-0.4975,-0.5975,0.0233,-0.5702,DISCOVERY
11786,2025-11-16 15:40:00+00:00,SHORT,DOWNTREND,95374.4,45.272652620801324,-0.19217078141861776,-0.7920819906321768,4.038848830937738,-0.6867757629437392,-4.319616565659203,-0.12964124626268633,-0.0058316855012785496,-0.01931041449159121,-0.6079751291507645,-15.329949949932583,0.3352914537544042,0.30247870256344705,1.047807052309194,0.006107508933211731,0.30832356389205096,0.6471277842907928,0.04454865181715626,0.30832356389205096,0.0894369977687811,WIN,2,0.5025,0.4025,0.9069,-0.0242,DISCOVERY
11853,2025-11-16 21:15:00+00:00,SHORT,DOWNTREND,93657.5,34.32278953746052,-1.9104586600536706,-3.7121836728246365,-65.28310533751811,-7.273827106824989,-34.6587227873187,-0.2205530721062264,-0.04851125472468132,-0.1416372296551116,-0.9123940232533635,-179.85457130442654,0.008799592296115488,1.0504138912741625,1.2777216951173462,0.04337613111603449,0.15351913084553825,0.43032593292391363,0.4161549362305481,0.15351913084553825,0.22603635587112306,WIN,9,0.5025,0.4025,0.5863,-0.1561,DISCOVERY
12067,2025-11-17 15:05:00+00:00,SHORT,DOWNTREND,94302.8,43.889610266362375,-5.35643841688433,-8.218467392466096,58.97516804904795,-45.991318765562895,-106.95198503307948,-0.24135205450248626,-0.03635627358105076,-0.029700942011379183,-0.4293591966024487,-24.56845602455293,0.4753519418548854,2.2836233979785683,0.9356475587548975,1.2160932655233965,0.20854359816922768,0.3738997770214699,0.4175566248093024,0.20854359816922768,0.9035786848322545,WIN,2,0.5025,0.4025,0.6044,-0.3791,DISCOVERY
12075,2025-11-17 15:45:00+00:00,SHORT,DOWNTREND,94087.0,43.87291421910078,-1.392604034166645,-1.0182488336540558,-26.66260497991992,-1.7386022874460991,-5.321256267754336,-0.3126523547637865,-0.0321484541166428,-0.09316167950043086,-0.4303439842418337,-24.56845602455293,0.2982943796399165,1.9468897874512423,0.36802571052842203,1.4482447096835913,0.20328891409128916,0.5197051318401033,0.27700595406860756,0.20328891409128916,0.3748658156812281,WIN,3,0.5025,0.4025,0.5686,-0.0923,DISCOVERY
12114,2025-11-17 19:00:00+00:00,SHORT,DOWNTREND,92397.3,34.32573881648983,-1.9561286513661926,-7.961221227135923,12.057067168102094,-5.545687901171846,-2.9152854725392103,-0.5985440543696475,-0.04889020670257871,-0.12769268588220806,-0.7295162350725953,-262.61779233943633,0.1928091018177704,1.3338414809589652,0.7008980266820499,0.5776142809367775,0.2594830480027003,0.38167170191339145,0.3588452500839083,0.2594830480027003,0.3224120185330028,WIN,6,0.5025,0.4025,0.5399,-0.1965,DISCOVERY
12133,2025-11-17 20:35:00+00:00,SHORT,DOWNTREND,91500.1,34.476367403945005,-2.988709708670264,-8.130071244038781,26.899971284337198,-5.183669973488804,14.027195608132104,-0.7002751473485206,-0.04611568488662732,-0.1063289531721967,-0.8799007541875453,-341.8112047301323,0.20719249492130612,1.4432117815369299,0.5486401177837289,0.3546089020667724,0.10342777887856239,0.5882702595601385,0.30830196156129913,0.10342777887856239,0.5515840966294152,LOSS,2,-0.4975,-0.5975,0.032,-0.5058,DISCOVERY
12167,2025-11-17 23:25:00+00:00,SHORT,DOWNTREND,91856.8,43.266901967370195,-2.2404536837017375,-3.750488088380415,-34.41295403790682,-6.971773328081419,-33.4565346817118,-0.13054089370071528,-0.017862878684948846,-0.054075968721734036,-1.1239940933922044,-290.58362029960017,0.1754115528588612,0.6632199940083652,0.9445432355536708,0.244464753834208,0.27529411764707595,0.36058823529413475,0.3641176470587893,0.27529411764707595,0.1850706752249153,LOSS,8,-0.4975,-0.5975,0.1123,-0.521,DISCOVERY
12244,2025-11-18 05:50:00+00:00,SHORT,DOWNTREND,90111.0,47.00856895972426,-2.4252743503023666,2.551775914142553,50.16759424577009,-5.237003989726077,-15.087417834054094,-0.41582155268712095,-0.00588979720567151,-0.020742959046893272,-1.5757220826783491,-239.96948810452318,0.6059304267651946,0.7774983014138067,0.34905528396306207,0.5511119619136269,0.1699999999999888,0.4084615384615273,0.4215384615384839,0.1699999999999888,0.2885330314833927,WIN,9,0.5025,0.4025,0.6629,-0.125,DISCOVERY
12574,2025-11-19 09:20:00+00:00,SHORT,DOWNTREND,91134.4,41.22835205082128,-3.281366990110591,-1.8334559645356379,-75.29496482133113,-1.6566047522159266,9.545479944738318,-0.0030697205283377457,-0.030383159049374164,-0.06574633390210582,-0.7245085255972777,-112.96349735201224,0.09082018048964041,1.1494379368433558,1.0829971486095842,0.8056919231377083,0.1967159277503914,0.42003284072247676,0.3832512315271318,0.1967159277503914,0.334121912252673,LOSS,9,-0.4975,-0.5975,0.0127,-0.5658,DISCOVERY
12685,2025-11-19 18:35:00+00:00,SHORT,DOWNTREND,89050.0,37.98750954984007,0.3660884163033913,-0.5601988277996881,21.66525962554232,-3.660510591583659,-28.781837918749318,-0.6180563887056609,-0.03569018110008981,-0.12268204663342663,-0.9445123204747904,-196.17521391412993,0.19925048944067011,0.9165626931182969,0.6960735909509344,0.4118893879842851,0.18548387096772342,0.7741935483871148,0.0403225806451617,0.22580645161288512,0.3202695115103842,WIN,14,0.5025,0.4025,0.5079,-0.3359,DISCOVERY
13000,2025-11-20 20:50:00+00:00,SHORT,DOWNTREND,86456.1,43.92661000259352,-1.86330904038131,-2.361638741567617,29.38250032296486,-12.99699150251945,-35.23529395301176,-0.6510460049475723,-0.0221545030240633,-0.048595295149767015,-1.1790566793829949,-618.4733565041231,0.25848041868117494,0.7577515590427325,0.5727973511089117,0.05280136392920127,0.000393545848114201,0.6257378984651568,0.37386855568672894,0.000393545848114201,0.2939063871722247,LOSS,4,-0.4975,-0.5975,0.1463,-0.5192,DISCOVERY
13059,2025-11-21 01:45:00+00:00,SHORT,DOWNTREND,87114.2,48.17320344813944,-2.48772062095928,2.065971929478735,4.286767671224517,-0.9857488284300402,3.7623706144176268,-0.08125208677726009,-0.005378656251342484,-0.01140703446710356,-1.659726295351955,-271.07204064155974,0.3516136168099883,0.49018356419051146,0.4095350561317692,0.15958936660153475,0.07285429141712421,0.4810379241516815,0.44610778443119425,0.07285429141712421,0.23004286327601492,WIN,4,0.5025,0.4025,0.6436,-0.1293,DISCOVERY
13069,2025-11-21 02:35:00+00:00,SHORT,DOWNTREND,86323.7,35.055333711201754,-3.159664665511926,-6.534066243862711,-58.28156435833071,-2.344961675844388,3.5137839061226117,-0.2737172459202395,-0.05618781415350771,-0.1492083167167424,-1.7299784965676184,-210.35520158256054,0.07252751834344705,1.494429370990117,0.7557479267197066,0.2758020103401546,0.1530668127053522,0.4038882803943077,0.4430449069003401,0.1530668127053522,0.42305878918535367,WIN,1,0.5025,0.4025,0.6476,-0.157,DISCOVERY
13085,2025-11-21 03:55:00+00:00,SHORT,DOWNTREND,85782.5,42.281291696434586,-2.0882715489998276,-4.750870898028495,59.23588633725785,-2.634346292738087,20.559739074071956,-0.5236978427279242,-0.02379521840584209,-0.046317003173246274,-1.8884132600303476,-255.45361109554483,0.4163561010584166,1.6425762868478209,0.32542526001093863,0.29056042899192724,0.01879699248120275,0.4868421052631786,0.4943609022556187,0.01879699248120275,0.24806924489260967,WIN,9,0.5025,0.4025,0.5092,-0.2196,DISCOVERY
13090,2025-11-21 04:20:00+00:00,SHORT,DOWNTREND,85647.0,40.49351404902253,0.6052697139549252,1.9028916267786542,34.01365598439094,-1.3176182177327291,-9.653854369758108,-0.5084159216307063,-0.025178311081552884,-0.08335063518518648,-1.98752123444509,-235.84017178207273,0.390056664323855,0.8562692243370581,0.39432554275988485,0.39931929898304047,0.26434782608696916,0.6565217391304348,0.07913043478259604,0.34347826086956523,0.26854414048361297,LOSS,7,-0.4975,-0.5975,0.3504,-0.5219,DISCOVERY
13143,2025-11-21 08:45:00+00:00,SHORT,DOWNTREND,83700.0,35.14043269911366,-0.8359080270273438,-4.365953540781327,0.8709854738281706,-10.110555628016755,-30.38172657092889,-0.7722420473498199,-0.07986127618280214,-0.22325010958443858,-2.3498673346822545,-179.24539382879084,0.25775124602221433,2.866076372971768,0.3517535124734747,0.4691696535245006,0.0421554252199409,0.7027126099706563,0.25513196480940276,0.0421554252199409,0.3259259259259294,WIN,7,0.5025,0.4025,0.53,-0.3092,DISCOVERY
13145,2025-11-21 08:55:00+00:00,SHORT,DOWNTREND,83609.6,33.98224910649398,-0.7436982870710125,-1.9940916196470226,-6.921228008122284,-2.8951240026045184,-17.90276910996721,-0.8016637549173443,-0.07533454309975873,-0.2310798278237547,-2.352408047794807,-179.24539382879084,0.24473368548175928,2.3110830543448024,0.2219595241697157,0.361555371631981,0.0,0.7535729753140077,0.24642702468599226,0.0,0.2761644595835815,WIN,6,0.5025,0.4025,0.7104,-0.4177,DISCOVERY
13182,2025-11-21 12:00:00+00:00,SHORT,DOWNTREND,82185.1,37.54452462322501,-1.7295951187932275,-0.8890404045464706,-26.385479255993147,-9.631182262221273,-41.15806195840048,-0.6543276647755029,-0.050170044647901424,-0.14741336337560362,-3.056217169122262,-318.2806706293886,0.17094986672795903,1.561417135474102,1.0600371635694932,0.13061674196418022,0.3785058977719757,0.3748361730013106,0.24665792922671367,0.3785058977719757,0.4641960647367953,WIN,4,0.5025,0.4025,1.7971,-0.1944,DISCOVERY
13788,2025-11-23 14:30:00+00:00,LONG,UPTREND,86833.3,56.75118952131817,2.410267021096402,6.501483399462387,-6.250732948143408,4.0932693372629245,-4.688742509750654,0.2088248772913452,0.018768520503220643,0.03387992902861292,0.13924206282064952,92.08980975612752,0.7306135068179607,0.8799372998245988,0.7422549646526742,0.2672217916398332,0.3810055865921625,0.1424581005586592,0.47653631284917825,0.8575418994413407,0.20614211368219335,WIN,18,0.5,0.4,0.5361,-0.492,DISCOVERY
13804,2025-11-23 15:50:00+00:00,LONG,UPTREND,87019.9,63.780275870430415,3.211449755067342,1.190070943630019,32.97362295526388,5.140872453005095,16.979807983536958,0.1701392342420655,0.03114375394610569,0.08535123926154409,0.1798907457503199,70.62428260352311,0.9820266960461513,0.7123038278154225,1.4450521873684594,0.027304099407157802,0.38608010505582263,0.000656598818160334,0.613263296126017,0.9993434011818396,0.17501743853992352,WIN,3,0.5,0.4,0.5195,0.0,DISCOVERY
13812,2025-11-23 16:30:00+00:00,LONG,UPTREND,87231.9,64.02464261549127,6.760955203329914,5.5896664511436995,12.351157284793914,7.223288913915638,-17.315413458622842,0.2321999365561593,0.03373313243031362,0.05011199616211659,0.24836790279888607,83.639858791459,0.8519167776305447,1.1061392236095613,1.5757746454560766,0.061408154585655766,0.3682556312205468,0.09926663174439089,0.5324777370350624,0.9007333682556091,0.4376839206758112,LOSS,5,-0.5,-0.6,0.1779,-0.6867,DISCOVERY
13850,2025-11-23 19:40:00+00:00,LONG,UPTREND,87581.4,65.53845612371288,1.1370173510659072,7.176895354902889,52.11328177879773,0.3631080154638511,11.2334292174571,0.22637592787698385,0.04578871907934268,0.1418697133821034,0.35435493911982324,36.27527885191034,0.9469409055325065,1.1284872244933335,0.8177993968885682,0.1385539623710097,0.38683680322359654,0.28274009402288425,0.3304231027535192,0.7172599059771158,0.1700132676572813,LOSS,18,-0.5,-0.6,0.0816,-0.5497,DISCOVERY
14147,2025-11-24 20:25:00+00:00,LONG,UPTREND,88840.9,64.96146002365515,3.9825155337757963,5.424446078777805,-6.82663853151584,16.027957159631427,45.801104025448296,0.49521315981678576,0.040483806843782943,0.10013334944523056,0.49572888632626055,189.2835852552342,0.8675547551599782,0.8386335497491086,1.6740525264921862,0.2532167053688018,0.4371494556251978,0.040250742329301904,0.5225998020455003,0.9597492576706981,0.34117169006618103,LOSS,38,-0.5,-0.6,0.3787,-0.6292,DISCOVERY
14481,2025-11-26 00:15:00+00:00,LONG,UPTREND,87560.0,56.089886586903106,4.019310739033564,-0.6257531579529996,-12.813047494325048,8.394613058901214,6.904839899974704,0.14130967022373297,0.017607419463616658,0.02568417596251482,0.14514347196398625,2.1023551014111916,0.6491403195984762,0.6661548610192138,0.9474885450072427,0.10429990863409279,0.40766550522649586,0.0,0.5923344947735042,1.0,0.26222019186843976,WIN,16,0.5,0.4,0.5024,-0.3071,DISCOVERY
14713,2025-11-26 19:35:00+00:00,LONG,UPTREND,89830.0,58.72335086746529,-1.2073924069757567,2.0822081542727204,-105.03958869365363,3.6855779879425654,5.956225502200198,0.8150681998706608,0.015977237356779028,0.048801922532382136,0.3276945224871252,292.72947947759985,0.37762136092285153,0.7682018898127251,0.3725376159074724,0.033916842925524694,0.7691850089232506,0.0,0.23081499107674935,0.7691850089232506,0.1871312479127305,WIN,23,0.5,0.4,0.7107,-0.4133,DISCOVERY
14778,2025-11-27 01:00:00+00:00,LONG,UPTREND,90601.9,63.808647516699665,6.848542334942948,3.5269265324334143,22.56600109750417,12.634292559521825,24.422880215796383,0.188541173872803,0.029826489442830173,0.05820340097453247,0.915982727441606,284.72350525569937,0.993605830601471,0.5993422821893987,1.2799080244972205,0.17520603872544693,0.368705035971223,0.00035971223023676535,0.6309352517985403,0.9996402877697632,0.3068368323401606,WIN,11,0.5,0.4,0.6547,-0.1209,DISCOVERY
14780,2025-11-27 01:10:00+00:00,LONG,UPTREND,90630.8,61.84225320558025,-6.2792387038419974,4.882148023823532,38.04889634540527,0.21367349780284428,28.117187807422923,0.21269117910795474,0.026054699322175523,0.0974794340904861,0.9156906424018285,284.72350525569937,0.8728558249536167,0.765981449345519,1.5594446972216491,0.539275831174407,0.5531574740207925,0.00879296562754412,0.43804956035166337,0.5531574740207925,0.2760650904549134,WIN,9,0.5,0.4,0.6226,-0.099,DISCOVERY
14826,2025-11-27 05:00:00+00:00,LONG,UPTREND,91208.4,52.5974405592756,-1.2278931511649986,0.25021787234302906,-3.4009828112341722,1.8317140156728513,12.744862404361967,0.17010488066752316,0.0037550216660520164,0.01561038834148043,1.240661083527186,206.9391945002351,0.7050859589052861,0.30935552431178764,0.5918945146412954,0.06054815126675972,0.7080701754385557,0.12000000000004085,0.17192982456140352,0.7080701754385557,0.15623560987803756,TIME_EXIT,48,0.2748,0.1748,0.3416,-0.3997,DISCOVERY
14856,2025-11-27 07:30:00+00:00,LONG,UPTREND,91391.7,59.73682559349123,0.22921976769067953,3.61710777068312,17.837901017200515,3.08130647158184,13.562118198245685,0.09425064627917318,0.01605612806920842,0.04538668938534052,1.3095944992023494,113.46519573067985,0.8208974732222802,0.5608088195024216,1.036129321630822,0.457897161339592,0.8632567849686281,0.08663883089773129,0.05010438413364055,0.9133611691022687,0.10482352336153382,WIN,25,0.5,0.4,0.5911,-0.2347,DISCOVERY
14868,2025-11-27 08:30:00+00:00,LONG,UPTREND,91293.2,51.30540210858073,-2.019833376535658,4.495171642402717,-9.234835332965481,0.4167036398303452,6.272349796082203,0.07421417643950141,0.000512647006445377,0.006713956605985949,1.3504101421332764,88.1697322334295,0.48866751016675414,0.3315232834489604,0.8965390987146767,0.07967734727231081,0.6921182266009742,0.0,0.30788177339902584,0.6921182266009742,0.08894419299575115,WIN,12,0.5,0.4,0.5988,0.0,DISCOVERY
14898,2025-11-27 11:00:00+00:00,LONG,UPTREND,91559.9,52.1847965395469,-0.3268031474720061,3.8141963748467163,-12.350622468522364,3.3746378694367785,15.39491742764977,0.093660700275651,0.0027899033661515915,0.010448788756867167,1.4327937633600294,22.776144448113996,0.45298928495672713,0.4777872615594308,0.4302377625132548,0.07795170156367326,0.8461538461537799,0.03155818540416885,0.12228796844205123,0.8461538461537799,0.05537358603493134,LOSS,20,-0.5,-0.6,0.0189,-0.5482,DISCOVERY
15239,2025-11-28 15:25:00+00:00,LONG,UPTREND,92616.6,61.945451156747055,0.04102173834330358,7.466385858356283,8.094763987135593,12.086500264975712,61.4166147941269,0.30980982653658184,0.042367030104006886,0.13432246320874697,0.8670429288724946,38.01331397349742,0.796802100833193,1.0449093093776456,0.39424554955402197,0.4328111807170749,0.8517200474495772,0.1352313167259166,0.01304863582450626,0.8647686832740834,0.18204080046124696,LOSS,7,-0.5,-0.6,0.1371,-0.5928,DISCOVERY
15600,2025-11-29 21:30:00+00:00,LONG,UPTREND,90936.9,64.78451969068873,1.4360077037009233,7.878617652015251,18.193637644336974,0.318487093524773,0.8201498208706965,0.08224173664118005,0.019385939157245957,0.05559745227536883,0.030989461571795895,32.704873876543175,0.8084148051505796,0.7966746553664777,0.296355309004199,0.11734510413263687,0.548437500000091,0.00937500000009095,0.4421874999998181,0.990624999999909,0.07037847122565208,TIME_EXIT,48,0.0238,-0.0762,0.0914,-0.3122,DISCOVERY
15630,2025-11-30 00:00:00+00:00,LONG,UPTREND,90815.5,53.18398902069614,3.703699235014305,7.5461487307935755,3.6926522491866822,2.913847154267852,3.0450698395653824,0.01971506115337577,0.004540875656355858,0.0042624190465856415,0.03618494451352082,33.616580394922664,0.7493146660720122,0.23457245890150316,2.074511429419269,0.06966046544919276,0.4081871345028559,0.0,0.5918128654971441,1.0,0.09414692425852415,TIME_EXIT,48,0.1117,0.0117,0.2208,-0.4421,DISCOVERY
15732,2025-11-30 08:30:00+00:00,LONG,UPTREND,91137.5,63.00358331511468,1.569643845392548,1.7408812709167307,21.333790398450773,0.4947744358176749,17.85654813287706,0.0911373475523651,0.018991680854218984,0.07260376184481387,0.047365904750293876,23.823090105837416,0.9461504890380342,0.4511036013435365,2.56706231230098,0.10061994239471664,0.6618236472945744,0.1748496993987761,0.16332665330664953,0.825150300601224,0.21900973803318202,TIME_EXIT,48,0.0336,-0.0664,0.4855,-0.2833,DISCOVERY
15738,2025-11-30 09:00:00+00:00,LONG,UPTREND,91177.9,59.92428900984971,2.0726807907260607,0.9132692846444499,10.212482250844843,0.10444610552168854,-0.7790967076868114,0.11234704416899927,0.015788518062875845,0.046066908751374314,0.06555377113738599,38.972088144215824,0.8262044698543111,0.5257695667062553,0.8711877105467681,0.06250418138604935,0.5955357142858182,0.0,0.40446428571418175,1.0,0.12283678391364575,TIME_EXIT,48,0.3137,0.2137,0.441,-0.2759,DISCOVERY
15785,2025-11-30 12:55:00+00:00,LONG,UPTREND,91432.4,64.56869007429101,0.9625473074207704,0.4250751220298383,35.95922575391267,0.7551491031169419,12.395907253808438,0.06949925490911829,0.02063327061057052,0.06717312698223399,0.11008349460534812,44.85383909750426,0.9305953141371401,0.598752924253275,0.5506239264871994,0.10202619640301354,0.7664233576642607,0.0,0.2335766423357393,1.0,0.08990248533342349,WIN,5,0.5,0.4,0.549,-0.0827,DISCOVERY
15967,2025-12-01 04:05:00+00:00,SHORT,DOWNTREND,86150.1,33.04601907199553,-0.5096803842626656,-1.3616489819644215,39.05824526330025,-2.217313771442946,2.8968757063465773,-1.0022132358892046,-0.04298181118264077,-0.11885429713864859,-0.7936108141724182,-599.2101500452966,0.19259064248730498,1.1460669793893679,0.5361359983268635,0.7142156538413605,0.0005521811154379766,0.8564329099944828,0.14301490889007923,0.0005521811154379766,0.21021449771968437,WIN,4,0.5025,0.4025,0.5651,-0.1121,DISCOVERY
16097,2025-12-01 14:55:00+00:00,SHORT,DOWNTREND,86017.3,49.8043144200116,1.1534068115929088,0.7896519343659918,-2.3526050244334584,-5.240780308851569,-37.389136774950515,-0.051993800295053995,-0.0012848910731722007,-0.018911775099617056,-1.7805477343769291,-83.5245664770132,0.5074248186796142,0.876889042570553,1.0496309628517426,0.13328714107510253,0.03689806128831396,0.8545966228893072,0.1085053158223789,0.14540337711069287,0.3717856756722228,WIN,3,0.5025,0.4025,0.5757,-0.0844,DISCOVERY
16143,2025-12-01 18:45:00+00:00,SHORT,DOWNTREND,84770.2,44.57356148265975,0.2788415597289102,-7.183068236428326,-33.33691627584512,-16.92738449730708,-77.42477844782593,-0.11723570992735254,-0.027854533343141252,-0.08083477617306656,-2.0755184766114096,-70.8981384350941,0.2775855218855271,1.2230273289790057,0.636493981138647,0.7304158772776317,0.22267573696147763,0.7269841269841402,0.05034013605438217,0.27301587301585983,0.26011499324054915,LOSS,2,-0.4975,-0.5975,0.0336,-0.5947,DISCOVERY
16511,2025-12-03 01:25:00+00:00,LONG,UPTREND,91852.8,61.341385966796814,0.10481478993106919,4.412652596746447,65.67454688158185,1.393543476689203,21.53093799342229,0.07408230319320783,0.03435760914749508,0.11009295346184889,1.112096661018999,210.3687209728182,0.9245726878563685,1.0740792953824856,1.380010072309777,0.3596624163879605,0.5739726027397127,0.40730593607304605,0.01872146118724119,0.5926940639269539,0.2384249581939799,WIN,5,0.5,0.4,0.6672,-0.0575,DISCOVERY
16545,2025-12-03 04:15:00+00:00,LONG,UPTREND,92858.4,61.494962435644396,0.9256616558825144,5.879627277551634,-21.773193490944323,7.340786750608004,26.073945343426175,0.34633078978867016,0.021431734403543068,0.06112649825773531,1.4016930078291518,161.02700563959797,0.9166913263007369,0.37977430990403227,0.6917542783772938,0.022580078915853424,0.5683760683760938,0.253968253968285,0.1776556776556212,0.746031746031715,0.17639761184771965,WIN,2,0.5,0.4,0.6141,-0.1706,DISCOVERY
17228,2025-12-05 13:10:00+00:00,SHORT,DOWNTREND,91068.9,42.55313476040026,-4.280213252334377,-3.730396960684452,-3.9484475181062066,-3.6763839850907303,-8.155578793341896,-0.17013128206196002,-0.014866326635387672,-0.039435056574488314,-0.07747525729084899,-99.00243498292247,0.12479981862514664,0.39128497529717937,1.5294736052225348,0.06398177643520647,0.014526894385540369,0.5685119748723597,0.41696113074209995,0.014526894385540369,0.2796783534225154,WIN,3,0.5025,0.4025,0.5923,-0.0137,DISCOVERY
17247,2025-12-05 14:45:00+00:00,SHORT,DOWNTREND,90054.1,31.103697320254682,-2.3781549248216294,-10.486693037496252,-25.85250993381905,-6.49658073222858,-24.911518161388415,-0.40343524181010265,-0.0532858373895273,-0.1554961887150097,-0.1691605490255678,-141.97398990022822,0.07507829546018527,1.2434492775672847,1.7014226438367872,0.39447121230459065,0.17898982139429528,0.6020741309775168,0.2189360476281879,0.17898982139429528,0.5782079883092626,LOSS,3,-0.4975,-0.5975,0.138,-1.244,DISCOVERY
17333,2025-12-05 21:55:00+00:00,SHORT,DOWNTREND,89145.1,41.108969024786006,-1.4071927888933686,-2.383888198194967,-27.233249802855184,-0.4924145202349486,-8.52036701767156,-0.09145910870979805,-0.016604894635785516,-0.05405944591736489,-0.8262946533828607,-185.5554885129368,0.1753540963489616,0.5815074340200225,0.7011137276495525,0.08657794988170187,0.39509105304835773,0.35866983372923095,0.24623911322241135,0.39509105304835773,0.14167912762451657,TIME_EXIT,48,-0.1687,-0.2687,0.3246,-0.3626,DISCOVERY
17389,2025-12-06 02:35:00+00:00,SHORT,DOWNTREND,89170.5,41.99655292975054,-3.006003653506653,-5.919243426353212,-15.286676693694329,-2.2929259938425055,-2.3376491320677975,-0.00764598836321701,-0.010045715204154426,-0.0205725104511556,-0.9936378685126439,-8.671912559549583,0.08473075208900627,0.31005321810740366,0.4992628392977927,0.058993725503401324,0.0020040080160028434,0.6032064128257504,0.3947895791582468,0.0020040080160028434,0.11192042211269748,LOSS,6,-0.4975,-0.5975,0.0119,-0.5563,DISCOVERY
17789,2025-12-07 11:55:00+00:00,SHORT,DOWNTREND,89109.4,42.422866986982214,-1.1511073506847183,-4.833094766042471,-7.121012072032656,-1.794261653133347,-8.1219699400703,-0.0613701222648866,-0.008111883077988047,-0.023998514805112503,-0.48160416297695385,-1.8857230997592467,0.15499825487899246,0.2604925634201908,0.4686891272961787,0.12169872089813981,0.0031545741322169724,0.5173501577285705,0.4794952681392125,0.0031545741322169724,0.03557424918134012,LOSS,10,-0.4975,-0.5975,0.0391,-0.5033,DISCOVERY
17949,2025-12-08 01:15:00+00:00,LONG,UPTREND,90664.8,63.63892865464087,0.8435084521162395,8.249495133783086,53.506562142513104,2.253160628912994,20.586912427512758,0.03175899441652273,0.041021080102909835,0.12816901146976978,0.054915663390872754,54.43314247541227,0.9353110011402161,0.9853860000868735,0.8415799898787916,0.37841036433103736,0.4752429430819123,0.36372049976859994,0.1610365571494878,0.6362795002314001,0.23835049545136733,WIN,2,0.5,0.4,0.6156,-0.0567,DISCOVERY
17985,2025-12-08 04:15:00+00:00,LONG,UPTREND,91091.2,52.990179635525415,0.9109218739853517,3.1741760294246575,-29.638394571689375,5.793566938640993,16.847978400494256,0.18206223515519074,0.002267618470308541,0.002069572927543284,0.2201836712291971,102.55295482075468,0.3909448333574569,0.48987472055685694,0.42159111238615243,0.04461188347501964,0.3796791443851287,0.38502673796793835,0.23529411764693295,0.6149732620320616,0.08211550621794741,WIN,28,0.5,0.4,0.5282,-0.0932,DISCOVERY
18003,2025-12-08 05:45:00+00:00,LONG,UPTREND,91333.8,58.629039651499006,1.3330536049363246,-3.384166953931981,10.713021172517621,0.23506545101881215,-1.1940571490520568,0.15906592397669708,0.01343676450504816,0.03699901932330274,0.2695127526361063,105.33726405019297,0.8137788721205738,0.44612664704012606,0.7519203387225796,0.019212493074853537,0.44109589041111835,0.16575342465741463,0.393150684931467,0.8342465753425854,0.07992659891518802,WIN,22,0.5,0.4,0.5849,-0.1405,DISCOVERY
18024,2025-12-08 07:30:00+00:00,LONG,UPTREND,91645.2,64.2758029421777,-1.1338667500231736,9.349197515112536,10.6570948854405,3.6751392429673615,23.299616009349904,0.18074803473824322,0.02133962679218282,0.06922661863684176,0.3600869476985255,100.36608018372789,0.8889533486924698,0.5548942465360267,1.4153562617486648,0.08858892773434943,0.6556169429096986,0.20902394106823596,0.1353591160220654,0.6556169429096986,0.1185004779301107,WIN,19,0.5,0.4,0.6737,-0.2345,DISCOVERY
18058,2025-12-08 10:20:00+00:00,LONG,UPTREND,91990.2,60.70762684288721,-2.127554723105348,4.450450776765358,-8.063776203529486,2.2914004682488667,15.968158887251732,0.19791338859265964,0.012478273975480292,0.04359137342520025,0.505249588467796,102.81809083459808,0.696230099936503,0.430055944302258,0.5923926001221563,0.08294090022632909,0.7716814159291778,0.0008849557522639006,0.22743362831855832,0.7716814159291778,0.12283917199875638,LOSS,36,-0.5,-0.6,0.2083,-0.5459,DISCOVERY
18060,2025-12-08 10:30:00+00:00,LONG,UPTREND,92106.9,66.60363379161487,5.353816587505392,3.768452225622312,1.0463227326538913,7.42119573651523,11.401499404432244,0.20244030849837094,0.022209254740923612,0.047009199120640055,0.504609434179961,102.81809083459808,0.986475575391795,0.36024429551105086,1.334195386343775,0.043864791888551795,0.4015675426463915,0.10557860765333245,0.49285384970027607,0.8944213923466675,0.23548724362670845,LOSS,26,-0.5,-0.6,0.0813,-0.5202,DISCOVERY
18437,2025-12-09 17:55:00+00:00,LONG,UPTREND,93884.5,61.57015815794711,-2.24256263033309,1.0203878808219642,-128.8256824634093,6.243653783689524,36.42005514622497,1.0234269305159371,0.029618914175322253,0.11184459480622078,0.3062585660826636,352.86437934174387,0.4781228094413087,1.3757287484514653,0.27005291210661514,0.360296428057892,0.5569007263922519,0.04309927360771999,0.40000000000002817,0.5569007263922519,0.21995111014065155,LOSS,28,-0.5,-0.6,0.3587,-0.7113,DISCOVERY
18448,2025-12-09 18:50:00+00:00,LONG,UPTREND,93933.3,57.31895283780723,3.880089138270158,0.008790526185812553,-79.72593895092166,8.37415216780795,-0.9581325357179367,0.7541767173967092,0.013341709435898963,0.015883013592743467,0.4699980771124436,428.8797593685105,0.6467534102303835,0.6434782704501042,0.6141016594103521,0.2044535856826098,0.3614093959731446,0.1097315436241513,0.5288590604027041,0.8902684563758487,0.3172463865317198,LOSS,17,-0.5,-0.6,0.3066,-0.7629,DISCOVERY
18455,2025-12-09 19:25:00+00:00,LONG,UPTREND,93951.0,56.73851816849652,1.5350443319769909,1.2078318035237743,-44.117018419628636,7.846155572425602,24.11549512750807,0.590385482521942,0.011433266894655958,0.030680081386535996,0.6107685829702564,452.9133513960479,0.6227217228740772,0.44235412646398653,0.4516984053068664,0.09312034996965264,0.36614730878185664,0.26062322946178235,0.373229461756361,0.7393767705382176,0.15029110919521568,LOSS,10,-0.5,-0.6,0.2877,-0.7816,DISCOVERY
18889,2025-12-11 07:35:00+00:00,SHORT,DOWNTREND,90101.6,45.277002412232825,-1.4071349015313572,-0.9414369258253785,-16.499447775034138,-0.5525092606065112,-4.999867043229731,-0.07533417940748613,-0.007612626620090435,-0.024196644347374008,-0.25859465453791336,-231.52523772587767,0.2629922162678707,0.37344963972774975,0.8896320574175743,0.08352792847186877,0.12183692596064062,0.6597938144330895,0.21836925960626985,0.12183692596064062,0.11842187042183167,TIME_EXIT,48,-0.1957,-0.2957,0.1897,-0.4363,DISCOVERY
18897,2025-12-11 08:15:00+00:00,SHORT,DOWNTREND,90000.0,39.13740520493813,-1.5440214415694768,-10.545445440311667,-17.48400243615984,-5.033588335296905,-18.590599682578823,-0.07501717311507997,-0.01578157192515528,-0.04167383213118381,-0.31601648720490627,-199.87961421278675,-0.019347939851310503,0.3360525506539576,1.9644928199114524,0.029266666666662784,0.10981697171382468,0.739877981142496,0.15030504714367934,0.10981697171382468,0.20033333333333656,LOSS,15,-0.4975,-0.5975,0.0767,-0.5497,DISCOVERY
18987,2025-12-11 15:45:00+00:00,SHORT,DOWNTREND,89657.1,41.65093356160762,-2.126061009447703,-8.108562603477289,-26.885911039383387,-17.486795113272557,-65.34878391148746,-0.08164442857624689,-0.03674396296359239,-0.0973817626699569,-0.5901183953687207,-58.604725369035975,0.21316121795460014,1.2964335524246176,0.5729157010398669,0.32049887850487163,0.135541401273915,0.5966878980891646,0.26777070063692043,0.135541401273915,0.4377790492889018,LOSS,12,-0.4975,-0.5975,0.4134,-0.5498,DISCOVERY
18990,2025-12-11 16:00:00+00:00,SHORT,DOWNTREND,89726.0,44.08733902219004,-2.427959269760642,2.4364054605824137,-28.07192397057179,-0.9818736967191626,-1.186012931188401,-0.10777621796316263,-0.022103987145716264,-0.06271337591238213,-0.615255640133284,-41.025796089602295,0.3250076068488352,1.3092359613249904,0.48767952153634336,0.24346343311860227,0.2132854578096739,0.4129263913824057,0.3737881508079204,0.2132854578096739,0.3103894077524909,LOSS,17,-0.4975,-0.5975,0.4905,-0.556,DISCOVERY
19229,2025-12-12 11:55:00+00:00,LONG,UPTREND,92381.5,52.49749539622763,2.8381667286962724,4.164798565104853,-3.9230946585100357,4.95285880031081,11.229523692632707,0.004377743560021232,0.0033808074527463816,0.0006187411563995937,0.3751493350425444,56.5674120599063,0.5260195619179595,0.30704785476810526,1.0246232251590874,0.12771767074576934,0.48110465116285495,0.0,0.518895348837145,1.0,0.07447378533581173,LOSS,31,-0.5,-0.6,0.0998,-0.5742,DISCOVERY
19322,2025-12-12 19:40:00+00:00,SHORT,DOWNTREND,90077.0,44.798190855223616,-0.6438726124599938,-1.7420918075662968,-15.617326944666772,-2.0945209529726156,-3.239165906213053,-0.2595085404834613,-0.015393609276137532,-0.037434126019308955,-0.047260789003749304,-313.08622818046973,0.2322710304302011,0.8235168623503581,0.3332291152849407,0.12046637876483131,0.155813953488389,0.7040697674418097,0.14011627906980129,0.155813953488389,0.19094774470730597,TIME_EXIT,48,-0.2656,-0.3656,0.2605,-0.3114,DISCOVERY
19820,2025-12-14 13:10:00+00:00,SHORT,DOWNTREND,89200.8,39.93468730975025,-0.00650200615276475,-5.843607280615679,3.1493890110162113,-6.869714923534545,-36.38846111050759,-0.2261457297813958,-0.02119000792940584,-0.07051798130678355,-0.3822635662431804,-65.49086185976086,0.35734285256467885,0.7769687020985789,0.2566460421743152,0.11932908673463702,0.3177387914230407,0.6783625730994335,0.003898635477525892,0.3177387914230407,0.05751069497134881,WIN,42,0.5025,0.4025,0.5589,-0.3659,DISCOVERY
19821,2025-12-14 13:15:00+00:00,SHORT,DOWNTREND,89151.2,38.27077657871693,-1.6639107310333259,-1.6295246104725223,-3.627667709496535,-6.777056720512746,-25.13103104884931,-0.23182403804448976,-0.024461015640420136,-0.06902667631530912,-0.38247624170784794,-65.49086185976086,0.30187669917856613,0.7904182698181144,0.3490493101435706,0.30015019427668294,0.019113149847094377,0.6016819571865087,0.3792048929663969,0.019113149847094377,0.14671703802080388,WIN,41,0.5025,0.4025,0.503,-0.4218,DISCOVERY
19822,2025-12-14 13:20:00+00:00,SHORT,DOWNTREND,89180.6,39.87004352448632,1.5992669457693935,-0.07114579141669708,-4.94151992149051,-1.313852211993975,-14.960623856041266,-0.23386027888776395,-0.019003378498039236,-0.06464054452490764,-0.3823501514874837,-65.49086185976086,0.275200128623864,0.6374101517367678,0.2804813298532031,0.12923214241662423,0.0,0.7741194486983004,0.22588055130169962,0.22588055130169962,0.14644440607036874,WIN,40,0.5025,0.4025,0.5362,-0.3886,DISCOVERY
19834,2025-12-14 14:20:00+00:00,SHORT,DOWNTREND,89314.7,48.058969611082695,-0.7795671756720282,-3.2685124029140766,20.404175704273968,-3.3439625919094738,-11.790843546604648,-0.150525777912587,-0.001144339166603281,-0.0037120780267185793,-0.40139437225809266,-67.92825537629454,0.5458220865598736,0.4550639382467866,0.8245634951466709,0.23719779610748082,0.16591422121891788,0.6726862302483285,0.16139954853275362,0.16591422121891788,0.09919979577830504,WIN,6,0.5025,0.4025,0.5358,-0.0541,DISCOVERY
19843,2025-12-14 15:05:00+00:00,SHORT,DOWNTREND,88896.8,35.746259148728456,-4.400940238940045,0.009091865771097218,-22.0480576071501,-4.283214254579278,5.9938368397245085,-0.2097861474615995,-0.028785914466022966,-0.059134702929042327,-0.44262968182677737,-88.54550157874286,0.068895248048431,0.7488305173839227,1.0128258799861576,0.14762904851468547,0.020007846214223798,0.5084346802667767,0.4715574735189995,0.020007846214223798,0.2867369804087534,LOSS,15,-0.4975,-0.5975,0.0733,-0.5355,DISCOVERY
19922,2025-12-14 21:40:00+00:00,SHORT,DOWNTREND,88495.3,42.95486846850718,-1.1180562453389697,-2.5454312770455587,2.924242954319631,-1.7657421964460056,-3.3361203546275036,-0.12019645027142968,-0.008315403660141829,-0.020815629664416857,-0.6553044483006267,-98.58689470653025,0.26387598947341323,0.3685557916874495,0.5349989651997016,0.1345353934050682,0.395484949832781,0.4531772575251589,0.1513377926420601,0.395484949832781,0.13514842031159374,WIN,10,0.5025,0.4025,0.5057,-0.0979,DISCOVERY
19941,2025-12-14 23:15:00+00:00,SHORT,DOWNTREND,88019.8,35.166108654869944,0.13085185333994787,-10.108311717241065,-16.320089648269146,-4.955329017605749,-19.06979450533582,-0.204686854133117,-0.029846937884958624,-0.0829002526764211,-0.7237285687048249,-89.71567596996795,0.105906100730544,0.7873168246815755,0.7368537583390345,0.03614811667373716,0.17090909090911738,0.8190909090908959,0.009999999999986771,0.18090909090910415,0.24994376265340296,WIN,3,0.5025,0.4025,0.5891,-0.0361,DISCOVERY
20154,2025-12-15 17:00:00+00:00,SHORT,DOWNTREND,86200.1,31.72696420568306,-2.117661894740337,3.101778017197475,20.73346955720251,-0.34443331805505295,21.20840591722822,-1.0353423417586207,-0.07545901854189019,-0.20701165085104112,-0.6257966662114646,-287.28256725013864,0.102409771351416,1.542766232575098,0.6025911659253224,0.7159794478196525,0.0,0.44096133751304467,0.5590386624869553,0.0,0.3330622586284601,WIN,6,0.5025,0.4025,0.5879,-0.1636,DISCOVERY
20274,2025-12-16 03:00:00+00:00,SHORT,DOWNTREND,85846.2,42.55855152769986,-2.6075857072809043,-12.327916629870401,1.0572789465987604,-9.810402684431228,-35.42358840730357,-0.0656432360375706,-0.01465153722389756,-0.037455573361067085,-1.4143386306766592,-93.34362471025474,0.3510814357493386,0.5615175341307286,1.0729600884967996,0.054029764858540545,0.04020100502506631,0.561378320172316,0.39842067480261767,0.04020100502506631,0.16226693784930302,WIN,6,0.5025,0.4025,0.593,-0.0481,DISCOVERY
20281,2025-12-16 03:35:00+00:00,SHORT,DOWNTREND,85591.2,32.172476490267584,-2.8896904814321402,-2.2099699803892037,-30.416856127758862,-1.1132970980623682,0.5479666902940465,-0.14207851787540457,-0.027471084622454622,-0.07342158150197564,-1.4185523389880574,-93.34362471025474,0.09706946038746363,0.8065808268839476,1.3005106211800725,0.3257782342110038,0.20380078636954815,0.36828309305373724,0.4279161205767146,0.20380078636954815,0.1782893568497594,LOSS,25,-0.4975,-0.5975,0.4285,-0.5495,DISCOVERY
20288,2025-12-16 04:10:00+00:00,SHORT,DOWNTREND,85751.3,44.53813958271394,-1.0772791706244575,-5.369089110614674,11.302375325414566,-0.8375972674125123,0.6435926479629543,-0.11803034395934582,-0.005663517581000477,-0.014181281906566756,-1.4391750044736324,-62.311532594406344,0.4097784927562264,0.6666866576984761,0.5266794307633501,0.059290646322561674,0.0,0.7852604828463176,0.2147395171536824,0.0,0.09177703428402495,WIN,7,0.5025,0.4025,0.6164,-0.0227,DISCOVERY
20829,2025-12-18 01:15:00+00:00,SHORT,DOWNTREND,85894.2,39.93811478488138,-0.9515646340860187,-4.986536866619282,-37.612810465069515,-4.366973683187382,-29.9925900660889,-0.023737096407054376,-0.022120050038332284,-0.07406296723261319,-0.4966337358508078,-82.1093448604326,0.03940740350652992,0.5447063222741741,1.002330679084454,0.008725851105208378,0.3600746268656289,0.4968905472637269,0.14303482587064417,0.3600746268656289,0.18720705239702204,LOSS,11,-0.4975,-0.5975,0.0,-0.7169,DISCOVERY
21102,2025-12-19 00:00:00+00:00,SHORT,DOWNTREND,85416.8,48.15669088123471,-2.491413415470774,1.9403594180195043,-15.189009413050734,-0.9396886460780465,4.592425068694986,-0.09088097587660869,-0.005048398769347262,-0.004704036144032031,-0.45115172729468833,-238.4374351962784,0.20738717848391655,0.3248482987429429,1.5722892691712496,0.008517059875819195,0.0006493506493884465,0.6551948051947674,0.34415584415584416,0.0006493506493884465,0.18029240149478792,LOSS,34,-0.4975,-0.5975,0.4163,-0.5861,DISCOVERY
21117,2025-12-19 01:15:00+00:00,SHORT,DOWNTREND,85367.7,47.52112178214373,-1.8757270394444419,0.45599425347889166,-1.8987415709380606,-1.392103529565233,-2.6811166935237853,-0.0753642222387084,-0.005019144205997694,-0.012451150134007438,-0.4854581652338996,-199.87246908401323,0.36421415209907065,0.3397408254615684,0.5333422789202031,0.08675119512416277,0.02456418383511363,0.6711568938193269,0.3042789223455596,0.02456418383511363,0.1478310883390288,LOSS,19,-0.4975,-0.5975,0.3586,-0.6439,DISCOVERY
22048,2025-12-22 06:50:00+00:00,LONG,UPTREND,88915.2,56.54979303066934,1.947307574452033,5.292072649852635,5.480428397672483,2.7907702826008283,12.419413672641152,0.06371787801048427,0.008879885393642262,0.02723030181370767,0.2637128548519741,44.701918482053586,0.8361654494827823,0.2716577190936888,0.8039163914373478,0.017736000143961973,0.5142857142856009,0.08571428571436131,0.40000000000003777,0.9142857142856387,0.0865993665874901,WIN,17,0.5,0.4,0.597,-0.079,DISCOVERY
22064,2025-12-22 08:10:00+00:00,LONG,UPTREND,89159.0,59.18021134341588,2.9121081010565533,-0.3602221409091584,4.05319257356814,0.9530705088478726,2.598750150082978,0.1302286013164202,0.01409937949385931,0.04224209553445046,0.30581456994214984,61.61329451927028,0.7950038129402692,0.47007858907394456,0.721454198731592,0.07037147119192405,0.4554637281909451,0.0,0.544536271809055,1.0,0.12214134299397053,WIN,2,0.5,0.4,0.7949,-0.0102,DISCOVERY
22080,2025-12-22 09:30:00+00:00,LONG,UPTREND,89686.0,64.16781321304381,4.247398575247416,6.0232657311563145,0.4127830092290594,12.193706754203092,24.70694430488676,0.23329720768656567,0.032983187803514724,0.07129212037346733,0.3377889100982252,77.25479161413747,0.8153989860613335,0.8945026908916579,0.5633913039247778,0.05240784514863226,0.44165981922761943,0.0,0.5583401807723806,1.0,0.2713912985304219,WIN,33,0.5,0.4,0.5559,-0.2697,DISCOVERY
22106,2025-12-22 11:40:00+00:00,LONG,UPTREND,89827.8,57.67642527950427,0.6331756386978356,-1.3043532469301695,-3.4324457523383387,0.08936808413054109,11.382867911251452,0.20875551815614043,0.011116928472976184,0.04665844244864381,0.44236843288285804,124.8860581090999,0.7895609415181498,0.33800021976774364,1.0704649183916461,0.05803047608868054,0.5923515052889045,0.2921074043937826,0.11554109031731295,0.7078925956062174,0.13681733271881774,WIN,8,0.5,0.4,0.5109,-0.018,DISCOVERY
22112,2025-12-22 12:10:00+00:00,LONG,UPTREND,90039.4,65.00003753664618,0.6415579217451466,5.572397728085775,13.103733383481327,1.5814669150681198,7.717866292428326,0.23035307973274222,0.02276766551783105,0.06716590551678614,0.4902878404320131,134.46586693057367,0.9549225974048028,0.5101414364490598,1.4247485726084372,0.20115360608799374,0.8208204334365172,0.11842105263160414,0.06075851393187865,0.8815789473683958,0.28698547524749635,WIN,4,0.5,0.4,0.6215,0.0,DISCOVERY
22365,2025-12-23 09:15:00+00:00,SHORT,DOWNTREND,87465.5,45.39667793387876,-4.143529994854667,-4.269450597018903,-1.629351891049831,-2.6045420400195987,1.8480056685341797,-0.11247014113407963,-0.005825227076772244,-0.004166371274549885,-0.21253641188286243,-154.2770277747903,0.24533229284622293,0.2820913467936221,1.3559597672991957,0.04548078956845709,0.15474642392719415,0.46293888166447167,0.3823146944083342,0.15474642392719415,0.17584076007111707,LOSS,42,-0.4975,-0.5975,0.2398,-0.5128,DISCOVERY
22616,2025-12-24 06:10:00+00:00,SHORT,DOWNTREND,86822.1,32.60263225303275,-3.08157497081622,-4.796526200719008,-16.68510847937013,-0.9336026379252331,4.707325677252925,-0.16602523574290748,-0.023571236059016787,-0.060026390661693796,-0.4401483011202151,-18.746059489837222,0.11360947874593166,0.6577969392523839,0.6564939744839279,0.038699824123127426,0.0009560229446062639,0.3910133843212854,0.6080305927341083,0.0009560229446062639,0.12047623819281705,TIME_EXIT,48,-0.2364,-0.3364,0.1735,-0.3743,DISCOVERY
22640,2025-12-24 08:10:00+00:00,SHORT,DOWNTREND,86940.3,44.950463147325785,-0.25656430154590737,6.322463909969386,-5.589035131845224,-1.5391023598803262,-11.894685550415712,-0.07278642546662374,-0.006002391640624882,-0.02316211861564943,-0.4757736804242444,-30.635414812467445,0.28392082275181024,0.30832226845755956,0.5272675012280178,0.0452120593096756,0.35431235431233454,0.5617715617717737,0.08391608391589178,0.35431235431233454,0.049344205161466176,TIME_EXIT,48,-0.3618,-0.4618,0.3099,-0.4329,DISCOVERY
23176,2025-12-26 04:50:00+00:00,LONG,UPTREND,89020.7,63.81836671174934,0.607266826291486,5.532714035372422,-1.0056344691720938,8.76645099200391,41.0068616315549,0.35953124779417717,0.029510317674441566,0.09148585173621715,0.13993464507197198,79.0368104312714,0.9800272922723529,0.5948742213653382,0.45489736593901114,0.29014319141502065,0.5664652567974835,0.11933534743213507,0.3141993957703815,0.880664652567865,0.0743647264063433,WIN,30,0.5,0.4,0.5384,-0.2704,DISCOVERY
23178,2025-12-26 05:00:00+00:00,LONG,UPTREND,88959.8,60.18582968597865,1.1458393895526768,-3.025270199479202,-2.596128306192753,0.08080503993943466,7.1759571549832515,0.3523451040147821,0.018580774747412043,0.06463666163485371,0.20023230550884605,113.66907869318263,0.8199206644124551,0.6382277627958238,0.90314754762437,0.4042162864574909,0.5869947275922777,0.11599297012299431,0.29701230228472797,0.8840070298770057,0.12792294946706592,WIN,28,0.5,0.4,0.6072,-0.2021,DISCOVERY
23188,2025-12-26 05:50:00+00:00,LONG,UPTREND,88885.4,55.62346021515339,-0.39875255132409393,4.0717880867058796,-19.74671229658358,3.3418001838929285,8.84123286245159,0.25398446687598175,0.0058760095160703685,0.013120175322112182,0.20039990652689693,113.66907869318263,0.5764122217910376,0.4787576871549879,0.5003014122918265,0.3434928570946436,0.9236363636363284,0.0036363636363989137,0.07272727272727272,0.9236363636363284,0.09281614303361407,WIN,16,0.5,0.4,0.5227,0.0001,DISCOVERY
23399,2025-12-26 23:25:00+00:00,SHORT,DOWNTREND,87407.9,45.834925007801544,-2.3738072530846352,-2.9315392416088173,-0.3157041508070524,-2.1505979563413558,-1.8870235292584994,-0.009901642237859998,-0.004625968137650371,-0.006180400910471562,-0.08209472488609507,-95.8198312588795,0.31701081308104634,0.18980944011876308,0.7370085403467345,0.058664605830819075,0.0016077170416603462,0.5691318327973607,0.42926045016097897,0.0016077170416603462,0.0711606159168646,TIME_EXIT,48,0.0256,-0.0744,0.235,-0.0587,DISCOVERY
23401,2025-12-26 23:35:00+00:00,SHORT,DOWNTREND,87358.5,41.55534606766401,-2.7400433394596604,-6.653386193222168,-5.930696280268895,-3.264874328014338,-7.765590085803199,-0.017882602792063027,-0.008986166288371678,-0.019702413849997935,-0.08214114829548709,-95.8198312588795,0.09963440031853665,0.20463366010579,1.6742971104928588,0.11524636984379388,0.09964830011722989,0.5275498241500406,0.3728018757327295,0.09964830011722989,0.09764361796505538,TIME_EXIT,48,-0.107,-0.207,0.1783,-0.1362,DISCOVERY
23404,2025-12-26 23:50:00+00:00,SHORT,DOWNTREND,87308.6,38.08120426477243,1.1850296600385022,-3.4741418028915803,-13.731784720416886,-0.5929640046144442,-7.801088440147991,-0.03661745711533075,-0.011136128114419552,-0.036682240202701166,-0.08218809491128375,-95.8198312588795,0.06462832099697219,0.2556758000163871,1.2506689806034574,0.17246582810855385,0.0028776978416847425,0.869064748201355,0.12805755395696017,0.1309352517986449,0.07960269664156795,TIME_EXIT,48,-0.1752,-0.2752,0.1211,-0.2117,DISCOVERY
24084,2025-12-29 08:30:00+00:00,LONG,UPTREND,89730.3,52.89603298053068,-0.6633789416360614,2.2193771941468654,31.832362115981297,2.1495085589081953,18.60724123467952,0.00990255520216205,0.007182776320902029,0.026709685415338136,0.5882553424956595,194.17165516796427,0.8358416613296249,0.4021328864361493,1.017857543825883,0.17862416597291977,0.7232653061224965,0.19755102040813952,0.079183673469364,0.7232653061224965,0.13652021669380354,LOSS,11,-0.5,-0.6,0.0529,-0.5293,DISCOVERY
24547,2025-12-30 23:05:00+00:00,LONG,UPTREND,88415.5,61.458319119417595,3.8594904209799807,4.397868798329313,3.476121650103721,2.0299201604727912,1.8145605216235765,0.04846461303060685,0.012849661198943707,0.032128200899150805,0.15429337336986187,17.47437724657894,0.8440559223201111,0.3182323138962519,0.8408269351874409,0.0477009121703642,0.3849855630414075,0.08084696823863956,0.5341674687199529,0.9191530317613604,0.11751333193839787,TIME_EXIT,48,0.367,0.267,0.4123,-0.3174,DISCOVERY
24697,2025-12-31 11:35:00+00:00,LONG,UPTREND,88902.4,66.34040205564429,1.2736364777758524,4.768278727748161,8.721907429693744,0.3103544439786319,3.608354372349936,0.11930458108962963,0.01519645970611272,0.04730680161657563,0.25372554408584447,11.005923668646403,0.8999244310590352,0.3708425486126607,1.293161396942225,0.19321750593909073,0.4896489648965426,0.3366336633663976,0.17371737173705984,0.6633663366336024,0.12496850478727888,LOSS,38,-0.5,-0.6,0.3267,-0.7524,DISCOVERY
24727,2025-12-31 14:05:00+00:00,LONG,UPTREND,89082.0,69.12787726843736,3.6027462375561896,5.876430847507201,30.31704358467617,8.001184242815903,23.31330657072691,0.07255480963596571,0.025594313418197956,0.061134427366060784,0.3059503697720929,30.000412675795957,1.1092479421948742,0.472501945939505,3.7015400788224992,0.16604925798703757,0.4309796437658913,0.35241730279898165,0.216603053435127,0.6475826972010184,0.3529332525089342,LOSS,6,-0.5,-0.6,0.0367,-0.5972,DISCOVERY
24915,2026-01-01 05:45:00+00:00,SHORT,DOWNTREND,87667.5,46.19148332890187,-0.8323622581683878,-3.787663170832616,14.968710480213815,-1.5260962010833197,-4.089186498893298,-0.06124554274664118,-0.0012819684564568945,-0.00335056121684163,-0.12050287802648305,-20.40284389092355,0.68540149617327,0.24454769339072516,0.24292886387779358,0.08436421707017065,0.0,0.47328244274876996,0.52671755725123,0.0,0.014942823737423583,TIME_EXIT,48,-0.186,-0.286,0.1245,-0.3122,DISCOVERY
24916,2026-01-01 05:50:00+00:00,SHORT,DOWNTREND,87674.6,47.241558321308204,1.050074992406337,1.1057513171426763,14.055019442469032,-0.9136910377447833,-3.454469851763726,-0.05906763168453509,-0.00038867242604379015,-0.0022711625363491805,-0.1204931195510068,-20.40284389092355,0.7033029325996957,0.2491372714221755,0.42384907400070515,0.101899523921422,0.0,0.7815384615382824,0.21846153846171756,0.21846153846171756,0.03706888882298864,TIME_EXIT,48,-0.1672,-0.2672,0.1326,-0.3041,DISCOVERY
24921,2026-01-01 06:15:00+00:00,SHORT,DOWNTREND,87621.5,41.16292582751495,-0.3986660468050829,-1.7831655448396333,2.8657054523241072,-1.230138615367519,-7.242307729823565,-0.05973033791646156,-0.0046097224142949145,-0.016399527166988115,-0.13138545194670978,-16.44486503850854,0.38698650035887583,0.21590478412869324,0.5094791698012299,0.00229966389527618,0.007194244604730788,0.7697841726611776,0.22302158273409162,0.007194244604730788,0.015863686424004077,TIME_EXIT,48,-0.19,-0.29,0.072,-0.3649,DISCOVERY
25102,2026-01-01 21:20:00+00:00,LONG,UPTREND,88335.0,60.26660611863412,0.8689301082759897,4.710629288528104,1.9212993716869988,2.24985640451073,12.20514770934465,0.0765571033206211,0.007869861015774582,0.026239548234352483,0.005937195420967366,68.00868837008515,0.7204418085433865,0.22393635649487412,0.29105936685088646,0.04148978321163092,0.5813953488372093,0.0,0.4186046511627907,1.0,0.024339163412011096,WIN,26,0.5,0.4,0.5038,-0.0812,DISCOVERY
25429,2026-01-03 00:35:00+00:00,LONG,UPTREND,90007.6,50.59445036074909,-0.27427536954991893,-2.478628599173284,4.921254160349907,0.07904737311725185,4.864989773425208,0.009331583485996735,0.0009272150378603072,0.0069879368997716185,0.649686108493353,2.9632114774444176,0.5772466909642081,0.32577858804446486,0.28521168290570964,0.10306074153739421,0.6710816777043439,0.25386313465782034,0.07505518763783578,0.6710816777043439,0.05032908332185605,TIME_EXIT,48,0.0795,-0.0205,0.4982,-0.0283,DISCOVERY
25700,2026-01-03 23:10:00+00:00,LONG,UPTREND,90506.2,53.941743347738424,3.0919767849926743,-5.418812557715789,-21.106557569275623,0.7561757446051303,-3.7329923695061495,0.13705692110954454,0.0015877252647067408,0.0014324308187374513,0.4859324215427221,35.313503340962626,0.3903076220533294,0.2401702287881662,1.418285942415042,0.054642665364363706,0.49246813441481535,0.07879490150640418,0.4287369640787804,0.9212050984935958,0.09535258357991266,WIN,11,0.5,0.4,1.2059,-0.0001,DISCOVERY
25703,2026-01-03 23:25:00+00:00,LONG,UPTREND,90598.7,60.36600439042143,1.519473459282196,6.424261042683007,-7.964126159232151,3.515882902465542,13.142431410043471,0.13698875039600222,0.0094437304467343,0.027569809362559816,0.48543629136654187,35.313503340962626,0.7865776726217457,0.2393453904487944,0.5981923309254298,0.03769921643468768,0.3626062322946701,0.03682719546750151,0.6005665722378284,0.9631728045324985,0.03896303147837983,WIN,8,0.5,0.4,1.1026,-0.0315,DISCOVERY
25740,2026-01-04 02:30:00+00:00,LONG,UPTREND,91189.5,56.27842461767685,0.8328176588845864,3.0991304637695123,-13.379225730337502,4.310800717916642,12.666289860718003,0.18907472667421518,0.007757714576661634,0.018534498414224387,0.5867063134080108,102.60756024437535,0.5700740907348375,0.4490442956995362,0.8602225633824236,0.09810340006249826,0.6825775656323998,0.12529832935560423,0.19212410501199595,0.8747016706443957,0.09189654510662182,WIN,43,0.5,0.4,0.6472,-0.1704,DISCOVERY
25776,2026-01-04 05:30:00+00:00,LONG,UPTREND,91424.8,59.43860839827126,0.9512897476640276,3.372895924848798,-4.746801588314959,1.275675012608616,4.797089038273867,0.13542988859231564,0.00810376014921399,0.02440168408142096,0.664150031797392,95.11730103579958,0.6825185592850964,0.3747454952275003,0.37910845384444025,0.08590119967449039,0.6213151927438801,0.09070294784579301,0.28798185941032683,0.909297052154207,0.04823636475005231,TIME_EXIT,48,-0.1144,-0.2144,0.3882,-0.3422,DISCOVERY
25785,2026-01-04 06:15:00+00:00,LONG,UPTREND,91647.6,68.24374173365551,1.2159510000989258,6.125983343232903,21.291181141643087,3.336189718010772,21.69982620181431,0.1508326853802979,0.02279107601184105,0.07372326362509174,0.6904515181792739,92.85120695111965,1.02812157844866,0.439053484026237,1.4661653887101507,0.00025914481119893864,0.78992248062011,0.014728682170497514,0.19534883720939256,0.9852713178295025,0.14075655008969137,LOSS,8,-0.5,-0.6,0.1273,-0.5126,DISCOVERY
26041,2026-01-05 03:35:00+00:00,LONG,UPTREND,92965.8,58.26212571407483,0.3544488200926992,2.085819905328954,-35.15459728754081,1.5246370519038805,3.7737160308100215,0.3810056659475176,0.007768893642512431,0.02482806466532761,0.7421196719316961,143.44165465806157,0.6229730579473519,0.4156584755209488,0.8053514509681119,0.05463030490781693,0.5313351498638024,0.3623978201633975,0.10626702997280012,0.6376021798366025,0.07895376579343605,LOSS,10,-0.5,-0.6,0.0282,-0.6375,DISCOVERY
26122,2026-01-05 10:20:00+00:00,LONG,UPTREND,92887.1,67.48111855512659,1.6244066983917378,4.9048718865470065,34.13831079692396,1.0202585069071333,9.701300189274459,0.08608577785492919,0.025257180482007868,0.07764762859652219,0.8229495811590712,15.755390363279503,0.9292242836515587,0.7252487601294224,0.8546232405850109,0.5554861762289982,0.47303370786523397,0.110112359550431,0.41685393258433506,0.889887640449569,0.09581524237488305,TIME_EXIT,48,-0.1394,-0.2394,0.3218,-0.4201,DISCOVERY
26141,2026-01-05 11:55:00+00:00,LONG,UPTREND,93093.3,61.1590006814379,0.3547490183209945,4.649084148104805,-0.385747020775824,3.055816465509224,16.519581490168846,0.15984301767645576,0.016911265805830134,0.0540972946525331,0.8482194871160231,33.31321751920018,0.8484587585801004,0.3901975531551549,0.84670287077777,0.21299867981905385,0.7948717948718502,0.09041835357620194,0.11470985155194781,0.909581646423798,0.0795975650234827,LOSS,20,-0.5,-0.6,0.0996,-0.5264,DISCOVERY
26178,2026-01-05 15:00:00+00:00,LONG,UPTREND,93395.3,67.64535146390696,0.12300868045596758,5.847012710710054,86.12347281476329,0.9638515937634793,31.935817390492744,0.10842148736902504,0.047541404676620935,0.15995679222862158,0.8892915998655352,24.019238021607862,0.9675189350843443,1.2448104495118966,1.4850604026196557,0.7202155782999855,0.6559374999999819,0.3271874999999909,0.016875000000027285,0.6728125000000091,0.3426296612356296,WIN,8,0.5,0.4,0.5742,-0.3007,DISCOVERY
26202,2026-01-05 17:00:00+00:00,LONG,UPTREND,93667.7,54.943333596284276,0.9251025006386087,1.920726913794006,-49.19366518180374,1.6159513403964638,-1.843317692790265,0.27616804704245335,0.003416893191987569,0.008116644896016822,0.9661610999279511,69.05862777195011,0.3975925853764144,0.6062057991755566,0.42698090964533897,0.17895976948298814,0.4858722358722629,0.3845208845209134,0.12960687960682366,0.6154791154790866,0.17380591174973115,WIN,11,0.5,0.4,0.8137,-0.4983,DISCOVERY
26240,2026-01-05 20:10:00+00:00,LONG,UPTREND,94362.9,58.915182946837156,1.4869350036891404,2.6026702104099257,-9.415208401758065,3.447388547622552,17.95829216310844,0.25824944117467696,0.01651527373305317,0.055321440958011614,1.102383238663452,112.94840059309718,0.7220020232239079,0.5951164832098164,1.4697522002402246,0.017159815987008303,0.7114996637525554,0.0,0.28850033624744464,1.0,0.15758311794147603,LOSS,15,-0.5,-0.6,0.4211,-0.6152,DISCOVERY
26242,2026-01-05 20:20:00+00:00,LONG,UPTREND,94417.3,60.273362198547694,3.570572328233034,2.845114255399679,-5.523647394582682,5.104818398328973,7.338949554797935,0.2555564770726035,0.019442522114099248,0.04640636669128728,1.1017480833668771,112.94840059309718,0.8715549888125157,0.3805269026946913,0.6515389139384432,0.040466630585712655,0.3913721413721387,0.09511434511435593,0.5135135135135054,0.9048856548856441,0.20377621474031637,LOSS,10,-0.5,-0.6,0.3633,-0.5266,DISCOVERY
26721,2026-01-07 12:15:00+00:00,SHORT,DOWNTREND,92048.3,49.17451871889591,3.9026199486581206,-6.020391245714826,4.057621999295541,-2.3141249825860424,-19.24485644441492,-0.10598234809232317,-0.0001877389991911116,-0.008930731038503392,-0.11083307840865118,-78.46314751856036,0.49953440823482415,0.4200012600288661,0.7336449342478135,0.006635103527168077,0.0,0.6441307578008421,0.35586924219915794,0.35586924219915794,0.14622757834746086,WIN,23,0.5025,0.4025,0.5419,-0.2184,DISCOVERY
26724,2026-01-07 12:30:00+00:00,SHORT,DOWNTREND,91982.9,44.27545561291672,-2.173800818445315,-4.899063105979188,-5.744744576193323,-3.176487836324743,-9.802366575488865,-0.10207097627378163,-0.0061855562913493145,-0.014073762954580626,-0.11091188091789941,-78.46314751856036,0.18481278312892188,0.29100451373313047,0.6381518485345691,0.08640192905421097,0.08211678832116352,0.6605839416057512,0.25729927007308523,0.08211678832116352,0.11915258162115548,WIN,21,0.5025,0.4025,0.5759,-0.2896,DISCOVERY
26775,2026-01-07 16:45:00+00:00,SHORT,DOWNTREND,91302.1,42.77640197762768,-3.942510794650161,-0.03646204883887094,7.20799475898491,-7.806053719851747,-22.853218375694638,-0.18764007235427868,-0.017546731997530873,-0.04595291564303272,-0.2652689887286643,-89.11939280561995,0.35831059871862275,0.6385416529424481,0.351319931131442,0.06884014715982233,0.0,0.43569431500467753,0.5643056849953224,0.0,0.23504388179460414,WIN,25,0.5025,0.4025,0.5392,-0.392,DISCOVERY
26837,2026-01-07 21:55:00+00:00,SHORT,DOWNTREND,91050.0,47.952246150443315,-0.6608977571969419,-2.144451164221522,-0.9615519457416317,-3.6451898876335784,-9.52108491406564,-0.056208377122938614,-0.0032559359503636642,-0.0026709706166250236,-0.5098486545470821,-94.06506218999652,0.48386789247684986,0.44079618890508643,0.7624246258951073,0.03691652937946503,0.06480117820315989,0.7790868924889354,0.1561119293079047,0.06480117820315989,0.07457440966501282,LOSS,25,-0.4975,-0.5975,0.2287,-0.5207,DISCOVERY
27002,2026-01-08 11:40:00+00:00,SHORT,DOWNTREND,90042.4,42.67621506225288,0.4744131293382168,-6.014617765387662,-15.425780771065831,-6.671176151823985,-20.864795671161673,-0.08226229350667386,-0.01491987155775032,-0.03201474779451763,-0.7873568573486508,-33.111404687121365,0.26388982292781127,0.6052741253558298,1.3326360573684133,0.08408260997042105,0.000494559841769645,0.9584569732937968,0.04104846686443362,0.041543026706203266,0.22456087354401608,WIN,33,0.5025,0.4025,0.8314,-0.2304,DISCOVERY
27667,2026-01-10 19:05:00+00:00,SHORT,DOWNTREND,90545.0,43.55446966590987,-2.5734834308772605,0.2218707076137605,3.866164853889824,-0.008480967889855862,2.6454461156864113,-0.03133898521015715,-0.0017167107295934514,-0.0031253257818275593,-0.14921461997971344,-1.9261367053169742,0.4676168617928768,0.19114604974093022,0.46801504830876633,0.05505549726655898,0.0,0.36094674556173784,0.6390532544382621,0.0,0.018664752333087613,TIME_EXIT,48,0.0583,-0.0417,0.2064,-0.0912,DISCOVERY
28235,2026-01-12 18:25:00+00:00,LONG,UPTREND,91875.7,58.483306632463325,1.9508921602157585,5.746267428508091,13.84321230754929,15.495682697553484,53.71461847639223,0.1848762777512089,0.026337235092377398,0.06352733514520814,0.16562232186881487,43.57198871151303,0.6449813476597628,1.3837492489708971,0.3760017828726558,0.20682835613770423,0.36440677966099283,0.15840938722297151,0.4771838331160356,0.8415906127770285,0.16696471428244267,LOSS,7,-0.5,-0.6,0.0104,-0.5362,DISCOVERY
28247,2026-01-12 19:25:00+00:00,LONG,UPTREND,91788.1,55.67120827329648,0.6631483122798159,4.828353904908418,14.493688709299192,4.899885728629627,21.563617926413777,0.12710680578517183,0.014606050467347309,0.04223802227292239,0.18855498200015483,55.07114369642308,0.784584834841059,0.5789435716594673,0.49414279006851586,0.5610122662959628,0.7690355329948936,0.06006768189502067,0.17089678511008577,0.9399323181049793,0.12877486297243007,LOSS,19,-0.5,-0.6,0.2494,-0.6625,DISCOVERY
28512,2026-01-13 17:30:00+00:00,LONG,UPTREND,93341.2,56.97077778174194,-0.8464569023419415,4.346304432477197,-50.182864302364095,1.9647618865425045,7.271771417414357,0.3724517142854791,0.010321241760591349,0.035175645892038254,0.5246041632018026,142.1115636844222,0.4399448448157156,0.5779690566053307,0.45389618835763196,0.05167600159415197,0.6890012642224947,0.22503160556255172,0.08596713021495357,0.6890012642224947,0.25422857216320655,WIN,15,0.5,0.4,0.5351,-0.2451,DISCOVERY
28591,2026-01-14 00:05:00+00:00,LONG,UPTREND,95543.0,60.75637632857458,2.6159270051739796,6.785945743135613,-45.84832764687533,18.6922304092366,51.55429875303952,0.44404857246969587,0.027958633659386223,0.061328355624024056,1.0659690100746546,274.47145082355223,0.5997234516953868,0.935392533401108,0.9548774156418658,0.15782422574129779,0.4823348694316498,0.10407066052229229,0.4135944700460579,0.8959293394777077,0.27254743937285697,TIME_EXIT,48,-0.2237,-0.3237,0.2219,-0.4825,DISCOVERY
28619,2026-01-14 02:25:00+00:00,LONG,UPTREND,95485.2,59.26883701456442,4.103222984546505,1.4669969211591223,15.97144903080276,8.840050232507709,21.045171458873465,0.1576566963134576,0.018145212159415003,0.036757574740931,1.1913945293551376,211.34787810200828,0.8846915443309925,0.4812834262380712,1.7698779216924734,0.28886151990045833,0.35331050228307764,0.09874429223746117,0.5479452054794611,0.9012557077625388,0.18348393258850282,LOSS,35,-0.5,-0.6,0.2826,-0.6254,DISCOVERY
28847,2026-01-14 21:25:00+00:00,LONG,UPTREND,97527.9,55.91215345141547,-0.24822873254895228,2.2130385113170803,-15.578126635900105,1.2760715393458497,2.289926438732863,0.23532085946274028,0.010918683972516163,0.03068437280930869,1.5328518921650098,118.15192390079778,0.6381014620486701,0.510020397926204,0.48756072378089865,0.04892958835367788,0.740228013029251,0.21091205211732994,0.04885993485341904,0.740228013029251,0.12591268754889925,LOSS,14,-0.5,-0.6,0.1426,-0.5251,DISCOVERY
28853,2026-01-14 21:55:00+00:00,LONG,UPTREND,97515.0,53.88467523593081,3.786324231966624,2.4186211650120555,-22.424166621622277,2.8067153755646643,-6.3772924867980265,0.20324403947011324,0.0057063703174931035,0.0043534465541617,1.5330546690650655,118.15192390079778,0.5597940100962111,0.3579169106621686,1.2543611736756028,0.029075014100403168,0.4685059864653684,0.02915148360231989,0.5023425299323117,0.9708485163976801,0.19699533405117758,LOSS,8,-0.5,-0.6,0.0214,-0.5119,DISCOVERY
29735,2026-01-17 23:25:00+00:00,SHORT,DOWNTREND,95077.3,37.86697770049428,-1.896375337720805,-6.275404322366718,2.0342547710043206,-1.4649816563292077,-0.5115721960661972,-0.0714460953606171,-0.007490072393279146,-0.016945404462331837,-0.05124780238078539,-1.867990049685968,0.2510212558647061,0.2783190367231026,0.5963379041410118,0.021666580771636624,0.0,0.6497175141244006,0.3502824858755994,0.0,0.05584929315408753,TIME_EXIT,48,-0.0171,-0.1171,0.2719,-0.13,DISCOVERY
30062,2026-01-19 02:40:00+00:00,SHORT,DOWNTREND,92517.3,42.239716866133264,0.5668325990317413,2.664389085876401,74.20596446186102,-0.3967840960296485,1.3568300719782087,-0.6652783578878522,-0.007772523513460694,-0.028935274860220073,-0.3836516865602299,-280.19993191796357,0.5141966071656066,0.595437178610979,0.5071551057265263,0.27108443501918333,0.0064724919092906215,0.776699029126177,0.21682847896453236,0.22330097087382297,0.06679831772004037,TIME_EXIT,48,0.0144,-0.0856,0.1871,-0.2704,DISCOVERY
30073,2026-01-19 03:35:00+00:00,SHORT,DOWNTREND,92515.6,43.330831288258416,0.3384483693967866,0.9984659345399649,33.033554499383854,-5.829140435452416,-25.62549027641751,-0.43706374957299104,-0.00627995286135441,-0.02274101626513758,-0.4960976809605536,-314.4064396482692,0.4801827609834732,0.38341068191628397,0.4955316143992123,0.260850602493,0.0,0.8965517241377307,0.10344827586226932,0.10344827586226932,0.05955752327175721,TIME_EXIT,48,-0.0964,-0.1964,0.1853,-0.2723,DISCOVERY
30096,2026-01-19 05:30:00+00:00,SHORT,DOWNTREND,92564.6,45.46717809520079,-4.096156756150052,-0.3432756270688131,-3.4332117075781605,-3.2196810166472267,-7.095260501936195,-0.1609171894960917,-0.005283707306824592,-0.009761261723728598,-0.659530678832562,-288.51958997078304,0.22230065455057946,0.20286071284408816,1.7754421277320993,0.07755394610899395,0.037932669511617924,0.7060218112849611,0.256045519203421,0.037932669511617924,0.2278408808550938,LOSS,34,-0.4975,-0.5975,0.2383,-0.678,DISCOVERY
30098,2026-01-19 05:40:00+00:00,SHORT,DOWNTREND,92567.7,45.76340838208896,0.2602352043939504,-3.7999264692618766,-5.836144380769042,-0.6239940806765105,-5.622613689838108,-0.1535789206122332,-0.004010754411953865,-0.014033424338399936,-0.659508591807559,-288.51958997078304,0.2844393718482225,0.2083863599738006,0.5438623125052373,0.07420244858629366,0.0,0.9648894668400873,0.0351105331599128,0.0351105331599128,0.08307433370386666,LOSS,32,-0.4975,-0.5975,0.2417,-0.6746,DISCOVERY
30435,2026-01-20 09:45:00+00:00,SHORT,DOWNTREND,90938.2,45.931291643550374,-1.9184284012783834,1.1213651299878151,13.285733206666265,-3.217507440553902,-0.19974327272220194,-0.21268911982287772,-0.00591925239041835,-0.005608807012214001,-0.9835936660071959,-141.39092770756884,0.4243694558635695,0.4499242720944046,0.3699823088006951,0.18750646043136926,0.0,0.5671342685371159,0.43286573146288404,0.0,0.10974485969592856,LOSS,16,-0.4975,-0.5975,0.0359,-0.5244,DISCOVERY
30501,2026-01-20 15:15:00+00:00,SHORT,DOWNTREND,90013.6,35.60008829792088,-3.9526259248939652,0.4231717592197839,-84.62887224719441,-4.355003669432335,-21.630761457941645,-0.28255661618474626,-0.06937201411041372,-0.20815371022898654,-1.1304985626234345,-62.37984365908483,0.03829440398459797,1.691139790517142,1.0378754567227801,0.5889721108810211,0.08357832843343796,0.3775724485510374,0.5388492230155246,0.08357832843343796,0.5290311686234048,LOSS,1,-0.4975,-0.5975,0.0206,-0.6781,DISCOVERY
30508,2026-01-20 15:50:00+00:00,SHORT,DOWNTREND,90333.9,43.2630864427075,-1.5520472124773548,-4.14664498475333,11.832934812761835,-7.147249213624264,-8.708350784462596,-0.24564890910088638,-0.02619753042776285,-0.0575895016074246,-1.1264901151899873,-62.37984365908483,0.32956035196184985,1.440970946208699,0.3829867369336971,0.2323103508206891,0.0527218174024388,0.602228889841436,0.3450492927561252,0.0527218174024388,0.2582640625501482,LOSS,4,-0.4975,-0.5975,0.0154,-0.5434,DISCOVERY
30520,2026-01-20 16:50:00+00:00,SHORT,DOWNTREND,90083.6,39.641656184818466,0.1306131215555908,-6.375815366835724,-42.234883502278194,-7.690483800854139,-52.5366121348818,-0.22908272572003935,-0.04214378823736986,-0.13992966100587756,-1.1506254290405722,-54.52013291605749,0.10753245881249918,1.0855580601693968,0.5097672401961563,0.012613283660958164,0.12403100775191685,0.8456072351420654,0.030361757106017784,0.15439276485793463,0.17184037938093383,WIN,11,0.5025,0.4025,0.7535,-0.4314,DISCOVERY
30560,2026-01-20 20:10:00+00:00,SHORT,DOWNTREND,89370.0,40.96086169553211,-4.198048368841597,-10.27415443608183,22.529372654199165,-13.091135379476,-22.389543484690307,-0.30284929984988007,-0.02283241970395533,-0.03746347490162227,-1.3677658255574197,-113.33809500818484,0.19860545737854923,0.528529900157399,0.6672754450593474,0.14901532952891167,0.038059389376853194,0.37850271852780343,0.5834378920953434,0.038059389376853194,0.2675394427660354,LOSS,7,-0.4975,-0.5975,0.0,-0.508,DISCOVERY
31332,2026-01-23 12:30:00+00:00,SHORT,DOWNTREND,89112.9,45.80002079775327,-1.4214794040829446,0.9318114321782076,-8.276202494408848,-1.9198166497337166,-4.5955087883925945,-0.05051591923874378,-0.004576851146786964,-0.008608297158385625,-0.2942492201597963,-55.29726426965868,0.26807021483983157,0.2730521269052878,0.4731570292247029,0.02372552122085164,0.08583690987123391,0.5751072961373297,0.3390557939914364,0.08583690987123391,0.052293214562656835,LOSS,22,-0.4975,-0.5975,0.0632,-0.5129,DISCOVERY
31364,2026-01-23 15:10:00+00:00,SHORT,DOWNTREND,88783.2,38.992870604774026,-3.842442764424959,-5.066017028344845,-44.97199279744879,-2.7439307999017046,15.837660840443839,-0.09755141793625148,-0.034865054341426394,-0.07146402302392607,-0.3048628147772524,-39.62900912009181,0.16987660411378386,1.2911893084200945,0.984524218379934,0.00010418637761804909,0.13313266959944162,0.5322991433202224,0.3345681870803359,0.13313266959944162,0.4864659079645797,LOSS,2,-0.4975,-0.5975,0.286,-0.5258,DISCOVERY
31481,2026-01-24 00:55:00+00:00,SHORT,DOWNTREND,89414.2,40.95365439792015,-0.3935603474361855,-1.9433089104773984,-5.145521539756029,-0.1324409601589558,-2.775855125961929,-0.0944210214557714,-0.0074661930960617795,-0.024060538063619408,-0.08149202403138892,-4.188807272074747,0.10829391939499314,0.19990566645027427,0.9556927396793571,0.007196843454409059,0.0,0.8083333333330908,0.1916666666669092,0.0,0.026841374188887223,LOSS,30,-0.4975,-0.5975,0.004,-0.5365,DISCOVERY
31588,2026-01-24 09:50:00+00:00,SHORT,DOWNTREND,89567.5,42.13795082648536,0.11308755677928417,-2.451883802078413,-2.3462799240210135,-0.22539305889620387,-1.4344350157550094,-0.02670186602706033,-0.00282622012421907,-0.008502265704812828,-0.044984802335570284,-6.794559686768068,0.20453712696357632,0.10792408205535739,1.053460588667151,0.0010606525804528312,0.0598290598299953,0.905982905982502,0.03418803418750267,0.09401709401749797,0.01306277388562999,TIME_EXIT,48,0.0835,-0.0165,0.1375,-0.0824,DISCOVERY
31596,2026-01-24 10:30:00+00:00,SHORT,DOWNTREND,89578.1,45.50107041901146,-2.0762360628767524,-4.874734108604706,1.5260028246258486,-0.7397063132737323,-1.3259260242845627,-0.020826739114673518,-0.001270978941025902,-0.0021487145066001467,-0.04713115709207417,-11.746249629582998,0.3658500964636696,0.08665957836642862,0.9250030955528532,0.006167802174871683,0.006410256410627145,0.5064102564106271,0.4871794871787457,0.006410256410627145,0.017414970846675492,TIME_EXIT,48,0.1322,0.0322,0.5014,-0.0706,DISCOVERY
31597,2026-01-24 10:35:00+00:00,SHORT,DOWNTREND,89578.1,45.50107041901146,0.0,-2.531477078094369,1.0495494192110648,-0.47645340541478376,-1.5457386535531832,-0.020686525900317304,-0.0011499479431908988,-0.002932707212077723,-0.04713115709207417,-11.746249629582998,0.38259246770483496,0.0718765689718374,0.6917696968567602,0.006167802174871683,0.006410256410627145,0.9935897435893729,0.0,0.006410256410627145,0.017414970846675492,TIME_EXIT,48,0.1412,0.0412,0.5014,-0.0706,DISCOVERY
31654,2026-01-24 15:20:00+00:00,SHORT,DOWNTREND,89389.9,39.49505346480441,-2.2493796649673854,-2.8506903963969847,1.0950344533655354,-1.198250217214703,-1.3189579556286475,-0.05059805858186136,-0.004472832929147685,-0.009532661653477437,-0.07871135030837056,-34.62531019374809,0.3316105602629378,0.19376076469196446,0.29397934881089327,0.1346908319619937,0.22916666666654736,0.45370370370353214,0.3171296296299205,0.22916666666654736,0.04832760748137887,TIME_EXIT,48,0.1658,0.0658,0.3063,-0.0395,DISCOVERY
31823,2026-01-25 05:25:00+00:00,SHORT,DOWNTREND,88956.4,43.94007771681756,0.015311383044661397,-6.86532123193377,3.423236324821744,-1.9827282602833947,-8.214850641191898,-0.06435127490108188,-0.0035851319545532334,-0.010555651538024513,-0.1971391072143487,-36.15141917217757,0.4173982487545266,0.21777653997765226,0.7764527785916566,0.08162987710832575,0.31472081218263986,0.6802030456858229,0.00507614213153724,0.3197969543141771,0.022145680355766525,WIN,38,0.5025,0.4025,0.675,-0.0164,DISCOVERY
31966,2026-01-25 17:20:00+00:00,SHORT,DOWNTREND,87821.2,38.65236159955388,-2.732047759845649,-2.31317718532015,12.3657973878598,-1.995680402342714,-0.8475582165029323,-0.2839581634390549,-0.025622112060696978,-0.07304217451586936,-0.40057028738665096,-33.69127169041312,0.30637505331739096,1.0226777839603274,0.3087758265328775,0.09325197105027497,0.004848484848502487,0.43878787878784353,0.556363636363654,0.004848484848502487,0.18788174153848958,WIN,13,0.5025,0.4025,0.521,-0.167,DISCOVERY
31968,2026-01-25 17:30:00+00:00,SHORT,DOWNTREND,87774.9,37.71611257593558,-2.37454988042537,-3.668296783463944,11.023246667381585,-3.032324365261303,-3.338231122820929,-0.2890258914687037,-0.026312896477187486,-0.07175219531563304,-0.40078158246424145,-33.69127169041312,0.26259474572275493,0.7513367988884189,0.42160677802785773,0.13012831686507323,0.21607055365013794,0.4051935325820707,0.37873591376779137,0.21607055365013794,0.23252661068254282,WIN,12,0.5025,0.4025,0.5567,-0.2199,DISCOVERY
31975,2026-01-25 18:05:00+00:00,SHORT,DOWNTREND,87862.5,42.890857393719195,-0.03810426997392824,-0.33092672498246856,24.833783506427793,-0.6315328158555502,-4.08997769932428,-0.2520536315911238,-0.009101576599035432,-0.032164070934492806,-0.44290738957874126,-60.19050554849204,0.4066756210477302,0.3163200975581765,0.6374785672278594,0.07701522264902083,0.2036363636363107,0.788181818181924,0.008181818181765266,0.2036363636363107,0.12519561815336464,WIN,4,0.5025,0.4025,0.5683,-0.0195,DISCOVERY
32020,2026-01-25 21:50:00+00:00,SHORT,DOWNTREND,86499.9,44.29190118343705,-1.755548130202179,5.042544191517642,12.162980451542325,-7.330658732011884,-26.154558751885645,-0.3425928893758335,-0.015168621449124231,-0.04253775685195693,-0.7188897845217683,-204.10661062395934,0.43871192979785417,1.072310845869431,1.5353261345029432,0.04400294104386248,0.15633608815425307,0.4084022038566773,0.4352617079890696,0.15633608815425307,0.1678614657357952,WIN,14,0.5025,0.4025,0.5559,-0.237,DISCOVERY
32488,2026-01-27 12:50:00+00:00,SHORT,DOWNTREND,87970.1,49.97551816026442,1.9818435474541118,-0.48090058977432903,-1.7960757179321618,-1.9454978648772023,-13.12960931233771,-0.04109137778559598,-0.00027276645823137713,-0.004892355564922735,-0.06422089974443157,-68.06341530525798,0.5017666695950133,0.37963347823287585,0.44080701057874994,0.0011367498729682017,0.0,0.5979999999998836,0.40200000000011643,0.40200000000011643,0.056837493648410085,LOSS,17,-0.4975,-0.5975,0.2451,-0.5101,DISCOVERY
32513,2026-01-27 14:55:00+00:00,SHORT,DOWNTREND,87712.1,40.462680020486815,-3.0903739883284302,4.8394457534813995,-40.620673862783406,-5.122498538773698,-11.611095118511596,-0.04313450961766344,-0.025589359554367697,-0.061464583701575926,-0.07890491996167467,-63.34834137112259,0.17312576489230114,0.8294094803092936,1.1490036922771878,0.05625221605684564,0.08772707133364274,0.514399645547219,0.39787328311913833,0.08772707133364274,0.25731911560662335,LOSS,3,-0.4975,-0.5975,0.208,-0.5187,DISCOVERY
32519,2026-01-27 15:25:00+00:00,SHORT,DOWNTREND,87591.2,38.34377875035986,-3.862664823158063,-12.69245631419232,-29.43729283600956,-9.119603119197638,-13.722127612526101,-0.07993224860564402,-0.031324970749846415,-0.06371214928303504,-0.09957809856009134,-73.39666151740875,0.10647672531737033,0.9384211682504751,0.9336441818814687,0.15844057393893318,0.032479249368458356,0.5330205701912449,0.43450018044029665,0.032479249368458356,0.3163559809661311,LOSS,6,-0.4975,-0.5975,0.013,-0.504,DISCOVERY
32634,2026-01-28 01:00:00+00:00,LONG,UPTREND,89402.2,59.794405742449115,-2.0218825735771446,5.391892008179354,11.245006241953732,5.370195010603805,27.0598014030777,0.15114978004061766,0.01528820972431788,0.046435339370587414,0.23412726371058828,140.923040428862,0.7655812758224906,0.48300241430798113,2.089861527153522,0.019619204001684074,0.723157283807311,0.12013929193266679,0.1567034242600222,0.723157283807311,0.19272456382503828,LOSS,28,-0.5,-0.6,0.0586,-0.5005,DISCOVERY
32761,2026-01-28 11:35:00+00:00,LONG,UPTREND,89410.9,55.240139969678005,2.511477673449974,3.2340307426669668,-12.367101082378703,2.7358303259762877,6.8138300791340995,0.09768559404090923,0.005935017005209708,0.015415678513086561,0.3820556344141573,7.215846831957265,0.5104225641802103,0.30852244851594607,0.4013621894562555,0.09267046858941451,0.5183867141161991,0.0011862396204723289,0.4804270462633286,0.9988137603795276,0.09428380656050092,WIN,3,0.5,0.4,0.7573,0.0001,DISCOVERY
32776,2026-01-28 12:50:00+00:00,LONG,UPTREND,89949.7,63.408128809416134,2.455338115771738,0.5708931200695346,-4.3477295504021924,1.8268572282296418,-3.6657016079020366,0.241349223387514,0.022157861453808714,0.055964156472776416,0.4318134254937904,47.40633192587677,0.7142270362766628,1.0355748165111023,1.6574961323238848,0.0037798903164865823,0.6646978646069703,0.04543389368469058,0.28986824170833914,0.9545661063153095,0.24469231136956685,WIN,10,0.5,0.4,0.55,-0.0452,DISCOVERY
33001,2026-01-29 07:35:00+00:00,SHORT,DOWNTREND,88249.0,49.54316779381389,-2.7402511756028716,-6.12136666314386,-5.373338726583658,-1.9803929341720021,-7.220489683875961,-0.020755190877800672,-0.0013824839822373924,-0.002979838727890094,-0.01651675565158133,-168.03617114150563,0.40520167686920905,0.17903075837627597,1.1148170867454528,0.017351471404775127,0.1587452471482657,0.5722433460075927,0.2690114068441416,0.1587452471482657,0.11920814966741504,WIN,29,0.5025,0.4025,0.5114,-0.2405,DISCOVERY
33151,2026-01-29 20:05:00+00:00,SHORT,DOWNTREND,83946.3,45.893900270967194,1.1971415997619346,-3.115975489616382,72.46170042020066,-8.200463473116457,-30.097603332291214,-0.6201708431283578,-0.004179906795720445,-0.014549000197427997,-1.3083025590402946,-451.8323164477423,0.6414789172936172,1.0379268720118668,0.46517119923719635,0.136724310660516,0.2516040329972269,0.5898258478460073,0.15857011915676572,0.41017415215399267,0.25992807306575405,LOSS,9,-0.4975,-0.5975,0.1918,-0.5121,DISCOVERY
33610,2026-01-31 10:20:00+00:00,SHORT,DOWNTREND,82950.7,40.035515092178656,2.3049079222642277,0.9473874387960137,6.592112477254645,-1.368903101690364,-13.495247983938867,-0.26246815281995484,-0.014215774823089777,-0.050622045548254224,-0.9453692526445479,-29.132913306270552,0.3018023880015377,0.5145401328488597,0.33144224933873256,0.00242312602545218,0.0,0.7482517482517878,0.2517482517482122,0.2517482517482122,0.15515239774950312,WIN,38,0.5025,0.4025,0.5878,-0.2523,DISCOVERY
33638,2026-01-31 12:40:00+00:00,SHORT,DOWNTREND,82886.6,43.80934063116395,1.2984139985059144,-3.3140721471175283,-4.155174364597421,-0.4211344964643047,-7.61766212161352,-0.14041965955014268,-0.009195095094272077,-0.032746037178521537,-0.9507167726989076,-58.698801623828814,0.20026368781126544,0.3001428271252111,0.6746859964425947,0.007621859263143447,0.0014204545455373443,0.73579545454535,0.26278409090911264,0.26420454545465,0.0849353212702586,WIN,10,0.5025,0.4025,0.51,-0.0428,DISCOVERY
33641,2026-01-31 12:55:00+00:00,SHORT,DOWNTREND,82735.6,36.27647347451957,-1.8991115270684773,-7.532867156644379,-17.57930859151371,-3.5967828607336116,-13.424134226916287,-0.1595538952551556,-0.02191339407261461,-0.06128363078901078,-0.9524519173364946,-58.698801623828814,-0.023131499176398052,0.43609391041009,1.3855802010309288,0.023484449257626723,0.2937013446567829,0.4274593064401922,0.278839348903025,0.2937013446567829,0.1707850066960152,WIN,15,0.5025,0.4025,0.5353,-0.1971,DISCOVERY
33690,2026-01-31 17:00:00+00:00,SHORT,DOWNTREND,80300.0,34.92715958169799,-0.2564077535869842,0.9543732851051061,-68.62968997300646,-0.459800427361472,-50.30656047257028,-0.7148060190540235,-0.08429849896335329,-0.3003020059520245,-1.342677466231309,-295.4678387384778,0.08247916530241375,2.164812543835939,0.594223912648323,1.0943337484433375,0.0,0.8985016916384698,0.10149830836153016,0.0,0.25765877957658057,WIN,1,0.5025,0.4025,1.261,-0.0519,DISCOVERY
34485,2026-02-03 11:15:00+00:00,SHORT,DOWNTREND,78084.4,40.962481149736725,-3.7490255399148538,-3.0300263739140973,-4.604344395951131,-1.378215281619859,8.090788909820702,-0.1676399306970263,-0.020878588452655222,-0.047871793786846695,-0.2144137426440977,-56.92471400494708,0.20185130662510672,0.7495637100977502,0.8899880116849569,0.017801250954088372,0.0006207324642537199,0.38671632526376,0.6126629422719863,0.0006207324642537199,0.20631521789242319,WIN,41,0.5025,0.4025,0.6242,-0.4372,DISCOVERY
34517,2026-02-03 13:55:00+00:00,SHORT,DOWNTREND,78260.4,49.952981733943766,2.5620422203999595,0.008144909226771802,-5.780694795888863,-1.43563093872217,-10.876668730706108,-0.015306936826759382,-0.0008265085495118285,-0.004477391888946247,-0.2224704116792808,-74.32510614643957,0.4308000297201387,0.35850358199379206,2.5914711428913626,0.0745523917587965,0.0005694760819548624,0.6890660592255468,0.31036446469249834,0.3109339407744532,0.22437912405251095,WIN,8,0.5025,0.4025,0.7116,-0.1752,DISCOVERY
34845,2026-02-04 17:15:00+00:00,SHORT,DOWNTREND,73153.3,39.21774960920331,-5.116143193903227,-1.7645611739858111,20.08501417771828,-10.125525752984458,-1.2524434580928414,-0.9216585856424587,-0.07734799764449463,-0.19646778068290738,-1.3511686414421062,-215.64466336373806,0.1639868590457729,2.0537126082134236,0.920007966689879,0.7696337690849177,0.02532942898975536,0.3645680819912152,0.6101024890190294,0.02532942898975536,0.9336557612575236,WIN,1,0.5025,0.4025,0.6232,-0.0221,DISCOVERY
34873,2026-02-04 19:35:00+00:00,SHORT,DOWNTREND,73192.1,47.0088261507549,-3.074754685826626,-0.3911045383335292,-10.323840298187424,-14.139298138814517,-48.90262435152506,-0.3429830517765197,-0.019907178423328453,-0.048368852048441546,-1.6259215635012778,-282.7646711611068,0.4249306245481279,2.26378371954292,0.4001442102146411,0.07780211252308238,0.019789339291450953,0.43600383019466965,0.5442068305138794,0.019789339291450953,0.42805166131317846,LOSS,1,-0.4975,-0.5975,0.0,-0.5633,DISCOVERY
34915,2026-02-04 23:05:00+00:00,SHORT,DOWNTREND,72546.1,43.07353071452817,-0.2033831362024685,-3.6286040462315583,-9.075221698046334,-8.429453194792814,-50.60183151296832,-0.3643865386698703,-0.04350008425085816,-0.14746569089210126,-1.92420601183993,-200.28493918888535,0.37051593408663114,2.2142494304058182,0.4759865902824772,0.6594944456007972,0.3886255924170791,0.5656736628300425,0.04570074475287835,0.3886255924170791,0.40718935959340913,LOSS,2,-0.4975,-0.5975,0.0285,-1.0511,DISCOVERY
34948,2026-02-05 01:50:00+00:00,SHORT,DOWNTREND,72513.1,42.3516976555715,-2.0724243981058237,-5.487901001599468,-37.665472502837304,-6.744331591118041,-18.813424183472364,-0.1975953684089422,-0.046202037912090876,-0.12203880251843158,-1.9954264288754617,-115.34415984976602,0.14515178263601436,1.4362050251550356,0.6145708790636761,0.04657089546577035,0.19382451849589608,0.44359523081627406,0.3625802506878299,0.19382451849589608,0.45109090633279475,WIN,2,0.5025,0.4025,0.6973,-0.107,DISCOVERY
34976,2026-02-05 04:10:00+00:00,SHORT,DOWNTREND,70917.4,30.877970800668976,-3.2907584945562007,-3.434220425747128,-18.60045245731169,-5.707339879506208,-4.401646958391666,-0.7664674599492989,-0.08531338140022049,-0.23139998635645087,-2.346511850899547,-181.2060359149524,0.14603385358310922,2.4074664334117535,1.194645181853859,0.9616998085096347,0.2116319172284028,0.47421225897475444,0.31415582379684276,0.2116319172284028,0.8994971614864742,LOSS,2,-0.4975,-0.5975,0.3411,-0.5983,DISCOVERY
34988,2026-02-05 05:10:00+00:00,SHORT,DOWNTREND,70814.7,38.78431453727335,3.858740695372127,1.0693858615254683,12.261239665845551,-0.07623541631471653,-18.73921282515562,-0.7282927204848504,-0.045468499022782716,-0.15569903420623588,-2.4693494130384654,-199.67900380395986,0.1753570254808277,1.1397677741371013,0.6215670701755618,0.23618330657333547,0.05239599789365081,0.619536598209587,0.32806740389676226,0.3804634017904131,0.5363293214544479,WIN,2,0.5025,0.4025,1.0407,-0.1851,DISCOVERY
34998,2026-02-05 06:00:00+00:00,SHORT,DOWNTREND,70559.1,41.48800018463776,-2.6479728519678076,-1.0136668361244858,34.643835901344204,-5.87240588580687,2.8234862416999533,-0.7012643574259938,-0.03613501282173637,-0.07989184425052365,-2.587393496879606,-202.7145989042458,0.2915787907554935,1.5091765468511538,0.9244281491158434,0.6056270559006521,0.09943342776205615,0.5161473087818614,0.3844192634560824,0.09943342776205615,0.5002898279598237,LOSS,7,-0.4975,-0.5975,0.2729,-0.5322,DISCOVERY
35001,2026-02-05 06:15:00+00:00,SHORT,DOWNTREND,70480.0,40.47111174594999,-3.214740362968506,-1.0168884386877721,26.601213150012143,-7.2439933631526685,-8.042622751332061,-0.6752761850967111,-0.038193505324812804,-0.09248510704422674,-2.5902973394676194,-202.7145989042458,0.2743339563220783,1.5100886193207332,0.571977814587781,0.3118047673098884,0.0673817381738163,0.51622662266229,0.4163916391638937,0.0673817381738163,0.5158910329171479,LOSS,3,-0.4975,-0.5975,0.1604,-0.5738,DISCOVERY
35139,2026-02-05 17:45:00+00:00,SHORT,DOWNTREND,66810.0,39.89534088504664,-2.6952520710111614,2.0569152806668924,-38.579419841647336,-5.070606411214726,-4.440102857757552,-1.0601965761435457,-0.09873356734916294,-0.27411546993609814,-3.4661386945698434,-175.0219770781814,0.16600055460227278,3.2663756722554456,0.529977726070709,0.48930549318964056,0.1574856370395347,0.3830686042582131,0.4594457587022522,0.1574856370395347,0.8857955395898861,WIN,2,0.5025,0.4025,1.0359,-0.2694,DISCOVERY
35161,2026-02-05 19:35:00+00:00,SHORT,DOWNTREND,65955.9,43.23599318205498,0.19919068782530047,0.7454272111895719,69.0285733707625,-4.656254569124485,-33.675611737703036,-1.1125033387233694,-0.03376565095580819,-0.13322256213363914,-3.9573188441065126,-320.0091339941398,0.4653546025775988,1.636003516346576,0.6138001860128088,0.49914033467818464,0.4066869300911943,0.5620060790273822,0.03130699088142358,0.43799392097261786,0.49881814970305927,WIN,2,0.5025,0.4025,0.772,-0.0861,DISCOVERY
35166,2026-02-05 20:00:00+00:00,SHORT,DOWNTREND,65202.0,33.09491503636997,-0.4469585762154509,-4.113955271860824,-30.083272774643262,-10.514940863257493,-59.863095338299274,-1.1821061712031595,-0.10487428439537316,-0.3275703685193365,-4.2500284360247935,-378.86993239919866,0.06439235190524081,2.1223838441852605,0.996814930370774,0.9883707554982977,0.12994923857867283,0.7799492385786876,0.0901015228426396,0.12994923857867283,0.6042759424557529,LOSS,1,-0.4975,-0.5975,0.2337,-0.7302,DISCOVERY
35184,2026-02-05 21:30:00+00:00,SHORT,DOWNTREND,63490.0,41.91816867872739,-3.7419506281446075,7.5044233258022714,74.97185185893272,-2.895303108623011,89.44463858093354,-1.7402095389348609,-0.093780523765008,-0.15940996131099672,-4.699954951532289,-476.5137131310605,0.3429213966360417,4.90850557079143,0.5764398186159463,0.328575366199406,0.04566210045662092,0.3656773211567762,0.5886605783866029,0.04566210045662092,1.2417703575366221,LOSS,1,-0.4975,-0.5975,0.3353,-0.5856,DISCOVERY
35625,2026-02-07 10:15:00+00:00,SHORT,DOWNTREND,67911.7,37.99733669410354,-0.3265157301648358,-4.835765031073116,-16.84364171184353,-0.1561593396525609,-5.6469387597445575,-0.645358709539095,-0.043859619207053946,-0.13449698686510692,-0.19820280466764828,-329.4658786343233,0.17570942497952213,1.6618302975726678,0.9263187946821436,0.763969978663466,0.4476967370441411,0.48272552783110173,0.06957773512475716,0.4476967370441411,0.3068690667440349,WIN,6,0.5025,0.4025,0.5352,-0.2737,DISCOVERY
35640,2026-02-07 11:30:00+00:00,SHORT,DOWNTREND,67925.1,46.35999169068652,1.0544362463597565,-2.062270347795234,29.929280484359026,-0.4850560500130996,-12.298296480483657,-0.4875579703835,-0.007019842944533394,-0.039883604805712736,-0.2845971639137634,-358.1154283209259,0.5087751324580738,0.7978053738605351,0.5912219501801974,0.12694129268857288,0.09775524981896765,0.6871832005792192,0.21506154960181312,0.3128167994207807,0.20331217767806864,LOSS,6,-0.4975,-0.5975,0.4227,-0.709,DISCOVERY
35643,2026-02-07 11:45:00+00:00,SHORT,DOWNTREND,67740.3,40.801268743857136,-1.4126465278191205,-5.558722946829384,8.463301482940139,-7.131101294532186,-21.465979001418887,-0.4749585658279658,-0.028008538477664047,-0.0726137217940348,-0.28537356372142986,-358.1154283209259,0.223104400537895,0.730406898626024,0.7507896610885241,0.2911782203503821,0.12877871825878875,0.587061668681951,0.2841596130592603,0.12877871825878875,0.2441677996702025,LOSS,3,-0.4975,-0.5975,0.1495,-0.9838,DISCOVERY
35921,2026-02-08 10:55:00+00:00,LONG,UPTREND,70231.1,52.82782367697318,-0.6475196346597727,0.6148417947067841,-13.093344339944522,2.8684415234211116,22.249373217768266,0.2576185710553064,0.005664143088224272,0.03224082981776455,0.20873579879501586,88.04243109930746,0.5419998840825434,0.7136767112659331,0.29485931325226544,0.29148055491084696,0.7971758664956413,0.0,0.20282413350435866,0.7971758664956413,0.11091952140859843,WIN,3,0.5,0.4,0.5401,-0.0698,DISCOVERY
35973,2026-02-08 15:15:00+00:00,LONG,UPTREND,71279.5,54.36695835739961,-2.1927784477562255,0.2326640943475553,-12.121802363617988,0.7155475976943677,16.44847553464642,0.2990101008315914,0.007046095315477174,0.039724865682178034,0.660196169402205,190.3954541869336,0.5401961645699475,0.5292273966112112,1.0788358563805618,0.007638942472950827,0.7947686116700085,0.0,0.20523138832999152,0.7947686116700085,0.2789020686172082,LOSS,2,-0.5,-0.6,0.1977,-0.7706,DISCOVERY
36027,2026-02-08 19:45:00+00:00,LONG,UPTREND,71283.8,61.41135757276014,0.7809707209033263,7.299186322395464,1.9397700780651803,1.2350555616838648,3.4966383337368256,0.15515336994008444,0.02225684398593497,0.06411507551911111,0.7613009921035552,49.20634194767371,0.7383271860956727,0.7952890507472794,0.4489080199939312,0.006365401395556663,0.6409202958093826,0.2128184059161446,0.14626129827447276,0.7871815940838554,0.17072602751255836,LOSS,3,-0.5,-0.6,0.2752,-0.5526,DISCOVERY
36315,2026-02-09 19:45:00+00:00,LONG,UPTREND,70908.1,69.55355056190683,0.7553985628896669,4.752528929929596,27.831636269313435,4.134451903119384,27.138561959825893,0.4892748623995936,0.053445505760274514,0.1681720913639717,0.004939315634698398,56.925372807070886,0.9936600865530725,1.1784945055434835,1.1696398039322145,0.8542148217199708,0.7075471698112901,0.1449851042700885,0.14746772591862142,0.8550148957299115,0.284029610157385,LOSS,6,-0.5,-0.6,0.2495,-0.5221,DISCOVERY
36327,2026-02-09 20:45:00+00:00,LONG,UPTREND,70755.0,55.25395922439576,-1.1720618254472797,6.74308625558789,-31.518401440700003,5.286872496886971,22.68882654160676,0.38007258101408314,0.011023009356336821,0.03613793782857311,0.08059181046797984,118.37698235655711,0.530541651781462,0.9452168114675996,1.175193099443912,0.24909193696557888,0.6289808917197647,0.22717622080673927,0.14384288747349605,0.6289808917197647,0.2662709349162521,LOSS,4,-0.5,-0.6,0.0984,-0.5855,DISCOVERY
36486,2026-02-10 10:00:00+00:00,SHORT,DOWNTREND,69097.0,48.94529050904065,-0.8205326278038783,5.252536837321138,-12.503921818121981,-0.49137927690318506,-4.107006013849752,-0.08177140421573652,-0.003454942495340063,-0.011676728277565385,-0.268234298288884,-114.70398821332364,0.4037579453181202,0.6898385865959232,0.6091983554490115,0.17972560313761476,0.2528647822765746,0.6096256684491794,0.137509549274246,0.2528647822765746,0.18944382534698861,WIN,20,0.5025,0.4025,1.001,-0.1964,DISCOVERY
36499,2026-02-10 11:05:00+00:00,SHORT,DOWNTREND,68834.2,37.87426374071378,-1.0013489808153437,-7.891756008909908,-26.765505798582424,-1.9184656942926885,-9.599937899345043,-0.13234558054875206,-0.026454367693384828,-0.07649685487476354,-0.32203804951026316,-113.68625945690917,0.005587753526689517,0.5841894300988514,1.049466185051195,0.41542213027826197,0.17482951022936505,0.6862988220706453,0.13887166769998963,0.17482951022936505,0.23433119001891925,WIN,7,0.5025,0.4025,0.6168,-0.3119,DISCOVERY
36751,2026-02-11 08:05:00+00:00,SHORT,DOWNTREND,66887.9,41.90524640077823,-4.383751891230837,-11.32786896294671,42.87902490270737,-14.455472067624072,-33.67895395015729,-0.46897324796630613,-0.018779278379055242,-0.025546685233435174,-0.9817090647365098,-187.35355831831555,0.47272484800980785,0.8924158988686207,0.9964846715042525,0.05030805272701667,0.21898638426624603,0.3596822995461171,0.42133131618763686,0.21898638426624603,0.39528823598886226,WIN,30,0.5025,0.4025,0.554,-0.2954,DISCOVERY
36754,2026-02-11 08:20:00+00:00,SHORT,DOWNTREND,66962.0,45.98564971456025,-0.2584488945488417,4.080403313782021,28.065348931858992,-2.165877005880631,-14.81367597084838,-0.43019421448831857,-0.004346675106470244,-0.026567724076209664,-0.980622707672847,-187.35355831831555,0.5926786634007392,0.884715376477449,0.5985404541786205,0.04622024431769009,0.11413612565438931,0.8251308900523865,0.06073298429322419,0.11413612565438931,0.14261820136794004,WIN,21,0.5025,0.4025,0.5256,-0.1844,DISCOVERY
36757,2026-02-11 08:35:00+00:00,SHORT,DOWNTREND,66941.7,45.782450883742754,1.992285856488401,-0.2031988308174988,18.20374047157341,-0.22612402418042166,-9.86160846028558,-0.3974303525856988,-0.004566403009276243,-0.02822782739295704,-0.9809200804758347,-187.35355831831555,0.5157953106256972,0.7694589035832999,0.5361431723661126,0.0834308062089718,0.12641083521447438,0.6260346124906,0.24755455229492565,0.37396538750940006,0.19853096052235628,WIN,24,0.5025,0.4025,0.6349,-0.2148,DISCOVERY
37163,2026-02-12 18:25:00+00:00,SHORT,DOWNTREND,65277.3,34.562017274394364,-1.469569820016332,-4.542125817352385,3.622791762313625,-4.3520383531783295,-27.728646708789313,-0.9341144997518779,-0.0770819093835029,-0.24804997218730307,-0.7343814472795127,-173.58099782117472,0.08001000517549563,1.530540956015649,0.8988838139157175,0.7294112961167195,0.19648093841643083,0.5027696318018969,0.3007494297816722,0.19648093841643083,0.4701481219351925,LOSS,4,-0.4975,-0.5975,0.3016,-0.588,DISCOVERY
37170,2026-02-12 19:00:00+00:00,SHORT,DOWNTREND,65493.5,42.445736307782006,-1.6025299398314345,-1.8904639775829892,60.06084209929617,-1.1111183789512893,16.86720215576088,-0.8072485259451815,-0.020839171966058334,-0.043429547576467886,-0.8404695322723451,-215.37886028983493,0.4051336830551182,1.5088315556067198,0.8339542560881046,0.23207646560346085,0.08038976857491952,0.6520503451076083,0.2675598863174722,0.08038976857491952,0.3760678540618579,LOSS,4,-0.4975,-0.5975,0.3978,-0.6836,DISCOVERY
37451,2026-02-13 18:25:00+00:00,LONG,UPTREND,69037.8,55.20526100710883,-0.8654704785192067,1.6570393853313092,-34.35378255060803,2.127279116452371,3.095856826002688,0.5339521812895912,0.00882764414285031,0.02169879225142335,0.1388283231343964,312.18006444370644,0.587921696213802,0.6787497806439452,0.5897931715663939,0.08972258675680583,0.5860597439545187,0.27027027027025907,0.14366998577522228,0.5860597439545187,0.20365654757249768,LOSS,22,-0.5,-0.6,0.4939,-0.5317,DISCOVERY
37461,2026-02-13 19:15:00+00:00,LONG,UPTREND,69150.7,56.15138512526995,1.020910231180352,8.003297344365265,-17.801750788216793,5.070570816835001,9.41392863793746,0.412705787629152,0.013537381698025541,0.025828125598659213,0.2753430358200202,311.22312176615543,0.7312017283237531,0.4578026076803311,0.6459439870801436,0.14455746651878973,0.7311740890687316,0.051821862348248836,0.21700404858301953,0.9481781376517512,0.17859544444235562,LOSS,11,-0.5,-0.6,0.067,-0.5547,DISCOVERY
37505,2026-02-13 22:55:00+00:00,LONG,UPTREND,68968.9,57.22562985393215,1.3972484996806926,6.714822422839134,17.838622681702716,5.233653013836189,15.418237263454415,0.02580374262459528,0.01650260342764831,0.035990272454577976,0.5292159453758472,196.78652757590248,0.9623931405126589,0.3774754789173392,1.0079469768549505,0.16410657557246144,0.8420390182505212,0.0,0.15796098174947884,1.0,0.23039369918904637,TIME_EXIT,48,-0.1736,-0.2736,0.2163,-0.3374,DISCOVERY
37529,2026-02-14 00:55:00+00:00,LONG,UPTREND,69062.2,61.54471914686875,-2.7965271117992287,2.423677066596724,27.10257926431604,0.401208603057011,13.565282122864684,0.05995766684586738,0.021008748503570374,0.07293001433104074,0.6457183459660629,124.09808882924676,0.9576521679661637,0.5306869316966342,2.6410372911500004,0.31996881072423644,0.6914572864321901,0.0,0.30854271356780993,0.6914572864321901,0.14407302402761568,TIME_EXIT,48,-0.4324,-0.5324,0.0298,-0.4439,DISCOVERY
37642,2026-02-14 10:20:00+00:00,LONG,UPTREND,69603.2,54.44047831996662,1.7052871565921421,-0.7920856281350126,-32.82548433009937,1.6346110250968025,0.24004065541200248,0.27425759223641333,0.0014461896955753062,0.0014653391744445798,0.9318263977645646,16.20783144130087,0.3045756694113295,0.428910283956025,0.40521055046216525,0.2082124097742641,0.4539007092197581,0.002364066193990872,0.543735224586251,0.9976359338060091,0.0607730679049281,WIN,10,0.5,0.4,0.8234,-0.0875,DISCOVERY
37920,2026-02-15 09:30:00+00:00,LONG,UPTREND,70557.4,52.60163140599401,-1.7644578470652164,3.629479607980599,2.6422990611922827,2.3720655133469055,15.301186189167623,0.13043590481952877,0.0060755485041363855,0.02244683741476905,0.997109471921761,20.504336426135183,0.5152826078777669,1.1005270993079552,0.33320624390421405,0.3646215705227052,0.6483739837397574,0.0010162601626608403,0.3506097560975817,0.6483739837397574,0.13946092117906014,LOSS,7,-0.5,-0.6,0.0473,-0.5535,DISCOVERY
38127,2026-02-16 02:45:00+00:00,SHORT,DOWNTREND,68317.8,36.593438668367625,-4.403799249226374,-3.331680514822878,-18.72490166634762,-2.305249213021071,9.26079949462482,-0.1422548326272132,-0.031739023037802294,-0.06800729523477322,-0.05199931052401965,-55.80912435705284,0.10826609619175939,0.8440411465652827,0.7341646624631629,0.2608031874562748,0.010233086981256224,0.39056281978396457,0.5992040932347792,0.010233086981256224,0.25747316219198246,LOSS,18,-0.4975,-0.5975,0.3019,-0.6035,DISCOVERY
38160,2026-02-16 05:30:00+00:00,SHORT,DOWNTREND,68400.1,42.36365759859604,-1.269694872727527,-3.0947145050162703,-39.267962697441675,-2.1929393567662956,-18.977852784963375,-0.009846003395723927,-0.021112470777640002,-0.07078110156185646,-0.1591772074211638,-23.166517151358192,0.1528865577020297,0.8520547596723265,0.75327695770382,0.40558420236227466,0.0015847860539748263,0.5562599049128777,0.4421553090331475,0.0015847860539748263,0.09225132711795131,LOSS,39,-0.4975,-0.5975,0.318,-0.508,DISCOVERY
38299,2026-02-16 17:05:00+00:00,SHORT,DOWNTREND,67730.9,43.59908439980941,-3.899103391444271,-3.062782023023132,53.08797720621877,-9.712755526037824,-9.690980897167435,-0.42418462792271894,-0.013885254122625312,-0.00836107128625585,-0.3479075925220587,-65.13844089001577,0.6219574352049393,0.9590775375747561,0.45968125543435623,0.09994699612733184,0.00045620437952221794,0.500912408759144,0.4986313868613338,0.00045620437952221794,0.3236336738475306,LOSS,12,-0.4975,-0.5975,0.2571,-0.5302,DISCOVERY
38337,2026-02-16 20:15:00+00:00,SHORT,DOWNTREND,67912.4,47.4655850335372,-1.5471061841110014,-0.059007055772063666,-6.202352465946926,-0.8209845050728761,-0.4996678317614096,-0.062061401702055534,-0.0049988455100291596,-0.010352550710590602,-0.46250850117952447,-65.88578059167364,0.40006681458373994,0.3388569034324041,1.560383186705765,0.07457769126108318,0.13583815028893895,0.6979768786127881,0.16618497109827288,0.13583815028893895,0.2037919437392791,LOSS,5,-0.4975,-0.5975,-0.0001,-0.5295,DISCOVERY
38587,2026-02-17 17:05:00+00:00,SHORT,DOWNTREND,67468.6,48.38451185965055,-1.7785860985816626,-4.920471273523084,0.5679982114414983,-12.964139126260285,-45.7083808308889,-0.08044945552145231,-0.010172677162378907,-0.017793228751450396,-0.5520956403885402,-87.42043582133994,0.4913288698336927,2.0670482782650335,0.373657309822276,0.23541691987085772,0.00953206239173143,0.6828422876949276,0.307625649913341,0.00953206239173143,0.3420850588273699,WIN,1,0.5025,0.4025,0.653,-0.0245,DISCOVERY
38843,2026-02-18 14:25:00+00:00,SHORT,DOWNTREND,67050.7,33.378354324920124,-2.241638181284074,-8.554033489499005,-14.30615446797077,-3.674778652365262,-11.511268766928893,-0.26960336159703285,-0.034913110685508286,-0.09713914759927889,-0.4161653133264786,-10.58815704720007,0.08980613841159901,0.9198977250011746,0.6608923238691998,0.08223627792103501,0.0,0.585873605947977,0.41412639405202295,0.0,0.20059447552374546,WIN,4,0.5025,0.4025,0.5768,-0.3718,DISCOVERY
38844,2026-02-18 14:30:00+00:00,SHORT,DOWNTREND,67032.5,32.65520989193608,-0.7231444329840429,-3.1209964910075456,-16.155188447066337,-1.8490339790955659,-7.933934599927312,-0.27927671306814694,-0.03417561608950459,-0.09892310667295456,-0.4162783064074847,-10.58815704720007,0.1081656100901566,0.9426086167248455,2.783918817124078,0.10276358482826885,0.10355227882035785,0.8357908847184955,0.060656836461146696,0.10355227882035785,0.44515719986572805,WIN,3,0.5025,0.4025,0.5495,-0.3827,DISCOVERY
38866,2026-02-18 16:20:00+00:00,SHORT,DOWNTREND,67166.6,44.05875512319338,0.8576477014718265,2.6501962552361817,-58.052059730522565,-2.6605999177535438,-44.20505504000901,-0.057025894232547406,-0.0318101552070682,-0.13070087879649694,-0.4170669696522473,-6.855956053113829,0.33330350264912684,2.0525812554681466,0.38594487883915346,0.31156110328643233,0.07912904938924642,0.7716409984067836,0.14922995220397003,0.22835900159321645,0.28034767280164297,WIN,24,0.5025,0.4025,0.8495,-0.4304,DISCOVERY
38886,2026-02-18 18:00:00+00:00,SHORT,DOWNTREND,67083.9,45.69636441305431,-2.8689425037804313,-1.518286839962478,4.421447328266581,-1.4396949849988658,1.4491240051479366,-0.14506558233165992,-0.011463884401452518,-0.027583590608037944,-0.46200964451732573,-35.457560113437864,0.30253029239604595,0.36204837810370194,0.8949065326913926,0.0672478791483544,0.04769475357710541,0.3744038155802081,0.5779014308426865,0.04769475357710541,0.18752636623691066,WIN,4,0.5025,0.4025,0.7254,-0.0979,DISCOVERY
39346,2026-02-20 08:20:00+00:00,LONG,UPTREND,67867.5,58.03481191030823,-0.7093177034909601,5.1377669549096865,-12.901340745484191,2.266381688003129,7.5055268017652,0.2047724896051244,0.007553395649928518,0.02071781058241573,0.03262511787445043,116.62528960630596,0.6663804513441597,0.25427369938496447,0.7921947212672811,0.12892032268758294,0.6532170119955952,0.27699018538723597,0.06979280261716883,0.6532170119955952,0.13511621910339572,WIN,21,0.5,0.4,0.6133,-0.2223,DISCOVERY
39501,2026-02-20 21:15:00+00:00,LONG,UPTREND,67703.0,52.69464806123984,1.0163631036050234,3.5050180545061025,0.9210632302494126,1.1458077960141608,6.734905314458484,0.09104183633188223,0.00565568883954537,0.02038918372606613,0.2210773020461443,1.078313846687962,0.6787230760652312,0.39233816505757146,0.5382601048757444,0.1383985938584443,0.7160493827159237,0.008230452674975979,0.2757201646091003,0.991769547325024,0.10767617387709366,WIN,15,0.5,0.4,0.6099,-0.1474,DISCOVERY
39507,2026-02-20 21:45:00+00:00,LONG,UPTREND,67773.4,56.05886391202124,2.5071886609109626,3.7521866284489036,6.809791162848192,2.04458457745071,5.482668699630651,0.09581013936936966,0.011924863145895692,0.031456998786771884,0.22084765675663476,1.078313846687962,0.8376763415652118,0.3871919112238014,0.5416871080758673,0.14336745684884278,0.4959443800695419,0.0011587485516317195,0.5028968713788263,0.9988412514483683,0.127336093511618,WIN,9,0.5,0.4,0.5054,-0.2511,DISCOVERY
39519,2026-02-20 22:45:00+00:00,LONG,UPTREND,67979.9,62.08180376765513,2.4927823994533895,-0.15817974388307476,22.135309044573688,0.279589400332938,2.2101528699863593,0.1501488363084224,0.025311115049686528,0.07557082664948478,0.23740748982433693,5.35359112601239,0.9236801894871544,0.661321890165727,0.7222242923069017,0.010782598974111093,0.37934105075694313,0.14959928762246194,0.4710596616205949,0.8504007123775381,0.16519588878477745,TIME_EXIT,48,-0.0099,-0.1099,0.3532,-0.3451,DISCOVERY
39565,2026-02-21 02:35:00+00:00,LONG,UPTREND,68049.3,64.25781249673139,1.8455273657875253,3.7281983826710814,14.766103693115234,0.7242704679942236,3.5092655898169625,0.07730951553496608,0.014899219607555914,0.043113692041174545,0.3141718578995202,12.067298116797758,0.927487563673625,0.41203095143323015,0.7901259177626602,0.3118805042814522,0.534403669724766,0.0,0.46559633027523395,1.0,0.06407119544213653,LOSS,5,-0.5,-0.6,0.0046,-0.563,DISCOVERY
39703,2026-02-21 14:05:00+00:00,LONG,UPTREND,68218.5,58.503877973013566,3.196916888930957,3.205972288401682,8.304942731590838,0.21966079112691972,-0.7266915734970816,0.06588719917989071,0.010981280805411053,0.030809784747010127,0.38412773296381236,15.593865793668726,0.773045263963056,0.463468740815834,1.2215498015949813,0.39789793091317216,0.43870967741935485,0.07225806451620415,0.489032258064441,0.9277419354837959,0.11360554688244391,WIN,3,0.5,0.4,0.6346,-0.0712,DISCOVERY
39749,2026-02-21 17:55:00+00:00,LONG,UPTREND,68408.8,57.53185393610003,-2.337385479650173,0.18711935271451097,22.34892472442953,0.5600342891155385,11.803976554824196,0.029372361636066793,0.01181207138187812,0.04342203434324343,0.4496483193898029,29.602650426034444,0.8918864976595771,0.4475825314016955,0.7873489876112609,0.025110073557795546,0.6927453769559766,0.0,0.3072546230440234,0.6927453769559766,0.10276455660673534,TIME_EXIT,48,-0.0845,-0.1845,0.327,-0.4304,DISCOVERY
39759,2026-02-21 18:45:00+00:00,LONG,UPTREND,68575.6,67.48139590842325,3.6574555880750026,8.365126082064933,20.915939737796343,2.4708126046495664,3.6410043380293473,0.08770533225779037,0.023596775199341558,0.0585453963818372,0.4610756721170137,25.877713379925297,0.9389188059286986,0.6357577451203512,1.7063319747948547,0.16559825943921405,0.42735042735045187,0.22090729783033003,0.3517422748192181,0.77909270216967,0.2217990072270476,LOSS,26,-0.5,-0.6,0.083,-0.6725,DISCOVERY
39770,2026-02-21 19:40:00+00:00,LONG,UPTREND,68601.3,61.698763296733595,1.167099424895909,5.81891066012917,-0.15018184359743714,0.503727266300352,-0.36644426733004565,0.12431907463019748,0.012335422342046876,0.03365459175095342,0.48136405201457105,29.249408548693765,0.7704485291503602,0.42913155411324977,0.75245774845301,0.07197385472286967,0.7237354085604149,0.0,0.27626459143958515,1.0,0.07492569382797225,LOSS,15,-0.5,-0.6,-0.0001,-0.7098,DISCOVERY
40043,2026-02-22 18:25:00+00:00,SHORT,DOWNTREND,67316.7,38.238922997611766,-2.8946543857521974,-4.71814372402951,1.847166706443602,-1.2497042447174422,1.717135768565477,-0.1621521395674442,-0.013347205126568173,-0.031232017533566747,-0.013433290106640159,-70.58385596948585,0.29293215254586247,0.6965627911743347,0.4088239449112062,0.013770728511653237,0.1657397107897124,0.43047830923247604,0.40378197997781157,0.1657397107897124,0.13354784176882437,LOSS,47,-0.4975,-0.5975,0.0413,-0.5189,DISCOVERY
40063,2026-02-22 20:05:00+00:00,SHORT,DOWNTREND,67398.0,47.53831333547212,2.8594092888847342,-2.192470136399926,1.2836738218062687,-1.1259488348668238,-7.565652803245917,-0.06688823338278556,-0.0017355279351538577,-0.008224121513367155,-0.0803827864086876,-66.57689676371642,0.45344984531203847,0.2042906966488254,1.4555506539701701,0.007982432713143797,0.0,0.6875000000000315,0.3124999999999684,0.3124999999999684,0.08546247663136268,TIME_EXIT,48,-0.3254,-0.4254,0.1098,-0.4896,DISCOVERY
40070,2026-02-22 20:40:00+00:00,SHORT,DOWNTREND,67385.5,46.314566694248406,-2.2301839567609107,-5.56366539868668,-0.47526482987282836,-1.4078604999089839,-3.572801636430772,-0.053290129450931666,-0.0031394106527971033,-0.006232036765341231,-0.0803976974033394,-66.57689676371642,0.2507762643579672,0.15969522593191288,1.7897655297890214,0.022905521217469145,0.2715517241380054,0.3879310344826856,0.340517241379309,0.2715517241380054,0.06885754353682726,LOSS,26,-0.4975,-0.5975,0.0912,-0.5083,DISCOVERY
40152,2026-02-23 03:30:00+00:00,SHORT,DOWNTREND,64735.6,37.366815177107036,0.46327905862967356,0.1314898601380463,84.43422992119417,-5.910470025714233,-24.64993960411482,-1.0564718459659905,-0.0261190168719172,-0.09118956747546925,-0.677797520234277,-302.3190209196718,0.5300969967255399,0.8013851684991666,0.7072777964826424,0.11979498143215733,0.24360341151384565,0.7036247334754852,0.052771855010669146,0.2963752665245148,0.289794178164717,LOSS,20,-0.4975,-0.5975,0.1657,-0.6896,DISCOVERY
40164,2026-02-23 04:30:00+00:00,SHORT,DOWNTREND,64735.4,39.58357140157765,-0.0935265337378226,-6.409870614047577,26.806371971852656,-9.030843284513281,-37.147816822204646,-0.6813266055753622,-0.02146029233707214,-0.06477038454552053,-0.8376965324987948,-319.7885417101984,0.20889121204310215,0.5687556116356866,0.5384524107743217,0.2675699848923486,0.3025210084033656,0.6624649859943906,0.03501400560224375,0.3025210084033656,0.1102951399079857,LOSS,8,-0.4975,-0.5975,0.1654,-0.6899,DISCOVERY
40338,2026-02-23 19:00:00+00:00,SHORT,DOWNTREND,64593.8,39.523166679011126,-0.2463365457727562,-5.507550238444722,21.619900136235742,-11.198018292098595,-41.07173703544461,-0.4838029659735991,-0.034624599029264846,-0.0948450437839643,-1.1498864909460529,-53.70380920595045,0.3839531540805726,1.1713125007225023,0.46285858983013567,0.22205304533870948,0.1599496221662604,0.7827455919395406,0.05730478589419896,0.1599496221662604,0.2458440283742335,WIN,7,0.5025,0.4025,0.849,-0.3547,DISCOVERY
40340,2026-02-23 19:10:00+00:00,SHORT,DOWNTREND,64670.2,43.27052767862415,-2.358511676835178,3.501024453840266,21.460425983693625,-3.0945167625362444,-11.357492444640712,-0.4624310126346526,-0.01927170593575278,-0.06270902676712709,-1.1485280394814175,-53.70380920595045,0.4626950306399804,1.1396095665454404,0.4549540246393414,0.1500497910938977,0.11937716262974,0.43829296424451764,0.44232987312574235,0.11937716262974,0.26812967951235883,WIN,2,0.5025,0.4025,0.607,-0.0152,DISCOVERY
40344,2026-02-23 19:30:00+00:00,SHORT,DOWNTREND,64305.0,33.31979405434238,-3.385071252641012,-7.719810528076472,-17.88060754950635,-12.05819808871513,-32.6954845931194,-0.4971738495824096,-0.05986832472204551,-0.15029941237010291,-1.1550507428484746,-53.70380920595045,-0.06424887069370616,1.0962654593627337,0.980469223136195,0.22376176036077974,0.024657534246581986,0.37168949771690163,0.6036529680365164,0.024657534246581986,0.3405644973174714,WIN,8,0.5025,0.4025,0.674,-0.1042,DISCOVERY
40422,2026-02-24 02:00:00+00:00,SHORT,DOWNTREND,64001.4,37.3711643369214,-2.684379200635256,-5.56018884187489,-42.21824245557478,-4.77197220665883,0.9201147148650222,-0.25261542354615807,-0.06403060730777455,-0.15499343217885153,-1.4109563765470508,-22.624743059028674,0.16707646516009966,2.280307413948578,0.609137185346864,0.2884155659095016,0.14648729446937037,0.3692077727952196,0.48430493273541003,0.14648729446937037,0.41811585371570903,LOSS,6,-0.4975,-0.5975,0.0613,-0.7478,DISCOVERY
40433,2026-02-24 02:55:00+00:00,SHORT,DOWNTREND,64080.3,42.26544440782032,0.5160499867354815,0.07733470904588557,6.3442787173997175,-2.063573248673677,-9.441849084240872,-0.27890756953253243,-0.025877741714985802,-0.07779142246931992,-1.409219111613685,-22.624743059028674,0.2536135140568082,0.7653453731512918,0.3401586895470074,0.4411418173760187,0.1236291126619613,0.7457627118643957,0.13060817547364298,0.2542372881356043,0.15652236334723094,WIN,1,0.5025,0.4025,0.7552,0.0002,DISCOVERY
40512,2026-02-24 09:30:00+00:00,SHORT,DOWNTREND,63056.1,40.49686887272021,-2.620589037506349,-4.387470364655329,-27.599378118394824,-5.320131586765999,-18.651358439996983,-0.08192646101020709,-0.023800787552186176,-0.06063064640055016,-1.8519167997160677,-68.15709466323835,0.10241917829905926,0.6674927090493391,1.4922118397440212,0.09664409946064272,0.0988483685220338,0.41938579654508934,0.48176583493287684,0.0988483685220338,0.16524967449619798,WIN,48,0.5025,0.4025,1.0487,-0.4528,DISCOVERY
40535,2026-02-24 11:25:00+00:00,SHORT,DOWNTREND,63148.3,46.31512105532777,0.7150802005459127,-1.2915310448073996,-6.093848491366806,-1.5022453317171678,-6.896500956091454,-0.03795385825485551,-0.0062483887741104915,-0.017285679090239814,-1.8750869611702612,-20.43023493395299,0.2507049608897413,0.28241075985621744,1.200698496730131,0.04386499715748023,0.29236868186322673,0.6342913776015766,0.07333994053519671,0.36570862239842344,0.1597826069743785,WIN,23,0.5025,0.4025,0.5982,-0.2706,DISCOVERY
41363,2026-02-27 08:25:00+00:00,LONG,UPTREND,67924.9,62.60967111150134,1.9500896076569205,3.2014464040118042,37.80159326313821,0.5865121135940683,2.4956176344386236,0.1025837178408631,0.030086890288227863,0.08460020737273144,0.47149470358515916,13.168678348902123,0.9290465241284083,0.8595577778382265,0.5116450570950548,0.3717966460016812,0.4852607709751057,0.0011337868481385949,0.5136054421767557,0.9988662131518614,0.12984928943582855,LOSS,15,-0.5,-0.6,0.2987,-0.5301,DISCOVERY
41368,2026-02-27 08:50:00+00:00,LONG,UPTREND,67955.0,61.04934566215063,0.13835010850174712,8.949655838891353,21.127986081544734,0.4796967882821477,2.664235633590593,0.13301219364959463,0.025418487426898118,0.0723984261185695,0.4712858596358116,13.168678348902123,0.8250531021230924,0.9843070940390599,0.5684168953165264,0.1162018983150563,0.8410886742756415,0.12993854258122717,0.02897278314313132,0.8700614574187728,0.16761091899052127,LOSS,10,-0.5,-0.6,0.2543,-0.5742,DISCOVERY
41457,2026-02-27 16:15:00+00:00,SHORT,DOWNTREND,65893.6,43.23252757852557,1.4889217642316126,-5.606675190194544,-10.995208145551729,-3.364071497483671,-24.69278551445656,-0.1938865127540801,-0.016535681270180014,-0.06073869677182264,-0.1689915197402511,-171.54039082079333,0.3007690258263609,0.6002086106611465,0.43236007249590663,0.2406720834800256,0.10685249709645205,0.7508710801393179,0.14227642276423005,0.24912891986068209,0.26133038716961443,WIN,6,0.5025,0.4025,0.7035,-0.226,DISCOVERY
41465,2026-02-27 16:55:00+00:00,SHORT,DOWNTREND,65449.3,32.18400115681392,-2.8008173585308214,-4.472593921137147,-55.899677974429835,-7.404961209577863,-36.76966217150284,-0.27724300903728594,-0.061934618930170604,-0.18592078559011016,-0.17013871202833658,-171.54039082079333,-0.050428444725913874,1.2619379657782706,0.8615975070653625,0.13900072269679167,0.08451443569556862,0.36587926509184826,0.5496062992125832,0.08451443569556862,0.2910649922917434,WIN,7,0.5025,0.4025,0.5675,-0.3007,DISCOVERY
41481,2026-02-27 18:15:00+00:00,SHORT,DOWNTREND,65495.9,45.2640836426589,-0.8957743638700038,-7.271646742142721,33.995215779137595,-3.536775637038758,-8.0588133124985,-0.3157177415558852,-0.008457645919424106,-0.02170909621480588,-0.36860148117199315,-175.01582531048547,0.5424924154347526,0.8700417307505698,0.320595704851617,0.06303829705370649,0.29640947288008007,0.5362872421695669,0.16730328495035304,0.29640947288008007,0.19985983855478195,WIN,10,0.5025,0.4025,0.5536,-0.2429,DISCOVERY
41493,2026-02-27 19:15:00+00:00,SHORT,DOWNTREND,65187.3,38.01639435152676,-2.498279750305336,-4.366832780510926,-15.805571277280237,-3.1475017788461486,-9.47318149543949,-0.31393420013525486,-0.03404985288477658,-0.09549113773165141,-0.4735410142294694,-178.53970778811197,0.08403254824210811,0.8920414131426083,0.500247036307247,0.07438565487447814,0.03840682788052284,0.44807965860597904,0.5135135135134982,0.03840682788052284,0.21568618427208758,LOSS,9,-0.4975,-0.5975,0.0163,-0.5647,DISCOVERY
41498,2026-02-27 19:40:00+00:00,SHORT,DOWNTREND,65265.8,42.38683686019004,-2.588179395819992,-1.9642595077364646,6.548614222359404,-0.5671516526143563,9.303448214115122,-0.2881407667017917,-0.015357051582953751,-0.03173489784666916,-0.4729714514627981,-178.53970778811197,0.28184075428247557,0.7720671589351038,0.7223206518597931,0.019684888563376555,0.2820936639118698,0.41046831955922863,0.30743801652890157,0.2820936639118698,0.27809358040505133,LOSS,7,-0.4975,-0.5975,0.0667,-0.5271,DISCOVERY
41526,2026-02-27 22:00:00+00:00,SHORT,DOWNTREND,65490.7,46.729058025935004,-0.7467727985945771,-1.9043546291558187,-21.755959097581844,-0.3917306505913345,-12.775021015545875,-0.013351377615124782,-0.008258111383030453,-0.03821839358558732,-0.6504074353037022,-100.68228800646364,0.171001500879309,0.39942630096520565,0.5379503219252288,0.12212802733823008,0.0,0.8283582089552238,0.17164179104477612,0.0,0.10230460202746346,WIN,6,0.5025,0.4025,0.9481,-0.151,DISCOVERY
41649,2026-02-28 08:15:00+00:00,SHORT,DOWNTREND,63588.0,38.08962817063305,0.01788920046261211,-3.0392574012300173,51.41651589468745,-5.572233685114611,-31.557509581099055,-0.9234275059512906,-0.04991126630542464,-0.16960983684488617,-1.0658392901024307,-154.04698608383688,0.4009224542379576,1.5166513389842373,0.44248257622585974,0.38228517959363634,0.05039525691701725,0.9461462450592817,0.0034584980237010107,0.053853754940718264,0.3182990501352479,LOSS,13,-0.4975,-0.5975,0.4329,-0.5278,DISCOVERY
41652,2026-02-28 08:30:00+00:00,SHORT,DOWNTREND,63532.7,37.68145989987394,-1.2498962911445233,-0.40816827075910567,41.86945551180139,-3.1582006844045054,-9.547060382886059,-0.8976060580436783,-0.04463349857597443,-0.1373222947477437,-1.0667670157105453,-154.04698608383688,0.35435550752568257,1.399200152832146,0.22701136094078073,0.09207856741489029,0.24046354418153543,0.47802993722839543,0.28150651859006914,0.24046354418153543,0.3259738685747632,LOSS,10,-0.4975,-0.5975,0.3456,-0.6153,DISCOVERY
41695,2026-02-28 12:05:00+00:00,SHORT,DOWNTREND,63866.1,47.9795135214746,1.8801079913784235,-0.9490510541440429,-32.6455914535625,-0.37101589489594744,-19.26774949495052,-0.0507605213956982,-0.008955259002152438,-0.045663642033832996,-1.4128579612416756,-128.3240694223199,0.21939295037913215,0.6426824803556586,0.5821600389713151,0.10195549751745912,0.0008680555555428908,0.6788194444444566,0.3203125000000005,0.32118055555554337,0.18037738330664368,LOSS,20,-0.4975,-0.5975,0.1315,-1.4623,DISCOVERY
41706,2026-02-28 13:00:00+00:00,SHORT,DOWNTREND,63900.1,48.34045102231732,-4.863332528308376,0.5258259667248026,-11.007665228640096,-1.8374479644218518,-0.9267686419066798,-0.023669008826573655,-0.00577789332240064,-0.008815626443925417,-1.4398575180141762,-87.85552046906616,0.3499744142974131,0.5982640090114149,0.7789506205902367,0.09695994215972131,0.1554054054054054,0.485135135135122,0.35945945945947255,0.1554054054054054,0.3474172966865467,LOSS,9,-0.4975,-0.5975,0.0459,-1.4083,DISCOVERY
42270,2026-03-02 12:00:00+00:00,LONG,UPTREND,66347.4,57.06731747272709,0.7430283694173667,0.2796943376824217,19.668129943663487,4.654069709561709,12.039109722968378,0.01994844088303886,0.020265888509873875,0.044340289765609775,0.050175814117143135,0.6729196271652285,0.8474029478031797,0.5944104246669472,1.3616913910685235,0.10953707304278443,0.7471042471042426,0.13963963963970671,0.11325611325605071,0.8603603603602933,0.2342216876622275,LOSS,7,-0.5,-0.6,0.0038,-0.6229,DISCOVERY
42335,2026-03-02 17:25:00+00:00,LONG,UPTREND,69371.7,58.72314987108567,-0.0634171664700034,-0.8171188542281556,-131.0283893226889,4.0545387916065465,-3.455523477785505,1.3069326123379654,0.027512899055537332,0.073987434013012,0.47983621108461844,314.18516321179504,0.46826003396191657,1.3464700817384925,0.35530072231866705,0.00689402162551388,0.8255372945638085,0.1630847029077588,0.011378002528432601,0.8255372945638085,0.3420703255073797,LOSS,3,-0.5,-0.6,0.0584,-0.8573,DISCOVERY
42350,2026-03-02 18:40:00+00:00,LONG,UPTREND,69096.2,51.87369414937426,1.5534619784087553,0.5563627624342118,-44.5073904107002,8.193560346452358,28.139307344724983,0.6593725236919868,0.0013171306232351299,0.003884032178791408,0.6552020521371698,357.6434584095179,0.45940324267172994,0.9431050684101154,0.5922978722062506,1.0982043875061214,0.6058823529411501,0.11221719457014892,0.28190045248870094,0.8877828054298511,0.319843927741323,LOSS,4,-0.5,-0.6,0.0742,-0.5908,DISCOVERY
42400,2026-03-02 22:50:00+00:00,LONG,UPTREND,69310.1,52.89977412018706,1.6077678048513988,-1.8481145401928387,-14.559944682921824,0.5785887016226923,3.5682289748849456,0.2244311609754242,0.004779011282751711,0.020679231276377052,1.0971620707570815,275.7154375620555,0.4552000213409961,0.48812369162412456,0.8969489697219393,0.25785203022358766,0.47440585009144964,0.18921389396705154,0.33638025594149884,0.8107861060329484,0.15784135356897294,LOSS,6,-0.5,-0.6,0.2073,-0.5266,DISCOVERY
42833,2026-03-04 10:55:00+00:00,LONG,UPTREND,71310.9,58.742355458963,1.7539675765824043,0.6575600602595983,-123.11285019744662,7.579945679659659,3.814819489839067,1.079106307928707,0.01365315838097736,0.024105580483335665,0.952364637789227,332.2285584722111,0.3120878575920894,1.0611487947719178,0.3924310724766685,0.14870447575335036,0.39114391143908167,0.0,0.6088560885609183,1.0,0.15201042196914383,LOSS,8,-0.5,-0.6,0.2203,-0.5859,DISCOVERY
42865,2026-03-04 13:35:00+00:00,LONG,UPTREND,71418.9,60.112628004230835,3.7055226407485407,5.760645095697548,34.94616733858519,2.0930693998952137,-5.78274580386924,0.3408746997084196,0.034335147446196146,0.08083782238355042,1.3570206720195632,334.5849637429019,0.8249800401701349,1.508040723634378,0.44154475723162884,0.44581686360332057,0.3886483886483863,0.02741702741708226,0.5839345839345315,0.9725829725829177,0.2910994148607844,WIN,7,0.5,0.4,0.5317,-0.1843,DISCOVERY
42929,2026-03-04 18:55:00+00:00,LONG,UPTREND,73651.4,64.81580851759443,1.9794598932574559,4.211480269652668,17.335020949719166,10.56193439740926,30.96423525791522,0.5421152583883916,0.05179456956594386,0.13380869424630681,2.0378528978669896,345.1266939787497,1.0391829283562362,1.0235068545768666,0.478781842457405,0.8235790494138597,0.5190980211688974,0.08605614358035615,0.39484583525074646,0.9139438564196438,0.2950385192949529,WIN,3,0.5,0.4,0.5364,-0.1753,DISCOVERY
42940,2026-03-04 19:50:00+00:00,LONG,UPTREND,73709.9,57.796276482906585,2.2140988291644845,-2.88060678031529,-14.32385526381168,0.13140332422094048,-10.637658837658932,0.5110480376049892,0.023224488181683434,0.0602621866854669,2.1831452315826976,334.4491986987098,0.6989220289156424,1.1107163394006592,0.6114189522146295,0.1500307285724091,0.4417840375586445,0.16854460093900814,0.38967136150234744,0.8314553990609919,0.28897068100757156,LOSS,3,-0.5,-0.6,0.0326,-0.6104,DISCOVERY
43486,2026-03-06 17:20:00+00:00,SHORT,DOWNTREND,68360.7,43.43404579163774,-1.9525430498948637,-3.6493469012031383,20.893466833054916,-5.915076521474489,-16.326108705169375,-0.5031385590229898,-0.02173179684962223,-0.05829310467316828,-0.7168104931416553,-233.9129081022329,0.2980283754409131,0.6830611055113298,0.6739359624936729,0.03856016687950911,0.06801736613599643,0.5779064158224558,0.35407621804154776,0.06801736613599643,0.30324440797122965,WIN,2,0.5025,0.4025,0.5201,-0.0054,DISCOVERY
43512,2026-03-06 19:30:00+00:00,SHORT,DOWNTREND,68155.3,44.45651473171584,-1.293650428453745,-11.428211419267463,2.049797624356408,-8.239685919530416,-30.458677487962753,-0.26202264918143736,-0.016348149315026372,-0.042476728555662646,-0.9790741757310799,-228.86466216171152,0.3029181428236167,0.7602030106533944,0.5966332782604036,0.3523313667462287,0.004716981132178271,0.5813679245283162,0.41391509433950546,0.004716981132178271,0.1244217250896158,WIN,11,0.5025,0.4025,0.6264,-0.183,DISCOVERY
43514,2026-03-06 19:40:00+00:00,SHORT,DOWNTREND,68111.5,42.75234749068993,-1.0336821215151843,-2.9978176694796588,-9.115616763877043,-5.031706463474471,-19.405100307763867,-0.2631558422557215,-0.01926511663958852,-0.0528531242373842,-0.9797037823158274,-228.86466216171152,0.12506224341087102,0.6184921085864042,0.5516012561672821,0.08702641991439651,0.039886039886039885,0.8113960113959783,0.14871794871798188,0.039886039886039885,0.25766573926576275,WIN,9,0.5025,0.4025,0.5618,-0.2166,DISCOVERY
43536,2026-03-06 21:30:00+00:00,SHORT,DOWNTREND,67979.0,43.94042935359578,0.1497137988213595,-6.864938646287484,5.60870539930896,-3.639725295269777,-21.701698406920563,-0.20301362515265947,-0.010892882852320263,-0.041969276895714724,-1.15818703592066,-167.45869793197357,0.39947343081061104,0.6601850790051288,0.6264211540022403,0.18310801865282783,0.2030418250950349,0.7802281368821735,0.016730038022791556,0.21977186311782645,0.1934420924108916,LOSS,6,-0.4975,-0.5975,0.0034,-0.5284,DISCOVERY
44168,2026-03-09 02:10:00+00:00,SHORT,DOWNTREND,66131.9,42.70950434580841,-1.909518063328548,-0.23668037135718833,-33.29384562182057,-5.928580557954142,-26.730422281281534,-0.09921329715468014,-0.026915577829067505,-0.07787979064043382,-0.9856693176794409,-85.78683098326655,0.1351375730350425,0.8839960242700475,0.5367071566677996,0.2877771544443756,0.1534653465346162,0.5963096309631041,0.2502250225022797,0.1534653465346162,0.33599518537951745,LOSS,5,-0.4975,-0.5975,0.3262,-0.6398,DISCOVERY
44392,2026-03-09 20:50:00+00:00,LONG,UPTREND,68918.2,54.33988697718682,4.78759101283331,4.445747149313867,-18.839843704208533,5.081042129885589,-0.9168056020409523,0.11485261309530595,0.00945125964706417,0.003334860171455567,0.34580109307448653,104.13361424733472,0.4422076231365134,0.7007046937867001,0.41689395518448547,0.0027097341486103338,0.48971596474045753,0.0195886385896183,0.4906953966699242,0.9804113614103817,0.2962932868240858,LOSS,21,-0.5,-0.6,0.2117,-0.5231,DISCOVERY
44402,2026-03-09 21:40:00+00:00,LONG,UPTREND,68911.9,52.35623004164749,0.4358717294950907,5.8766128208238015,-13.053310834356296,2.6294906907181,7.42472691288657,0.09774448584043952,0.003286362843257784,0.006607586156026635,0.40040454262086583,91.6863477762825,0.5145680396171367,0.4104193646362593,3.4559550639478465,0.09152265428758602,0.7934904601571156,0.1849046015712882,0.021604938271596243,0.8150953984287118,0.5171820832106048,LOSS,11,-0.5,-0.6,0.1351,-0.514,DISCOVERY
44487,2026-03-10 04:45:00+00:00,LONG,UPTREND,69911.1,57.80286570226698,0.030463838384754638,3.1750956685515774,0.4781212217079229,7.400384591236985,38.41597445914954,0.2978516764739497,0.021414828536636676,0.07211165413194554,0.7031822632967749,73.73172058451928,0.601018198523602,1.4174309062635293,0.5762356954570761,0.5192093959328563,0.8122690317811664,0.181079083518104,0.006651884700729577,0.818920916481896,0.1935314992898165,WIN,5,0.5,0.4,0.5998,-0.1389,DISCOVERY
44509,2026-03-10 06:35:00+00:00,LONG,UPTREND,70049.1,56.400791641001426,0.5359823239181267,9.781539516903642,1.34243405221072,6.523500130597277,36.299811281535064,0.1975798293466761,0.016149481628180418,0.05985281042117929,0.8416549418373966,91.92247617044364,0.613449092124706,0.7427916367735592,0.4710889963227726,0.012741063054368238,0.8635394456290157,0.043354655294892644,0.09310589907609162,0.9566453447051073,0.20085911168023154,WIN,7,0.5,0.4,0.5009,-0.3646,DISCOVERY
44918,2026-03-11 16:40:00+00:00,LONG,UPTREND,70715.4,62.90374207542489,1.7860919050414807,7.113278598985659,46.5736841457822,7.489364205023257,35.39186373497262,0.2667462093247455,0.05031231379524215,0.14871956331188319,0.40560185779902475,42.458876844962646,1.0076588966114823,1.2124686244557217,0.6399950695196749,0.8512820404041953,0.5222551928783383,0.04332344213651579,0.43442136498514594,0.9566765578634842,0.23827907358227488,WIN,8,0.5,0.4,0.6853,-0.3681,DISCOVERY
44954,2026-03-11 19:40:00+00:00,LONG,UPTREND,70637.0,52.55919470732505,0.8126866811612885,7.194928574674471,6.025475372766341,6.98280438029121,28.619637071026876,0.07286633628931159,0.007736339010322446,0.019941784559995845,0.5183701292707534,106.16294965764767,0.641277185032167,0.5877977796298292,0.5111837177415223,0.05578167249458005,0.7004889975550229,0.09290953545239058,0.20660146699258652,0.9070904645476094,0.11580333253111388,LOSS,35,-0.5,-0.6,0.4175,-0.562,DISCOVERY
45207,2026-03-12 16:45:00+00:00,LONG,UPTREND,70475.2,58.62628768887702,3.306745732069963,5.987571298497095,25.991811194631104,9.431389456571353,22.386064028441666,0.0931003537233739,0.04273715786100585,0.1033425375949637,0.1828852918548416,25.218796580398703,0.8149855169218193,1.2552664672284815,0.8320919208167054,0.22438389674664955,0.4900314795383055,0.0020986358866939576,0.5078698845750006,0.997901364113306,0.4056746202919733,LOSS,12,-0.5,-0.6,0.035,-0.5064,DISCOVERY
45268,2026-03-12 21:50:00+00:00,LONG,UPTREND,70293.3,54.34532984021135,-0.2994216566151451,7.35573650185642,-0.2971605887243953,2.762342959597671,9.874962988189925,0.050731131657622205,0.007599242161981934,0.019114061681069217,0.20418470452717813,24.004423620252027,0.7029146390820746,0.40552737715413717,1.08552268273381,0.19857866965983126,0.7517136329017962,0.21629855293219113,0.03198781416601266,0.7517136329017962,0.18678878356826092,WIN,17,0.5,0.4,0.5052,-0.4532,DISCOVERY
45321,2026-03-13 02:15:00+00:00,LONG,UPTREND,71560.0,59.94863954270042,1.5291956407892968,1.2140892914955188,-38.07136002707267,0.9048388644888803,-5.47292433076791,0.4995683321135822,0.017467251443092913,0.047387002278487245,0.4209708795146861,153.51078895968584,0.6506386835874396,0.5774193129005145,1.0177243681912937,0.28636109558412276,0.6888672824501657,0.10938259601361361,0.20175012153622066,0.8906174039863864,0.2874510899944062,LOSS,4,-0.5,-0.6,0.0133,-0.5715,DISCOVERY
45389,2026-03-13 07:55:00+00:00,LONG,UPTREND,71585.3,62.08469977889753,1.1314919568984223,1.7599138367601768,21.627461419065483,0.4440830193554248,6.431875493315896,0.10466233701886969,0.019623230142928882,0.06185121616351097,0.6344414095801734,103.08552575670069,0.8751563757611195,0.6961543545122094,0.8412439111322318,0.20670794143492874,0.5319303338171362,0.32438316400577755,0.1436865021770863,0.6756168359942225,0.1924976217184295,WIN,8,0.5,0.4,0.7978,-0.3327,DISCOVERY
45440,2026-03-13 12:10:00+00:00,LONG,UPTREND,72375.6,59.48943388887706,0.9404248058212374,10.069984346453921,-15.553409551745602,6.62409490405355,25.33250657104331,0.2683955450835722,0.015179917849450497,0.04362986871375707,0.8922831806197671,114.61606642483827,0.6212935183147197,0.5134370448310243,0.4351489643059914,0.0036959969934457996,0.5766550522647147,0.09756097560961388,0.3257839721256714,0.9024390243903861,0.07930849623352922,WIN,7,0.5,0.4,0.7008,-0.1331,DISCOVERY
45443,2026-03-13 12:25:00+00:00,LONG,UPTREND,72370.9,57.73114885597146,-1.72535297915951,-1.7582850329055972,-7.84370779190661,1.6098677752812591,7.7097017598389925,0.256979686803717,0.010980135128013657,0.033349452532394075,0.8923411283715419,114.61606642483827,0.7119558731298858,0.3789033414896226,0.5973082456177058,0.15437834820347857,0.761954261954164,0.0,0.238045738045836,0.761954261954164,0.13292635575900963,WIN,4,0.5,0.4,0.7073,-0.1202,DISCOVERY
45445,2026-03-13 12:35:00+00:00,LONG,UPTREND,72375.0,57.75961970853012,1.0728147977430567,-1.6968821266008547,-7.052580499769263,0.8698361713274068,2.400995067418606,0.2475077180735146,0.009695980634383261,0.028833768406255622,0.8922905777860313,114.61606642483827,0.7686637433970579,0.34483751495937986,0.837316676111334,0.13993436960275857,0.7546201232032178,0.06468172484601997,0.18069815195076225,0.93531827515398,0.13457685664940758,WIN,2,0.5,0.4,0.7016,-0.1087,DISCOVERY
45800,2026-03-14 18:10:00+00:00,SHORT,DOWNTREND,70544.1,42.37011865902998,-1.0919073488953543,-3.934227034195594,-9.346458118985485,-0.6286986065401976,-3.924560190873102,-0.03268464785564629,-0.008020770744221473,-0.02436525145345092,-0.05667334506549401,-1.8898674359890606,0.08816901293707329,0.23890285252827592,0.6991533603106611,0.10244301082583404,0.0,0.7377450980392122,0.2622549019607878,0.0,0.05783616206031172,TIME_EXIT,48,-0.1782,-0.2782,0.034,-0.4124,DISCOVERY
45917,2026-03-15 03:55:00+00:00,LONG,UPTREND,71314.8,54.6164272292903,2.1793616256102624,1.932832782943521,-21.70426181384525,1.2174031102643852,-3.7540314316802323,0.17966884862477178,0.003522987195947458,0.0030273269314706752,0.04385796424419913,87.45886359062314,0.457273162046725,0.5239951296806951,0.49280908453038397,0.24294746672498896,0.6038461538460419,0.02307692307696039,0.3730769230769977,0.9769230769230396,0.1093742112436689,WIN,16,0.5,0.4,0.6103,-0.0529,DISCOVERY
45926,2026-03-15 04:40:00+00:00,LONG,UPTREND,71541.8,63.85629574898534,1.3384322408845009,2.2309322961118454,1.7183635341911554,0.36592613210143554,-4.836913524591722,0.21589961804946597,0.01750845513543986,0.043502018135188614,0.07658983068732332,93.71029687238419,0.8152815167484155,0.5695440919760003,0.7414668037152972,0.0553627389861567,0.7938596491228327,0.04532163742687834,0.16081871345028897,0.9546783625731217,0.1912168829970771,TIME_EXIT,48,-0.0088,-0.1088,0.291,-0.2772,DISCOVERY
45944,2026-03-15 06:10:00+00:00,LONG,UPTREND,71518.3,52.19045149051609,-0.7100125754307882,5.608392928317578,-16.398466047233043,0.9315697855160181,4.524150768214405,0.15354692354878408,0.00040845239566156266,0.0043338222173172625,0.15529580950712052,104.6988688156913,0.4320245096932855,0.3468282091870125,0.4966811860845535,0.043163777662514204,0.8820826952527298,0.0,0.11791730474727023,0.8820826952527298,0.09130530227928084,WIN,35,0.5,0.4,0.5057,-0.2444,DISCOVERY
45995,2026-03-15 10:25:00+00:00,LONG,UPTREND,71820.4,60.54248481317578,1.515548296811673,2.7444720017373925,-4.063096856231724,1.700925858312722,7.40275639606709,0.14672718055409747,0.011864215446677484,0.03709425814764078,0.2759119825982663,90.04645070583871,0.67054565489872,0.4177717819962307,0.2351274955018394,0.060644329466270054,0.4153498871330242,0.1218961625284058,0.46275395033857003,0.8781038374715943,0.06168163920000851,LOSS,32,-0.5,-0.6,0.0412,-0.6271,DISCOVERY
46178,2026-03-16 01:40:00+00:00,LONG,UPTREND,72557.3,52.719673353958434,0.8448441883404456,-2.75443726043018,-5.2476983822421595,3.8625067914837388,11.155317502064037,0.18836850605832126,0.00546658202542627,0.009853374256696412,0.5548285552681305,99.76839963938855,0.5522608029416979,0.666784174486084,0.8018829862904838,0.0072873439336789934,0.5572246065808806,0.30543633762515165,0.13733905579396774,0.6945636623748483,0.19267530627518237,WIN,22,0.5,0.4,1.6617,-0.3091,DISCOVERY
46444,2026-03-16 23:50:00+00:00,LONG,UPTREND,74750.1,58.125709869208656,-1.4822096434999352,0.8518794385914745,10.920651853792307,0.7630603402480602,23.570856667136738,0.23701582711270933,0.02029685124169678,0.08434552359375402,1.168738663546347,26.817205264227084,0.6905221503133518,0.8830585854684075,0.8566724459245715,0.39386234934803543,0.6267496111975286,0.21513737687920229,0.15811301192326915,0.6267496111975286,0.25805985543833215,WIN,3,0.5,0.4,0.5096,-0.2448,DISCOVERY
46693,2026-03-17 20:35:00+00:00,LONG,UPTREND,74526.1,51.35345290948316,0.8426836338301769,-3.2941938300571394,-8.330604083899402,2.722141219799056,17.952848495365608,0.11883252987902738,0.0016494589503590618,0.015520445651606707,0.7173528592940219,2.3218517131191163,0.4490535620836664,0.5968940001878711,0.3693020826580792,0.12741173897465075,0.46778350515464157,0.32474226804117523,0.20747422680418315,0.6752577319588248,0.10412459527602519,LOSS,24,-0.5,-0.6,0.3367,-0.8465,DISCOVERY
46695,2026-03-17 20:45:00+00:00,LONG,UPTREND,74516.4,50.81888390243069,0.6482880574459742,0.3081146267777086,-6.274923260876458,1.387016053449715,4.777822042822001,0.10927071605053022,0.00036241801577574506,0.0008585021304963192,0.7174462390431129,2.3218517131191163,0.45755714713454276,0.5614137332404739,0.44942868163624017,0.006703222377886403,0.86421319796956,0.0,0.13578680203043997,1.0,0.10574853320878137,LOSS,22,-0.5,-0.6,0.3497,-0.8336,DISCOVERY
46710,2026-03-17 22:00:00+00:00,LONG,UPTREND,74720.5,60.148589955700515,4.181756219938187,3.05301922251374,13.233422107740282,1.9081425017556235,-3.070507660089369,0.11916636486776196,0.016825653762597703,0.03574771632302021,0.7170168913324432,21.977975816667367,0.9022481165829472,0.4637132406234587,1.159998081414547,0.06049210056142168,0.435800126502201,0.11954459203033031,0.44465528146746863,0.8804554079696697,0.21158851988408975,LOSS,5,-0.5,-0.6,0.0223,-0.5226,DISCOVERY
46926,2026-03-18 16:00:00+00:00,SHORT,DOWNTREND,71323.6,39.797228634902666,-3.584652927721116,1.4569047468994825,57.48183939023971,-3.748142215132475,11.165530660156094,-0.7196822677412686,-0.021164763455350233,-0.03994124281552214,-0.37741479387399574,-316.5528061811569,0.43197515320303254,0.9287630686249517,0.6631839636931653,0.28899270367733804,0.017576318223880488,0.4611470860314451,0.5212765957446744,0.017576318223880488,0.3031254731954039,LOSS,19,-0.4975,-0.5975,0.4532,-0.5249,DISCOVERY
46940,2026-03-18 17:10:00+00:00,SHORT,DOWNTREND,71256.6,43.930797467428725,1.4889214346782325,-1.0726093036988829,34.808188780825816,-2.6731229891384203,-9.476567219341064,-0.5066287956219231,-0.006808838303562492,-0.02150064275042718,-0.5151601089807715,-315.60563353942155,0.4475942448517365,0.4697235915877465,0.2296222337329346,0.029109584235014814,0.0,0.6354319180086725,0.3645680819913275,0.3645680819913275,0.09585077031461353,LOSS,5,-0.4975,-0.5975,0.1217,-0.6195,DISCOVERY
47208,2026-03-19 15:30:00+00:00,SHORT,DOWNTREND,69183.5,41.40392644035126,0.5557880413500698,-3.849594878104071,-17.374346729096253,-8.46654948904569,-46.23857665128775,-0.24202925062296474,-0.034230332356544046,-0.11081150086834635,-1.6159730968780768,-25.020556971759447,0.2377526782993309,1.3168964872603364,0.7573814797962354,0.09583932585080693,0.03978576893647441,0.841622035195122,0.11859219586840355,0.15837796480487798,0.18891787781768352,WIN,3,0.5025,0.4025,0.6305,-0.2407,DISCOVERY
47209,2026-03-19 15:35:00+00:00,SHORT,DOWNTREND,69216.4,42.643810096869316,1.239883656518053,0.5411370175380554,-19.16258596568749,-1.788239236591238,-26.823169626678812,-0.2480393630921937,-0.026466620205611857,-0.10081562103256836,-1.6152049911273114,-25.020556971759447,0.2899084718841776,1.1960151372193162,1.4884684238261243,0.04826168364722643,0.30146750524106575,0.5601677148847204,0.13836477987421383,0.43983228511527955,0.3445715177327917,WIN,1,0.5025,0.4025,0.5398,-0.0136,DISCOVERY
47479,2026-03-20 14:05:00+00:00,SHORT,DOWNTREND,69833.6,34.072037729851175,-0.35623693795098177,-3.2389261155889244,-45.449354349236486,-1.785009852666633,-24.28191284218262,-0.25100053251211235,-0.050937706751796874,-0.16733945770764924,-0.6782226257749441,-1.1671800637797105,0.05218967587469788,1.198627185449968,1.4177772246511016,0.01884837671265096,0.4478792235801838,0.5025161754133874,0.04960460100642884,0.4478792235801838,0.39837556706226956,LOSS,6,-0.4975,-0.5975,0.3897,-0.582,DISCOVERY
47480,2026-03-20 14:10:00+00:00,SHORT,DOWNTREND,69781.2,32.69846328287032,-1.3735744469808537,-0.9700009420622706,-46.61179510318415,-1.1624407539476636,-9.33117904510523,-0.27282123607348313,-0.05322162442283895,-0.1582619892360415,-0.6787319157497598,-1.1671800637797105,0.06129260315118855,1.3061562347599256,1.852017316320278,0.11732386373408583,0.06379044684128533,0.774422187981519,0.1617873651771957,0.06379044684128533,0.4650249637438164,LOSS,4,-0.4975,-0.5975,0.3144,-0.54,DISCOVERY
47490,2026-03-20 15:00:00+00:00,SHORT,DOWNTREND,69642.0,36.93763563320774,-1.6285224758584604,-5.805681657487909,-14.45134631944046,-6.282263900594728,-31.606030550358142,-0.32231474411596117,-0.04530526092464404,-0.14152690784187127,-0.7096554180172862,-40.23958323812849,0.17272790117161527,1.306457982915733,0.795311319069278,0.14152738290112288,0.22962962962962963,0.5337037037037252,0.2366666666666451,0.22962962962962963,0.3876970793486689,LOSS,12,-0.4975,-0.5975,0.2765,-0.553,DISCOVERY
47511,2026-03-20 16:45:00+00:00,SHORT,DOWNTREND,69712.9,42.2277498419093,-0.9731719933553364,-4.055668661247331,-9.959242463917278,-7.066179146803382,-32.82965665901516,-0.17980702480025493,-0.021757938770783358,-0.06692503524236004,-0.7220370434925717,-54.01009126105237,0.20852010825546938,0.6726971810722941,0.620921748716907,0.0069571054998512774,0.0008741258740495974,0.7709790209790348,0.22814685314691563,0.0008741258740495974,0.16410162251175062,WIN,10,0.5025,0.4025,0.5233,-0.3114,DISCOVERY
47522,2026-03-20 17:40:00+00:00,SHORT,DOWNTREND,69541.4,38.09775579375529,-1.8905923224878833,-1.360361857716768,-25.64029659927477,-1.7263177122149358,-12.74618811638124,-0.20643714046257364,-0.02957292533933842,-0.09339285050554702,-0.7355459001083109,-61.3451509821476,0.09219281695950819,0.8518941085628778,0.7508668953991954,0.38085226929570853,0.21271186440670567,0.3711864406779908,0.4161016949153036,0.21271186440670567,0.16968309524973615,LOSS,3,-0.4975,-0.5975,0.0112,-0.7098,DISCOVERY
47534,2026-03-20 18:40:00+00:00,SHORT,DOWNTREND,69659.9,44.24820296196044,2.1394068481602133,1.7482441514121234,-11.85701747077681,-2.0918194003119694,-20.141013887342304,-0.12514312735615077,-0.014171966728204755,-0.05361360863108677,-0.7273583959959685,-50.33126527286481,0.3617862283032891,0.8294422251548121,0.6594182906209802,0.3828493868064764,0.06622516556291391,0.6834437086093487,0.2503311258277375,0.3165562913906514,0.21676746593090146,LOSS,14,-0.4975,-0.5975,0.036,-0.7057,DISCOVERY
47793,2026-03-21 16:15:00+00:00,SHORT,DOWNTREND,70479.4,36.90507297882812,-3.0891602480077225,-7.405722534343255,-11.821473320991274,-3.9341706244918697,-6.030813668806012,-0.057902875129175566,-0.0210103852313015,-0.04694641238603969,-0.10462593600695409,-1.5743726026742877,0.13521782009632086,0.5372646817417324,1.54431300988802,0.17810168645021693,0.2368421052631098,0.459928229665045,0.30322966507184523,0.2368421052631098,0.2372324395497083,TIME_EXIT,48,0.1543,0.0543,0.4509,-0.0575,DISCOVERY
47835,2026-03-21 19:45:00+00:00,SHORT,DOWNTREND,70330.1,43.103391056372836,2.111100600185331,0.48219269630813244,-5.794322097432845,-0.011352987612818666,-7.13083090092617,-0.07212077683119245,-0.005290438773675188,-0.024132217452421667,-0.1444790576326514,-43.520850005068525,0.199116091920592,0.23233850922723503,0.5617724576992664,0.06684904471909589,0.002557544757181736,0.6828644501277011,0.31457800511511713,0.31713554987229886,0.05559497284947102,WIN,48,0.5025,0.4025,1.1446,-0.2163,DISCOVERY
47856,2026-03-21 21:30:00+00:00,SHORT,DOWNTREND,70323.1,37.6651023079612,-0.030063483914261724,-2.939587124124614,-11.809169183905366,-0.917144578951147,-6.136433220315384,-0.030150353827263908,-0.008136556410276441,-0.025012959910186705,-0.14689274708090835,-36.154115487150875,0.12386054105634638,0.253092385093521,0.8522912026096705,0.1649066949551411,0.0,0.9945652173913817,0.005434782608618285,0.0,0.052329888756309596,WIN,27,0.5025,0.4025,1.1345,-0.059,DISCOVERY
47858,2026-03-21 21:40:00+00:00,SHORT,DOWNTREND,70314.5,36.90886280145639,-2.6006342738864348,-0.7863029904190739,-11.41066708450553,-0.08817833277892184,-0.5186424795513105,-0.036117382186835446,-0.007916882900205202,-0.022453207996075975,-0.14691071318498214,-36.154115487150875,0.12964573920869624,0.27581811858434335,0.9790156475120843,0.18122151192142213,0.18403908794790397,0.5586319218240722,0.25732899022802386,0.18403908794790397,0.08732196061979923,WIN,25,0.5025,0.4025,1.1222,-0.0575,DISCOVERY
47873,2026-03-21 22:55:00+00:00,SHORT,DOWNTREND,70253.2,37.57328381430343,-0.3523324502929839,-3.324810802774273,-0.6490112320702544,-0.292309567479041,-0.42779859452208413,-0.06456089882353036,-0.006344413967240836,-0.017581582154635456,-0.15357125828551885,-37.40642974480197,0.1715250347345695,0.16499248285708257,0.7980968086147374,0.04410831108049585,0.0,0.9163498098860515,0.08365019011394852,0.0,0.0374360171494009,WIN,10,0.5025,0.4025,1.034,-0.0175,DISCOVERY
47904,2026-03-22 01:30:00+00:00,SHORT,DOWNTREND,68964.8,41.66776297714836,-0.7289919147236503,-1.3563062163229986,58.172765140649716,-0.8401251628808097,7.441149744237151,-0.5961000509799297,-0.01716816430468171,-0.04668277790370601,-0.38885663120237157,-174.73718430495717,0.6316189399985916,0.8690590213194105,0.2730860828654533,0.19056460687191232,0.31307550644569737,0.46040515653779024,0.2265193370165124,0.31307550644569737,0.15747163770501948,LOSS,11,-0.4975,-0.5975,0.3657,-0.599,DISCOVERY
47911,2026-03-22 02:05:00+00:00,SHORT,DOWNTREND,68927.0,43.22081421098473,-1.7064039663906598,0.7835343705681979,45.32529345721974,-1.4790854364028974,3.323369762339894,-0.5147336735858586,-0.009478115005967513,-0.024381556577290908,-0.474146705966331,-192.67336360286745,0.4755023719722442,0.43494276470980897,0.6442294342225232,0.09061398290946085,0.0,0.5626262626262333,0.4373737373737668,0.0,0.1436302174764606,LOSS,4,-0.4975,-0.5975,0.0393,-0.6542,DISCOVERY
47968,2026-03-22 06:50:00+00:00,SHORT,DOWNTREND,69130.9,44.83493955699288,1.3774829506799904,-4.215404899451308,3.997985593197985,-0.7208370263929531,-1.6427650131237321,-0.07250848253298968,-0.0042234023346465754,-0.010462968734104017,-0.6152227389488506,-105.86012671766645,0.40530761321764874,0.16785774411364804,0.4464098059248164,0.05697162918464726,0.0,0.797938144330137,0.20206185566986307,0.20206185566986307,0.07015676058029044,WIN,14,0.5025,0.4025,0.677,-0.128,DISCOVERY
47971,2026-03-22 07:05:00+00:00,SHORT,DOWNTREND,69117.4,44.10699542100675,-6.357155323603401,-0.7279441359861281,3.768147184879574,-1.9444340140659016,-0.22983840831841107,-0.06877916554037128,-0.005453982799286106,-0.007832747741820523,-0.6439610056570142,-89.41323836160234,0.3044023094812875,0.15809650397404998,0.956805428004275,0.06648108869837645,0.0,0.484313725490139,0.515686274509861,0.0,0.1475749955872183,WIN,11,0.5025,0.4025,0.6574,-0.076,DISCOVERY
48012,2026-03-22 10:30:00+00:00,SHORT,DOWNTREND,68650.0,41.81551979305745,-2.6545518311415037,-0.28075521679190274,4.90242890894784,-2.8787387052664926,-4.576858909248216,-0.1705712039683169,-0.011241046604060223,-0.02454557716645711,-0.7696753986774538,-77.72638915161497,0.23414456106781592,0.36111310793162665,0.597780524318856,0.09894391842678565,0.038369304556322696,0.4952038369305251,0.4664268585131522,0.038369304556322696,0.12148579752366231,WIN,14,0.5025,0.4025,0.6007,-0.0064,DISCOVERY
48015,2026-03-22 10:45:00+00:00,SHORT,DOWNTREND,68560.6,36.20404182296128,-0.8673725138127111,-5.611477970096168,-6.893673883961341,-2.8992289537183638,-11.796102792909181,-0.18266132195469612,-0.019161445723014925,-0.05492001845049943,-0.7706790214672451,-77.72638915161497,0.0686588004928986,0.43212157401131873,1.242521808072507,0.26168455351908504,0.0,0.794460641399518,0.20553935860048198,0.0,0.10005746740838217,WIN,13,0.5025,0.4025,0.78,-0.1304,DISCOVERY
48138,2026-03-22 21:00:00+00:00,SHORT,DOWNTREND,68057.5,34.55591838337688,-3.362044793900452,-10.879998758058854,-7.677578027549444,-8.53008973539906,-22.864726464828536,-0.20441630659681123,-0.03265090951323213,-0.07834038152507716,-0.9580072426769384,-4.5571450400521485,-0.047212045218364744,0.5223750442593484,0.8636242957019369,0.15983543327333335,0.061911170928651615,0.4165545087483029,0.5215343203230455,0.061911170928651615,0.21834478198580798,WIN,1,0.5025,0.4025,0.7916,-0.0001,DISCOVERY
48402,2026-03-23 19:00:00+00:00,LONG,UPTREND,71091.2,58.8111699702194,1.9499880250639876,-0.9064962736471287,4.641782794376141,0.3046220358675811,-6.897735783736067,0.19890531344171455,0.02154561425997681,0.05422469327784896,0.40065879535725296,258.93134519647754,0.7198534913649534,0.7616871583466909,0.5880854001262263,0.16076532679149264,0.6059532246633343,0.03472714386965648,0.3593196314670092,0.9652728561303435,0.19847744868564018,LOSS,10,-0.5,-0.6,0.1981,-0.5608,DISCOVERY
48424,2026-03-23 20:50:00+00:00,LONG,UPTREND,70889.8,53.45272434435646,2.1902252253679677,0.5372456653615814,14.695591403294511,2.9253017611755823,12.705014096238308,0.025565942574552643,0.008130416556784148,0.023326832878334258,0.45818809712453495,200.60119360378621,0.6370378466339204,0.6678547827918836,0.6450366829779257,0.15139343036656155,0.35620437956195883,0.12116788321172133,0.5226277372263198,0.8788321167882787,0.09662885210566258,LOSS,14,-0.5,-0.6,0.122,-0.5104,DISCOVERY
48828,2026-03-25 06:30:00+00:00,LONG,UPTREND,71193.8,64.1768366089392,-0.19378542212479033,1.8885115418053218,-3.31459691730727,2.0659080949557875,10.793698001317992,0.23089094959138803,0.019448796854537598,0.0607003471427614,0.34916586268252503,98.05527446279004,0.7841530996813076,0.4526837505370534,0.9208784760720079,0.06557101882468683,0.7526881720430108,0.22580645161290322,0.021505376344086023,0.7526881720430108,0.130629352555981,LOSS,19,-0.5,-0.6,0.0559,-0.5517,DISCOVERY
48865,2026-03-25 09:35:00+00:00,LONG,UPTREND,71267.4,54.92635427315056,2.1590207493284765,3.566560588821261,-5.074215465398943,0.48993862079780826,-7.1637174418238345,0.1443129480348336,0.009442343119592245,0.01812580713607126,0.4291662899547558,89.3553917866185,0.6076351906266502,1.005992349244446,0.5795143613113565,0.11735730502307037,0.4159509202455059,0.03680981595092025,0.5472392638035739,0.9631901840490797,0.11435803747576032,WIN,20,0.5,0.4,0.5509,-0.2933,DISCOVERY
48873,2026-03-25 10:15:00+00:00,LONG,UPTREND,71410.0,60.88790078337614,1.0586383216841924,5.743483497562835,10.924308487567217,4.188065293011228,16.725337823092538,0.148392429060022,0.0222452238663573,0.06305010594267468,0.46631442712810445,93.67576167367741,0.9220668068234394,0.4535072358130056,1.11069144509625,0.08650399103765839,0.46206308610397057,0.34100596760442464,0.19693094629160485,0.6589940323955754,0.16426270830416315,WIN,14,0.5,0.4,0.7365,-0.1839,DISCOVERY
48878,2026-03-25 10:40:00+00:00,LONG,UPTREND,71397.9,59.01226804317579,4.496288863388671,1.0656500012248245,1.7193518074270244,2.011316107296871,-6.483546669958841,0.15039360378805072,0.014820841438334398,0.02596545068258571,0.4663934547265107,93.67576167367741,0.8331183900948578,0.4383713218462127,0.5254538464397674,0.24240208745636357,0.37049455155067906,0.0008382229673580748,0.6286672254819629,0.999161777032642,0.16709174919710934,WIN,9,0.5,0.4,0.7535,-0.002,DISCOVERY
49201,2026-03-26 13:35:00+00:00,SHORT,DOWNTREND,69282.8,41.26523848495456,6.159884828432688,-7.196149569078123,-1.564801110488677,-4.144793674259947,-22.911390678316284,-0.1722288165228178,-0.012723776794065778,-0.0407177989013463,-0.2860296928553218,-177.47853511129279,0.20738414390110446,0.3511858028136557,2.1093462545325217,0.018825018619333982,0.20709866493000526,0.5965483555844794,0.19635297948551536,0.4034516444155206,0.44325575756176977,LOSS,2,-0.4975,-0.5975,0.0751,-0.8028,DISCOVERY
49490,2026-03-27 13:40:00+00:00,SHORT,DOWNTREND,66467.4,42.92444232594269,2.8283709063286153,-5.904982455917164,14.96438604335502,-0.08914562282318172,-25.95153284669918,-0.4981730784758536,-0.01481272969972025,-0.08240239300562058,-1.3874778151526035,-179.78857046066435,0.30198545209357774,0.5431976029432191,2.599303652198345,0.28090838516324423,0.09650287737938677,0.65427180168219,0.24922532093842323,0.34572819831781,0.33986585905269984,WIN,3,0.5025,0.4025,0.7845,-0.1062,DISCOVERY
49501,2026-03-27 14:35:00+00:00,SHORT,DOWNTREND,65767.8,31.40081555808672,-1.9111849496225517,2.1426181532001323,-47.69020560828133,-0.6930936866507125,-19.219423954716518,-0.6013260035067161,-0.06855912039636092,-0.22401495050862197,-1.5199118062429149,-200.82050389078586,0.0634190130161753,1.7623615991812467,0.9158387896829968,0.21718835053019334,0.19957081545065003,0.4867668097281938,0.31366237482115616,0.19957081545065003,0.4251320555043742,LOSS,4,-0.4975,-0.5975,0.0389,-0.6667,DISCOVERY
49522,2026-03-27 16:20:00+00:00,SHORT,DOWNTREND,65823.9,38.203185551850964,-3.580722657976814,2.3429308804759614,-31.587105195022858,-6.086717076967176,-9.878832154704341,-0.3440168950070028,-0.04212449905122151,-0.099924022014386,-1.6976524197253076,-183.68063573014138,0.1262691135034123,1.2227395156061116,0.6863930067720335,0.0318463354495771,0.0112224448897329,0.5074148296593419,0.4813627254509251,0.0112224448897329,0.37904165508272836,LOSS,9,-0.4975,-0.5975,0.0667,-0.6738,DISCOVERY
50085,2026-03-29 15:15:00+00:00,SHORT,DOWNTREND,66542.7,45.578814318756116,-2.4444711343312093,-5.18594961723614,7.336686441881703,-1.744763795570968,0.5831874601855844,-0.057212769022479654,-0.004429126061711308,-0.0034756836011395897,-0.39013738928758224,-5.138030626405122,0.42918305755772457,0.26234683963886296,0.7968574470082668,0.11363755904104818,0.16237113402057668,0.6237113402061417,0.21391752577328157,0.16237113402057668,0.17492527354615034,WIN,25,0.5025,0.4025,0.653,-0.1447,DISCOVERY
50104,2026-03-29 16:50:00+00:00,SHORT,DOWNTREND,66464.3,44.94340265739813,-3.6400152007584694,-5.802060452129183,4.230470815879908,-5.101985571768406,-12.794476206060917,-0.05189791991202327,-0.007466667591782272,-0.0109907544590504,-0.38784739943077223,-12.614447909699546,0.4269302285018461,0.4280523462086334,0.47115298978022374,0.09674742681410206,0.09688581314887662,0.4071510957323895,0.4959630911187339,0.09688581314887662,0.13044596873812203,WIN,6,0.5025,0.4025,0.5344,-0.0811,DISCOVERY
50139,2026-03-29 19:45:00+00:00,SHORT,DOWNTREND,66345.1,44.817424048925126,-1.811144751046271,-10.830914607441322,-2.5250086076123166,-2.6742790350508057,-9.688611981138392,-0.048379815079101426,-0.006503661170720321,-0.01682513958706222,-0.395531851261349,-30.06163755353554,0.0977595930440513,0.1777705291629797,2.515015802029327,0.032798202127934405,0.0,0.6648451730419649,0.33515482695803517,0.0,0.08274914047909217,LOSS,7,-0.4975,-0.5975,0.095,-0.6373,DISCOVERY
50184,2026-03-29 23:30:00+00:00,SHORT,DOWNTREND,65934.3,43.8949554636511,-0.9863090184836878,-3.6707587072263195,19.050565592078243,-0.18545961329240868,12.960577787656803,-0.27104387656621887,-0.021035049789841498,-0.047218526799663874,-0.40929296538371057,-43.55374201561099,0.4147554216754748,2.311494324582206,0.29968657705257296,1.1967405432377491,0.196875,0.5712500000000545,0.23187499999994543,0.196875,0.2426658052030582,LOSS,9,-0.4975,-0.5975,0.2739,-1.4646,DISCOVERY
50349,2026-03-30 13:15:00+00:00,LONG,UPTREND,67910.2,66.60019948212808,2.863636020192999,1.4179320595681162,-1.534491043152542,1.1497381211284647,-3.7823686545723945,0.18259662474890032,0.018299523177822685,0.04367319911517953,0.25995405851279124,92.01809818294265,0.7897934411702497,0.5648733280902412,0.7936202164155112,0.2365255882032449,0.3965909090910083,0.1534090909090909,0.44999999999990076,0.8465909090909091,0.1295828903463692,LOSS,8,-0.5,-0.6,0.3508,-0.7827,DISCOVERY
50544,2026-03-31 05:30:00+00:00,LONG,UPTREND,67653.4,53.35993836684971,3.6991130544263484,14.433798234792391,9.034910465839403,9.861247720367494,30.86340002740993,0.03667597868786996,0.010191330368969354,0.01358988754114332,0.21860517224673082,57.16894794325256,0.7242038871882333,0.4960629099457349,1.0129516909806946,0.11905905689884114,0.49757281553395716,0.008899676375451205,0.49352750809059165,0.9911003236245488,0.18269591772180827,LOSS,11,-0.5,-0.6,0.1528,-0.5222,DISCOVERY
50699,2026-03-31 18:25:00+00:00,LONG,UPTREND,67744.9,54.425683888395376,1.540350766457614,0.05562532685962651,-37.82943512154985,5.953464190371463,13.320167245702848,0.33398103416542285,0.011677364640338972,0.025807580159198373,0.01548889966806823,43.79066468026074,0.44950506002985463,1.5056768117908106,0.33411442911906486,0.042342670813592866,0.5183630640083939,0.21038824763905875,0.2712486883525473,0.7896117523609413,0.28134959236784735,WIN,21,0.5,0.4,0.6381,-0.2111,DISCOVERY
50705,2026-03-31 18:55:00+00:00,LONG,UPTREND,67814.6,55.954427679303514,2.0256174833187828,0.341847492864531,-14.897807698989467,3.0790099952286454,7.549262402166846,0.30437903590001203,0.014230807692983127,0.03932021143902009,0.015472980141788276,43.79066468026074,0.5696776649758678,1.0164515419912488,0.19243354792913966,0.5625005529782517,0.49498327759204647,0.04515050167218994,0.45986622073576355,0.9548494983278101,0.1763632020243514,WIN,15,0.5,0.4,0.5347,-0.2113,DISCOVERY
50778,2026-04-01 01:00:00+00:00,LONG,UPTREND,68289.5,59.367743549342144,0.0656621580882728,10.102310821256069,22.819559621961712,8.526752125387564,41.820451315680444,0.0694102606519948,0.02432869793369541,0.07473929998396134,0.4290734874334608,131.3362983867471,0.7747483768769645,0.8032642238618583,1.4813776335354762,0.10969841630117554,0.7146739130434726,0.27513586956522285,0.01019021739130455,0.7248641304347772,0.21555290344781713,LOSS,6,-0.5,-0.6,0.0104,-0.6237,DISCOVERY
51156,2026-04-02 08:30:00+00:00,SHORT,DOWNTREND,66660.7,48.452436578739714,1.1954500910164896,1.4102062029045541,-22.10479656876779,-0.11632300308902188,-12.921927828333452,-0.01113354238455964,-0.0050280727852292095,-0.028687450011477544,-0.2534813676535894,-180.77959358543097,0.3685732777139332,0.5934189842410891,0.8696410992744057,0.04030485728473834,0.18256130790184252,0.6062670299728001,0.21117166212535735,0.39373297002719987,0.11010985483199873,WIN,6,0.5025,0.4025,0.5937,-0.0002,DISCOVERY
51195,2026-04-02 11:45:00+00:00,SHORT,DOWNTREND,66290.6,42.17389689243277,-0.51825195973516,-3.3726332147438782,-2.775099359159153,-2.493465664593433,-10.635856927922433,-0.1138508123282817,-0.011349419466633037,-0.033092974825210675,-0.46032843934092776,-132.03819113670096,0.2610790743419047,0.40130163367664234,0.4169193070845205,0.012686564912655702,0.3244444444445738,0.5155555555554909,0.15999999999993533,0.3244444444445738,0.06788292759456091,WIN,7,0.5025,0.4025,0.5636,-0.1047,DISCOVERY
51196,2026-04-02 11:50:00+00:00,SHORT,DOWNTREND,66200.5,36.31442210816907,-5.859474784263703,-7.332884626160485,-9.693294900618792,-6.918195541459639,-13.057581259331084,-0.1232154402895113,-0.023200177906723685,-0.045928040891718425,-0.46095495413136917,-132.03819113670096,-0.04421637846168765,0.42134910551820515,1.6654061356873555,0.14880552261689076,0.15204678362575724,0.36895268474211607,0.4790005316321267,0.15204678362575724,0.28413682676113594,WIN,18,0.5025,0.4025,0.5317,-0.0421,DISCOVERY
51898,2026-04-04 22:20:00+00:00,LONG,UPTREND,67406.4,67.40738928783938,-0.515418760849002,6.849013103297075,16.2928858715115,0.2425922821216311,1.8717247349950625,0.03523333252607384,0.014406936327637787,0.040660747752729876,0.12752078111701376,15.564577195589095,0.9498624081491017,0.3846722906504734,1.3377740985310775,0.06236054736642736,0.9624999999998636,0.0,0.037500000000136424,0.9624999999998636,0.09494647392532461,LOSS,38,-0.5,-0.6,0.0479,-0.5074,DISCOVERY
52264,2026-04-06 04:50:00+00:00,LONG,UPTREND,69139.3,54.67981317054827,1.3897867436330387,-3.3988119480843366,4.799372099735518,2.7926655545336594,12.343137823658676,0.15167028578272834,0.008242510173572803,0.02494293561590144,0.7055955721740841,199.52119434703314,0.6928444696988446,0.41486291216836874,0.43397512853999254,0.016090703839928954,0.4336283185840708,0.18053097345127592,0.3858407079646533,0.8194690265487241,0.08171908017581896,LOSS,19,-0.5,-0.6,0.2877,-0.5347,DISCOVERY
52266,2026-04-06 05:00:00+00:00,LONG,UPTREND,69119.9,53.11765162285069,0.8721432482973839,-0.17237480406454608,4.314250695620965,0.11041658123214226,2.3075441504191065,0.14442980890835005,0.00448836323183599,0.015818496147157468,0.7694233519720257,177.83283699600582,0.6195357373939142,0.4104382182045398,0.7019282310579189,0.01764687159560317,0.5323590814196889,0.210855949895763,0.2567849686845481,0.7891440501042369,0.06929986877873692,LOSS,17,-0.5,-0.6,0.3158,-0.5068,DISCOVERY
52303,2026-04-06 08:05:00+00:00,LONG,UPTREND,69138.3,56.58157748320437,0.1062009212256072,-2.2148548393729826,27.453771927177407,0.7592673615249907,5.392043919613535,0.015123796816518143,0.01590856177562383,0.045173240155049754,0.8895660250395806,89.89248414931137,0.8806826000635348,0.615330677339812,1.0565273195499512,0.06039344328686799,0.9395546129374664,0.03923647932128288,0.02120890774125067,0.9607635206787172,0.1363932870782228,WIN,13,0.5,0.4,0.9125,-0.0691,DISCOVERY
52339,2026-04-06 11:05:00+00:00,LONG,UPTREND,69719.7,53.64956155385928,2.841127003543825,0.26729536526070063,-34.607218482842484,0.6182708637983865,-6.838803559103553,0.2777790289635943,0.0017516147519547332,0.0004936167133484659,1.0397860793508236,85.11572475225319,0.29535083571139154,0.33254434405368094,0.44053956736204636,0.4541255914755876,0.4257540603248066,0.0,0.5742459396751934,1.0,0.1236379387748328,LOSS,17,-0.5,-0.6,0.0155,-0.5334,DISCOVERY
52834,2026-04-08 04:20:00+00:00,LONG,UPTREND,71484.5,56.30811167998372,0.06900850352549526,0.6143194474568929,28.11611374805895,1.5787542627641713,13.917571126313199,0.08816633207049165,0.013751018946739357,0.04578812468278848,1.0745349060797056,288.35199598929665,0.902259460159181,0.4571547600491903,1.3400063468356314,0.28185131042395273,0.6804564907274341,0.3009985734665345,0.018544935806031417,0.6990014265334655,0.09806321650148747,WIN,23,0.5,0.4,0.5421,-0.0434,DISCOVERY
52845,2026-04-08 05:15:00+00:00,LONG,UPTREND,71654.5,64.02103935145712,1.3331529915992206,6.687267807010102,17.725468583273305,0.6404016935886858,1.676023610878488,0.14278426723889587,0.02001256553811892,0.05582865634137235,1.1498160699568187,253.10967861630064,0.8432015048084603,0.6959510680060559,0.9620729666224906,0.24812119266758348,0.6296296296296297,0.053333333333419566,0.3170370370369508,0.9466666666665804,0.09420203895079862,TIME_EXIT,48,0.2544,0.1544,0.4054,-0.1609,DISCOVERY
52859,2026-04-08 06:25:00+00:00,LONG,UPTREND,71821.4,64.88476742688978,-2.5951374295506753,1.1862411564426978,11.650313302590561,0.18247846841228466,13.757052551399845,0.1856136340076789,0.02076297448989628,0.07666362730121001,1.223853483989641,224.18298515389097,0.8882790601501136,0.5264489496402721,1.710656840893612,0.17915969335043366,0.6616949152541781,0.17288135593220338,0.16542372881361853,0.6616949152541781,0.20537054415536315,TIME_EXIT,48,-0.2865,-0.3865,0.1721,-0.3754,DISCOVERY
52869,2026-04-08 07:15:00+00:00,LONG,UPTREND,71753.6,56.091984302976776,1.8660246871335033,12.019743765956079,-12.64137945193815,3.4915232851577898,8.683224188400139,0.14220261869077366,0.006674346061208425,0.014057341074780183,1.2868596086696789,188.91812084223886,0.5947366525806798,0.40934144553771945,0.6672827945593495,0.0473774138161644,0.7137724550897158,0.0,0.2862275449102842,1.0,0.11637046782321722,TIME_EXIT,48,-0.2046,-0.3046,0.2667,-0.4715,DISCOVERY
52883,2026-04-08 08:25:00+00:00,LONG,UPTREND,71724.0,52.38208019772286,0.08501220008238874,2.2507294600849477,3.5613463598923154,0.20077246641646163,7.82451709928433,0.07832175128797618,0.0036636836343362233,0.020188098753814998,1.3296912085531984,145.90391584632528,0.594415397970762,0.42457409414894226,0.43341240705761924,0.04934540739501666,0.7770859277707586,0.20672478206731282,0.01618929016192856,0.7932752179326872,0.11195694607105419,TIME_EXIT,48,0.0128,-0.0872,0.3081,-0.4977,DISCOVERY
52893,2026-04-08 09:15:00+00:00,LONG,UPTREND,71836.8,58.484335906823866,3.249406304671723,-2.13984831966642,10.849431941005303,1.5272028953741774,1.3978250066692244,0.08850494217212969,0.012921343124738804,0.03148599429867449,1.3721478767549355,115.87741252765807,0.8531136994773775,0.45400060942111353,0.9277262401852339,0.02727014566349908,0.4910790144435373,0.11214953271025842,0.3967714528462043,0.8878504672897416,0.16384360105126772,LOSS,15,-0.5,-0.6,0.0,-0.5867,DISCOVERY
52934,2026-04-08 12:40:00+00:00,LONG,UPTREND,71906.8,64.48271540793021,1.3676428774442897,8.128030954992212,32.89790470364552,3.28353483089699,11.696279125415419,0.058902516053969914,0.030714117140639985,0.08321946986236117,1.4046983631886563,4.13867994347595,0.9961662887512048,0.6970797036108668,0.4564981849040174,0.2166589251642347,0.7050561797752487,0.000936329587933331,0.2940074906368179,0.9990636704120667,0.14852559146004043,WIN,5,0.5,0.4,1.1518,-0.0672,DISCOVERY
53554,2026-04-10 16:20:00+00:00,LONG,UPTREND,72717.9,53.29172119633265,0.6561167974271385,7.567319487458043,-26.345333674197505,12.589300519416327,45.363145381633444,0.1898580532819906,0.008538443702921228,0.017326376955884015,0.6284800410997557,50.64833658456996,0.47783006074558326,1.1553026597249831,0.8766207775374325,0.44680195660215555,0.8987341772151899,0.010632911392434536,0.09063291139237559,0.9893670886075655,0.2715975021280868,WIN,18,0.5,0.4,0.56,-0.2605,DISCOVERY
53556,2026-04-10 16:30:00+00:00,LONG,UPTREND,72748.6,54.509582603625965,0.7477280717522348,1.8739782047204514,-8.753803785808138,7.863930377797622,30.180830407805693,0.18682895396679639,0.010859630613246907,0.028724530231816203,0.6282148217379842,50.64833658456996,0.5142072504431463,1.1510674861530585,1.0158903751429464,0.11584415370193892,0.9106094808126279,0.0063205417606960685,0.08306997742667599,0.9936794582393039,0.30447321323022025,WIN,16,0.5,0.4,0.5175,-0.2032,DISCOVERY
53558,2026-04-10 16:40:00+00:00,LONG,UPTREND,72683.1,51.350326984021486,0.32776951484041916,-2.411527547852245,-7.316890680590653,0.9471721437465206,9.300843483015107,0.17350600306522476,0.0012110592332303938,0.012381012045237227,0.6287809515649156,50.64833658456996,0.4575754894409811,1.1268971319010992,0.265729145209337,0.025831314294531643,0.9126213592233301,0.001213592232903834,0.08616504854376605,0.9987864077670962,0.11336885740976124,WIN,14,0.5,0.4,0.6081,-0.0266,DISCOVERY
53599,2026-04-10 20:05:00+00:00,LONG,UPTREND,73199.9,63.091641347874855,-1.215305715538591,6.818292315701818,16.23620828311951,4.117802674093824,27.28724631597978,0.16800082243817258,0.023989153963399623,0.08044372675741762,0.7962573604826301,104.67322954069448,0.922763285830847,0.5780220924872786,1.3100531099314316,0.29952226710692226,0.8422555317629914,0.05067808708069611,0.10706638115631247,0.8422555317629914,0.19139370408976766,LOSS,30,-0.5,-0.6,0.3417,-0.5224,DISCOVERY
53622,2026-04-10 22:00:00+00:00,LONG,UPTREND,73161.3,54.917688116326524,0.3236762193311833,6.3143489271171305,-2.4318411095691825,5.889936215646912,21.213378438234926,0.08858465633375928,0.008309026025421495,0.01894193133584743,0.8581487191932169,89.62101326337074,0.5886341276512715,0.5176179621372538,0.8962766003838691,0.14304352164326836,0.8106603023070528,0.14876690533013145,0.040572792362815746,0.8512330946698685,0.1718121465856909,LOSS,8,-0.5,-0.6,0.0712,-0.6728,DISCOVERY
53910,2026-04-11 22:00:00+00:00,LONG,UPTREND,73435.9,54.76923782700442,3.76891542766424,3.443229571216989,10.123612616863179,2.1179842476674633,6.797880103308415,0.07738019113268209,0.00781756244228049,0.0207760027273185,0.6040933145423083,43.03182861537823,0.8628985649607833,0.3444478350835054,0.7889723204744893,0.23084758272179437,0.5382538253825363,0.0009000900090532451,0.4608460846084105,0.9990999099909468,0.1512884025388207,LOSS,12,-0.5,-0.6,0.1268,-0.5275,DISCOVERY
54022,2026-04-12 07:20:00+00:00,SHORT,DOWNTREND,71581.4,44.00864271083882,-1.5003818725978775,-2.043609887998457,-5.661570071651189,-0.15748762621636025,0.18474466101818976,-0.1262697533107746,-0.004393801380364604,-0.011258590219542786,-0.02654240332414106,-194.00292182890234,0.16835388427031092,0.23354145528025416,0.4072702002740087,0.15539651361948095,0.0029673590501862754,0.6765578635016285,0.32047477744818526,0.0029673590501862754,0.047079269195624975,TIME_EXIT,48,0.1897,0.0897,0.381,-0.2355,DISCOVERY
54033,2026-04-12 08:15:00+00:00,SHORT,DOWNTREND,71595.3,45.40652530130697,-1.8934056577929397,-2.6470440739121983,-2.65441021089005,-2.315078866525947,-5.964803798008089,-0.0733843373059012,-0.004402854967888725,-0.007439632191952317,-0.08471424462984044,-171.33744835263678,0.33285221818112487,0.2045344549874992,0.5555905429259224,0.018590605807940218,0.002652519894053806,0.6074270557028103,0.3899204244031359,0.002652519894053806,0.05265708782559342,TIME_EXIT,48,0.2668,0.1668,0.4142,-0.2161,DISCOVERY
54113,2026-04-12 14:55:00+00:00,SHORT,DOWNTREND,70714.3,30.605849451318406,2.7056597568246588,-2.7383905096747583,-13.89052573502903,-2.088912048423879,-21.443958733121804,-0.27330417460128476,-0.031437651139665235,-0.10669035428437779,-0.4271735279207347,-110.76063138790533,0.042935733851392106,0.6392121466146243,1.2283795365395382,0.39024638580882,0.21877205363444344,0.5857445306986712,0.19548341566688537,0.41425546930132884,0.2003837979022589,LOSS,35,-0.4975,-0.5975,0.2094,-0.6699,DISCOVERY
54483,2026-04-13 21:45:00+00:00,LONG,UPTREND,73230.1,61.57724789582903,0.11635658240636815,2.6039588337851356,-14.813310987853072,2.6117044390299213,14.67318431914893,0.3928128494403964,0.018727858421074828,0.06272386884298431,0.16451759401930546,254.34460884022778,0.869288753757677,0.4311285867908018,0.5419785513686295,0.13889097515911059,0.7274436090225415,0.24718045112772366,0.025375939849734862,0.7528195488722763,0.14529544545206707,WIN,5,0.5,0.4,0.9148,-0.1367,DISCOVERY
54533,2026-04-14 01:55:00+00:00,LONG,UPTREND,74345.5,56.05460664907313,-1.119799362359231,3.08569274824233,3.562587862353478,3.3434649356096777,15.99092841166923,0.2551555062983127,0.009141690735692265,0.02723460931495225,0.7035039561538057,304.8243785293464,0.7961339777757481,0.40962630918763476,0.38191540614208946,0.039965431667006314,0.5560165975103109,0.24204702627938168,0.20193637621030752,0.5560165975103109,0.09724865661002066,TIME_EXIT,48,-0.2166,-0.3166,0.3196,-0.3138,DISCOVERY
54556,2026-04-14 03:50:00+00:00,LONG,UPTREND,74397.0,55.27939625778814,-0.18517763879909666,2.7861260069113385,5.977804716122968,1.552301435302203,13.249230000860786,0.12876848750376196,0.007414610008327216,0.0297179593987007,0.8962002899132229,242.8551728844999,0.6870503035460421,0.341228459365805,0.5480037588349067,0.013720311302900152,0.5906344410875973,0.3776435045316556,0.031722054380747,0.5906344410875973,0.08898208261087362,WIN,39,0.5,0.4,0.6761,-0.3828,DISCOVERY
54560,2026-04-14 04:10:00+00:00,LONG,UPTREND,74433.1,57.63129185215799,0.7293328143183686,1.4662882043244778,8.175107003093757,0.933281456624492,0.8837022388447284,0.12662841819704307,0.009319189152301455,0.02221881022490546,0.9758914260112272,208.58345858046835,0.8321346064296199,0.31608508725962453,0.6101021135499038,0.03478627116160309,0.8492706645056183,0.0016207455428083237,0.14910858995157333,0.9983792544571917,0.08289322895324404,WIN,35,0.5,0.4,0.6273,-0.4311,DISCOVERY
54588,2026-04-14 06:30:00+00:00,LONG,UPTREND,74364.1,55.36323030981052,1.567280206576271,-2.441856706099614,15.080639494252376,0.5977054467028982,7.62156929625826,0.01909411739429654,0.006587769293320278,0.02465642059705786,1.0760290150720748,115.42720786727182,0.7918027260083006,0.3059922323582198,0.6965523887918585,0.16282722442686853,0.6062639821027525,0.053691275167658516,0.34004474272958907,0.9463087248323415,0.060109649683109306,WIN,7,0.5,0.4,0.7206,-0.0386,DISCOVERY
54594,2026-04-14 07:00:00+00:00,LONG,UPTREND,74550.1,69.39243930261651,4.4574884398746235,11.455806103606697,26.420908558515663,4.701056320398852,11.509327648757573,0.05928271696522003,0.02442160051736586,0.059007207404770945,1.1241558877381688,89.86222985758707,1.0564521363485309,0.5204312232513528,2.4813258606214332,0.07191807925140976,0.4906798245614192,0.15296052631576243,0.35635964912281837,0.8470394736842376,0.24466767985555238,TIME_EXIT,48,-0.2439,-0.3439,0.4693,-0.3658,DISCOVERY
54606,2026-04-14 08:00:00+00:00,LONG,UPTREND,74507.8,52.07161250120699,-0.39114619399464345,3.5033290334595435,-15.719726528858729,0.010861453833740597,-1.5050589525718578,0.10155463095783362,0.0012994057031034956,0.0042085508362932345,1.1669231593522453,64.44347875012943,0.4838036228830155,0.721270911808369,0.613790840501315,0.3719577010729039,0.8145087235996495,0.1349862258952973,0.0505050505050532,0.8145087235996495,0.14615919407094852,TIME_EXIT,48,-0.1519,-0.2519,0.4908,-0.3393,DISCOVERY
54619,2026-04-14 09:05:00+00:00,LONG,UPTREND,74718.5,58.857948582579645,2.88971417454146,1.8626871172332784,6.89112275962097,0.24569531126801536,-2.818397432998239,0.1350175511572345,0.0149922999244545,0.04087979685727383,1.210838369137146,51.28501298702815,0.8193466087588659,0.56032123925507,0.735490333026055,0.030701901135598716,0.45980126467927296,0.05600722673890924,0.4841915085818178,0.9439927732610908,0.1481560791504073,LOSS,19,-0.5,-0.6,0.1084,-0.5357,DISCOVERY
55137,2026-04-16 04:15:00+00:00,LONG,UPTREND,74904.9,52.90730778766442,0.33426202530404936,5.110616332968512,-15.892965715016075,2.2680939058012584,5.537329663847373,0.09256778716112414,0.0027233894967837458,0.005136384543535932,0.5434696977995177,42.01303332633026,0.4190325592827826,0.40474076921538527,0.4188392750989346,0.15837415175776842,0.5908571428571096,0.3531428571429569,0.05599999999993348,0.6468571428570431,0.1168147878176194,LOSS,46,-0.5,-0.6,0.3005,-0.5566,DISCOVERY
55153,2026-04-16 05:35:00+00:00,LONG,UPTREND,75069.0,59.34751678958615,0.32525170662078295,2.882547413360946,13.575483421119216,2.4207153804834647,11.514125974752702,0.09372425940138371,0.01644882184275165,0.04798854949779052,0.5499220739473357,38.35722603100055,0.9137618720990497,0.4415229607001789,0.6605226467295174,0.29722655157255323,0.6130705394190336,0.3215767634854966,0.06535269709546983,0.6784232365145034,0.1284151913572769,LOSS,26,-0.5,-0.6,0.0135,-0.5263,DISCOVERY
55365,2026-04-16 23:15:00+00:00,LONG,UPTREND,74942.5,51.22270339946732,-0.6395129974865412,1.9507323222088715,9.093816258563834,1.8473887959923196,11.640124701059005,0.03639704596519474,0.0026964394845618855,0.010795097693860889,0.3573454414553652,48.526893356556286,0.6771032421080763,0.25986597302376074,0.5722838266797543,0.0975914868065478,0.9023437500000037,0.0,0.0976562499999963,0.9023437500000037,0.10247856690129488,LOSS,30,-0.5,-0.6,0.2757,-0.5239,DISCOVERY
55566,2026-04-17 16:00:00+00:00,LONG,UPTREND,77833.1,62.16371794812277,2.416347430207459,10.225924761952847,-56.024326672704234,13.009593360951698,38.80296385757643,0.6908542434196757,0.03293901672190014,0.0882175205955793,0.9197990435701823,297.31207361684517,0.6860109285070214,0.7365819268496632,0.5395159323736466,0.02150755912331031,0.35343228200368754,0.19712430426715608,0.44944341372915636,0.8028756957328439,0.2770029717433917,WIN,4,0.5,0.4,0.5999,-0.1249,DISCOVERY
55569,2026-04-17 16:15:00+00:00,LONG,UPTREND,77920.0,64.31029660330691,2.7865568188605963,2.146578655184136,-33.150763927588,9.930370394979064,22.87356274511623,0.6620259868275723,0.03538656599904044,0.08846528516099905,0.9187732409920735,297.31207361684517,0.8190441119788626,0.6548671452964215,0.5623203323293343,0.08928067248460557,0.3834656702475646,0.14012143858009896,0.47641289117233643,0.859878561419901,0.2747689938398432,LOSS,10,-0.5,-0.6,0.4877,-0.595,DISCOVERY
55638,2026-04-17 22:00:00+00:00,LONG,UPTREND,77419.8,56.551680407880674,1.380000224244192,3.854187600620918,11.746620478276778,1.1018915029433174,5.973003772182594,0.02462945521943466,0.009816919228522458,0.029797345435467193,1.2190481783602336,75.16231723947999,0.8343604817761611,0.40537954543434956,0.7574775662266922,0.2960160062413012,0.5522388059701264,0.2739244951711913,0.17383669885868236,0.7260755048288088,0.1471199873933983,LOSS,15,-0.5,-0.6,0.074,-0.7306,DISCOVERY
55644,2026-04-17 22:30:00+00:00,LONG,UPTREND,77427.2,55.8628606101683,5.772178917605203,8.42568890646352,1.125684953635039,4.054705474295083,-1.3221803244911623,0.028083999151634093,0.009038085561585696,0.0055431155429719325,1.2189316694780856,75.16231723947999,0.8142621039856854,0.28127248239441904,1.2147231131647125,0.04193939597452696,0.388251181634054,0.09115462525321266,0.5205941931127334,0.9088453747467873,0.19127645065298923,LOSS,9,-0.5,-0.6,0.0,-0.7401,DISCOVERY
56649,2026-04-21 10:15:00+00:00,LONG,UPTREND,76431.7,59.550791752412856,1.9970807970117619,2.0082683914626287,-1.5256143015585195,4.282671009103282,16.236959175056562,0.1770287135893662,0.015046360407389159,0.043489208988090056,0.3225599187049153,29.12149801845976,0.6449702926230565,0.5915544660301418,0.4584318747230429,0.3027703165048086,0.40501165501164127,0.3782051282051663,0.21678321678319246,0.6217948717948337,0.2245141740926943,WIN,7,0.5,0.4,0.5401,-0.0563,DISCOVERY
56652,2026-04-21 10:30:00+00:00,LONG,UPTREND,76483.6,60.569544024936555,0.7625470966250347,1.0187522725236988,7.783372675485452,0.4845355599076626,9.308986977043972,0.18890222205570908,0.016189100391206246,0.057060427348876175,0.32234103701288214,29.12149801845976,0.7873821392418262,0.5472874852774363,0.3797254186206126,0.23470717905537536,0.4345454545453487,0.29818181818171235,0.26727272727293894,0.7018181818182877,0.07191084101689774,LOSS,25,-0.5,-0.6,0.4719,-0.5704,DISCOVERY
56654,2026-04-21 10:40:00+00:00,LONG,UPTREND,76521.7,62.67839327589572,1.842124263730554,2.871396347584202,8.36887349099517,0.93506294714836,1.0700363754173807,0.1934282619824738,0.017940763879820132,0.049393977273615164,0.3221805440610765,29.12149801845976,0.8334653247004598,0.5843478514596819,1.4697261713402252,0.1848005206366375,0.46657381615596993,0.3015320334261919,0.23189415041783817,0.6984679665738082,0.18765918687118271,LOSS,23,-0.5,-0.6,0.4218,-0.62,DISCOVERY
56828,2026-04-22 01:10:00+00:00,LONG,UPTREND,76352.8,66.66196437490913,2.2356038749639993,0.43739821243975996,-19.111761765872984,2.000833609934034,0.040152852800588335,0.3130484435104923,0.02185831927277171,0.058896615969450394,0.16742107051860347,20.552599442927033,0.705208586293248,0.5632529910716311,0.366987475533197,0.11959613792814713,0.475071225071224,0.19373219373218104,0.33119658119659495,0.806267806267819,0.1838832367640665,WIN,12,0.5,0.4,0.6512,-0.3591,DISCOVERY
56835,2026-04-22 01:45:00+00:00,LONG,UPTREND,76248.0,57.498207603145886,2.1936197059584615,6.710656766694356,-29.503044168661134,5.843532468983483,16.20250956459556,0.23485148976749234,0.00812268862797616,0.018411852389355055,0.16765118446507224,20.552599442927033,0.49891982670990853,0.3885315270593731,0.47031879533393756,0.073897020249713,0.513544018058657,0.08577878103843478,0.4006772009029082,0.9142212189615653,0.11619976917428106,WIN,5,0.5,0.4,0.7895,-0.0843,DISCOVERY
56838,2026-04-22 02:00:00+00:00,LONG,UPTREND,76259.9,57.41049914047138,-0.6368691871584033,-0.08770846267450594,-18.549122840690345,3.4739448212059045,10.95392132797079,0.21949486495863327,0.007693429489519232,0.019681941930560498,0.19435207061994456,40.77409839675006,0.5813710676935552,0.347137305133372,1.3138192550095191,0.05828095761993786,0.5746606334841157,0.3687782805430361,0.056561085972848195,0.5746606334841157,0.17387906357077026,WIN,2,0.5,0.4,0.7738,-0.0821,DISCOVERY
56895,2026-04-22 06:45:00+00:00,LONG,UPTREND,77929.4,57.23614942678346,-0.43355992365486884,1.2243526450808275,-33.25156468587646,1.317755663427974,1.9478870068823397,0.390749801930825,0.006296838472530375,0.01868316026525374,0.5794395881216726,226.36362530850948,0.433010488276034,0.7711820240390819,0.11326672761514703,0.29698675981080613,0.6566666666665697,0.24333333333343035,0.1,0.6566666666665697,0.07699276524649235,TIME_EXIT,48,0.1939,0.0939,0.3293,-0.199,DISCOVERY
56929,2026-04-22 09:35:00+00:00,LONG,UPTREND,78078.6,57.39812478001341,0.7038756884643931,4.121052366400598,7.767308224254208,1.2958387808540337,11.976340932739571,0.14997503917269311,0.010211631654288844,0.0378367225170928,0.7994656272668285,199.4010289588653,0.7716965465367881,0.3462577814767038,0.44781787322989375,0.14173217757491274,0.7099737532807524,0.14698162729655534,0.14304461942269223,0.8530183727034446,0.0975939630065051,WIN,32,0.5,0.4,0.5279,-0.2177,DISCOVERY
56945,2026-04-22 10:55:00+00:00,LONG,UPTREND,78117.8,58.58709365154945,3.0565007616555775,2.3061451534204664,8.704220684063312,1.2664198165748566,-0.26638794347796235,0.10580573620987341,0.010305093399476384,0.023485253991806232,0.8479770139308472,170.97684700310003,0.7806772723686445,0.35527678461323975,0.6769192151222501,0.04116219350775219,0.42133620689660123,0.16163793103447768,0.41702586206892106,0.8383620689655223,0.11879494814242453,WIN,31,0.5,0.4,0.6864,-0.081,DISCOVERY
56970,2026-04-22 13:00:00+00:00,LONG,UPTREND,78253.8,56.31463779320738,4.6252706313999425,9.505083635944438,-9.91294142624291,5.908827639978082,12.531233824448428,0.09895018620657675,0.007594872957161769,0.009782963641291609,0.9841778034484648,108.75027893762444,0.595005396656329,0.32998290015854714,0.9623235940736288,0.10135929501187757,0.5338450802512645,0.0669923237961762,0.3991625959525592,0.9330076762038239,0.18312209758502251,WIN,6,0.5,0.4,0.5114,-0.0833,DISCOVERY
56999,2026-04-22 15:25:00+00:00,LONG,UPTREND,79028.4,61.85141202816266,2.58031614658465,3.7137434317125653,-6.223112474626419,3.7574665385385515,2.696413623846979,0.3090930829388678,0.026855056975749747,0.06681171960871701,1.115406971655974,128.90855122383994,0.837396226203099,0.5873289827582402,0.8000463258752942,0.11429751836046899,0.5048381715048528,0.2389055722389273,0.2562562562562199,0.7610944277610727,0.37923075755044655,WIN,8,0.5,0.4,0.5259,-0.079,DISCOVERY
57031,2026-04-22 18:05:00+00:00,LONG,UPTREND,78887.8,50.9687762692519,0.4445951963114325,-3.27828576305906,10.53445487476504,1.617402899512463,6.131385934969259,0.06108357124381515,0.0028320878934895433,0.005721419243065462,1.2418193460340379,69.59458261642283,0.6795906637827209,0.4276791955194959,0.41409650319510255,0.1125776102261848,0.8403880070546347,0.08201058201060137,0.07760141093476396,0.9179894179893986,0.14374846300696525,LOSS,27,-0.5,-0.6,0.3068,-0.5934,DISCOVERY
57034,2026-04-22 18:20:00+00:00,LONG,UPTREND,78955.2,54.58261052951923,1.4563921477780966,3.613834260267332,17.191439747883813,2.176231456436483,6.656984873118773,0.06702209664545963,0.009436973210230626,0.02270172190237396,1.2407592686240296,69.59458261642283,0.842664382125073,0.4431757898905875,0.3008622514301475,0.06241197539870269,0.734589041095864,0.040239726027376355,0.2251712328767597,0.9597602739726236,0.14793199181306407,LOSS,24,-0.5,-0.6,0.2211,-0.6782,DISCOVERY
57389,2026-04-23 23:55:00+00:00,LONG,UPTREND,78216.8,60.78185979058405,1.166236829084255,-0.767625267340982,-2.4597481313577703,1.407547619096512,5.955017095533734,0.1318883822711628,0.010849493766862395,0.033117556656225844,0.3352622994622456,3.823418077940352,0.6979698857123656,0.3272470855014776,0.8772064041449119,0.21675330619509597,0.3921052631577416,0.19736842105263158,0.41052631578962684,0.8026315789473685,0.048582913133751314,LOSS,41,-0.5,-0.6,0.4209,-0.7996,DISCOVERY
57393,2026-04-24 00:15:00+00:00,LONG,UPTREND,78314.5,63.396642494382704,3.153641804228421,11.854694089179738,5.3730924634116946,4.349907107375479,13.115217257174734,0.1399308955776571,0.01885391197924413,0.050147196068728306,0.3439511000743569,23.806349936314206,0.9248894939258502,0.39902236756880094,0.9691610733232191,0.19110764928590257,0.43678160919542014,0.11822660098518518,0.4449917898193947,0.8817733990148148,0.1555267543047435,LOSS,15,-0.5,-0.6,0.1846,-0.528,DISCOVERY
57416,2026-04-24 02:10:00+00:00,LONG,UPTREND,78349.9,58.714401026034906,2.9202193510763053,-2.65851930520202,24.666636827813416,1.7727810269560536,9.370171340371284,0.07971134623898579,0.01681983461732095,0.05081784729445982,0.37572151159956346,55.793088662502065,0.7064235135549497,0.8336389879620373,0.6982590581724452,0.01726230665258562,0.37704918032786267,0.13805004314064542,0.4849007765314919,0.8619499568593546,0.14792616199892303,LOSS,14,-0.5,-0.6,0.0579,-0.9681,DISCOVERY
57549,2026-04-24 13:15:00+00:00,LONG,UPTREND,78359.9,63.31296169797109,1.9788844427395418,0.8450262787233811,-0.9968440013854831,4.74088723658727,18.03692559461534,0.21518702506408524,0.02240786786011917,0.06541295254152146,0.18464375075470676,23.55868581618159,0.9045373468142843,0.45217333680466143,0.8416011392549428,0.221264320143329,0.6371100164203938,0.0008210180624451427,0.36206896551716106,0.9991789819375548,0.1554366455291583,LOSS,7,-0.5,-0.6,0.0003,-0.5231,DISCOVERY
57678,2026-04-25 00:00:00+00:00,SHORT,DOWNTREND,77380.8,45.93948588594745,-2.005380057483933,0.2978056667198743,13.456710961160141,-1.2925474769236445,-0.23105879718825406,-0.08735523385760585,-0.0014284701273958866,-9.570537778946786e-05,-0.016376565883243478,-55.209908099766,0.6124538729184421,0.3201650351392628,1.5863839686639405,0.09226772015798028,0.06183115338879464,0.7657550535077392,0.17241379310346616,0.06183115338879464,0.10868329094554625,TIME_EXIT,48,-0.2889,-0.3889,0.1632,-0.3841,DISCOVERY
57760,2026-04-25 06:50:00+00:00,SHORT,DOWNTREND,77488.4,47.75130859696017,-2.7710496620967575,-2.6602446712405907,4.109920162403217,-0.210394486286841,1.3325707095863955,-0.018517267700157877,-0.0009127286729970763,-0.0013322054934983285,-0.0666558073459452,-1.9486271659210814,0.5531817771573764,0.11090273960314108,2.234828145816721,0.0020325622932098764,0.008460236886631993,0.7106598984770873,0.2808798646362806,0.008460236886631993,0.07626948033512865,TIME_EXIT,48,-0.3376,-0.4376,0.1142,-0.4628,DISCOVERY
57773,2026-04-25 07:55:00+00:00,SHORT,DOWNTREND,77449.9,43.55728568483557,-7.6655450851770155,-6.049967996413024,2.150253095446243,-3.2330594423875656,-5.092589259832226,-0.01699541164017973,-0.0043634050819862935,-0.003744391440951844,-0.076345746584231,-2.559239713075229,0.3019373090141313,0.16223666848202192,2.6121406996148866,0.02572630823280974,0.02472527472511877,0.3626373626373407,0.6126373626375405,0.02472527472511877,0.09399624789701261,LOSS,31,-0.4975,-0.5975,0.0076,-0.5127,DISCOVERY
57903,2026-04-25 18:45:00+00:00,SHORT,DOWNTREND,77269.9,45.02071954614924,-0.09691007655106176,-6.754371439187274,13.19692616664409,-1.6959899560148486,-2.1649220911876483,-0.10497669057685602,-0.002237237445723572,-0.001861123544733001,-0.10959453392304366,-22.151615221177806,0.5171526874040996,0.19428943404748683,0.8590816597005482,0.03398800826712224,0.0,0.9842931937171259,0.015706806282874092,0.0,0.07415565440100598,TIME_EXIT,48,-0.3114,-0.4114,0.1515,-0.4271,DISCOVERY
58089,2026-04-26 10:15:00+00:00,LONG,UPTREND,77990.8,53.361324036534285,-0.4188915124801085,7.69648933771667,2.866977827525481,1.5583417115366864,8.592485221133492,0.04368291917766017,0.002820764777555773,0.010032371591961464,0.06489682506319785,71.86690719826316,0.7116718310130637,0.15554727053293638,0.688407976328616,0.00352605691951544,0.5619335347432795,0.35347432024154174,0.0845921450151788,0.5619335347432795,0.04244090328603607,TIME_EXIT,48,-0.0197,-0.1197,0.1586,-0.3536,DISCOVERY
58101,2026-04-26 11:15:00+00:00,LONG,UPTREND,78005.3,56.79018538695009,-0.15882275283223635,1.813850566355434,5.9046160754689705,0.4412091087826351,4.9792148787207005,0.03234455810568502,0.0039328776205271865,0.014648180701515301,0.08192633852718469,63.22328311297247,0.8314550265919408,0.1419334861223947,0.6763551474413314,0.11159498136665445,0.730337078651765,0.23970037453164333,0.02996254681659167,0.730337078651765,0.034228443451915565,TIME_EXIT,48,0.08,-0.02,0.1682,-0.3722,DISCOVERY
58140,2026-04-26 14:30:00+00:00,LONG,UPTREND,78029.9,63.41240810871173,0.7971387611877461,5.528893493790932,19.211257117300377,0.9059197904948171,6.773928675501361,0.005092904942638256,0.011970275279526987,0.0364514372754865,0.1117950673471168,30.11521356997882,0.9315156607837294,0.36532374048483063,1.0292648735408878,0.282023301324236,0.7742899850522593,0.1076233183858102,0.11808669656193047,0.8923766816141898,0.0857363651625963,TIME_EXIT,48,0.0857,-0.0143,0.3797,-0.2754,DISCOVERY
58158,2026-04-26 16:00:00+00:00,LONG,UPTREND,78012.8,51.64220170369207,0.5115557174941188,3.878977098183121,-6.728835794529928,0.8367372095183327,1.9930210701805535,0.03146535438218057,0.0009529842942335165,0.0020483101695001338,0.1380226353627069,25.24129302465198,0.40789021124056946,0.17977071363329608,0.7291408327477633,0.035250625538354535,0.6734693877550414,0.24960753532174107,0.07692307692321751,0.7503924646782589,0.08165326715615526,WIN,39,0.5,0.4,0.5962,-0.2535,DISCOVERY
58206,2026-04-26 20:00:00+00:00,LONG,UPTREND,78205.8,54.57897750664563,1.6167702932101236,0.43271989961468904,-8.044863250806785,1.8902772505975634,7.434614465045144,0.0808900616309344,0.005256857387436753,0.01710177446496708,0.18164992508803762,23.207964378235957,0.5517936841212036,0.3974336201372964,0.3622786245838399,0.0433663487874219,0.5298507462686344,0.04850746268641217,0.4216417910449534,0.9514925373135878,0.0685371161729581,LOSS,22,-0.5,-0.6,0.4464,-0.5483,DISCOVERY
58221,2026-04-26 21:15:00+00:00,LONG,UPTREND,78208.5,51.931784694713514,0.821456920371844,-1.790020466827123,-4.726522809400379,0.13812811312805096,-0.6024648162982658,0.06210957021835516,0.0014011128923963057,0.0038374416932107636,0.19204981747048372,20.340074805183136,0.5484342095374641,0.2161015913506475,0.48160484317192903,0.11291931183950593,0.39651416122003047,0.3899782135075479,0.21350762527242165,0.6100217864924521,0.05868927290511157,LOSS,6,-0.5,-0.6,0.0348,-0.5031,DISCOVERY
58277,2026-04-27 01:55:00+00:00,LONG,UPTREND,79245.3,62.87506810020579,1.4790936761315194,4.125933878487373,10.671250826266174,3.0556080178808145,21.823215418987104,0.3286786124451442,0.03846165267888946,0.12659356452877635,0.33592369640380226,93.96936934106589,0.7815901408938836,1.3957137252291125,0.5256106592017717,0.0578930233086408,0.6949152542372882,0.02227602905564779,0.2828087167070641,0.9777239709443523,0.2605832774940596,LOSS,36,-0.5,-0.6,0.0355,-0.5241,DISCOVERY
58290,2026-04-27 03:00:00+00:00,LONG,UPTREND,79095.0,54.99237957408207,0.5907624887902614,0.9201148987917307,-23.113208045276807,1.670248265762794,10.156418613729585,0.24745405327218495,0.005812849090358618,0.02531285430837915,0.44087836320273377,112.90464042110801,0.5272374366188521,0.5519908541623095,0.6593611128447173,0.1012643024211406,0.46511627906976744,0.4223255813952947,0.11255813953493787,0.5776744186047054,0.13591251027245718,LOSS,25,-0.5,-0.6,0.2256,-0.6157,DISCOVERY
58293,2026-04-27 03:15:00+00:00,LONG,UPTREND,79197.3,59.94005287408914,1.4271423036855921,4.947673300007068,-8.859000326461938,4.2890615643355545,14.254207718814868,0.24271633536745896,0.015047443600235688,0.04163969100221543,0.4403088759025905,112.90464042110801,0.7451154000628166,0.3815804364504191,0.6663733669190292,0.4292886247384703,0.44919786096256686,0.24278074866307048,0.30802139037436266,0.7572192513369296,0.11805958031397534,LOSS,21,-0.5,-0.6,0.0961,-0.6106,DISCOVERY
58509,2026-04-27 21:15:00+00:00,SHORT,DOWNTREND,76821.8,46.40820452356422,-2.4806398155417497,-5.895908903184591,-12.255643339274727,-4.454093893051308,-12.954313234620216,-0.0060956219496448565,-0.005672187777550075,-0.007215406712679506,-0.33657329183865337,-115.85230989003225,0.26736281662798494,0.3335665520793974,0.7615215992197185,0.4039543462923247,0.021428571428606075,0.7059523809524156,0.2726190476189783,0.021428571428606075,0.10934396226071245,LOSS,24,-0.4975,-0.5975,0.1395,-0.5137,DISCOVERY
58518,2026-04-27 22:00:00+00:00,SHORT,DOWNTREND,76760.2,40.924144028812215,2.447983909514761,-10.741336733664795,-18.812714565283585,-1.6856897540200855,-11.383921914233085,-0.021433669864296453,-0.01095310087396717,-0.03362105062016951,-0.3753836750542241,-101.13444249546075,0.046800546691746776,0.3302542344621346,2.785542735098537,0.18221031211487884,0.26155358898713893,0.5535889872173503,0.1848574237955108,0.4464110127826497,0.13249053545977874,LOSS,15,-0.4975,-0.5975,0.0499,-0.5943,DISCOVERY
58702,2026-04-28 13:20:00+00:00,SHORT,DOWNTREND,76097.8,38.285256382486956,1.8408589565230287,3.165525518883804,-5.611621905780673,-2.0163797083604535,-16.359044576297265,-0.1850058879072717,-0.017409218669006687,-0.05951585346306576,-0.5453790686210146,-24.902304178524616,0.20171707759032365,0.452213002343118,0.48074047419408544,0.12312773825261013,0.0,0.575936883629167,0.42406311637083305,0.42406311637083305,0.06662479072982017,WIN,15,0.5025,0.4025,0.6052,-0.3814,DISCOVERY
58711,2026-04-28 14:05:00+00:00,SHORT,DOWNTREND,76074.4,41.370116130307096,0.3976431840973973,-0.5051601843246374,-2.492005756467748,-3.578455640674065,-12.375184516473979,-0.15819902472007707,-0.01504879645316537,-0.03934919113085522,-0.574603811938515,-34.37695047862263,0.19612939142474306,0.5233743966919997,0.4054511993352711,0.010157819187523788,0.08755364806864455,0.8635193133047709,0.04892703862658446,0.136480686695229,0.15313955811679095,WIN,6,0.5025,0.4025,0.5743,-0.0337,DISCOVERY
58730,2026-04-28 15:40:00+00:00,SHORT,DOWNTREND,75903.1,45.03882178131205,-3.920804321512037,-3.9295906240963347,19.154490048234372,-4.978428517655935,-10.89276803354246,-0.17684958171447118,-0.007533812274718166,-0.014888139684565704,-0.6166464145586833,-51.13946320123887,0.4923313702518576,0.5694915470864672,0.43689549236430925,0.2285150408876542,0.0007874015748489824,0.43622047244089907,0.562992125984252,0.0007874015748489824,0.167318594365711,LOSS,48,-0.4975,-0.5975,0.0828,-0.532,DISCOVERY
58738,2026-04-28 16:20:00+00:00,SHORT,DOWNTREND,75940.0,46.607272499646214,-0.8606904823034043,-2.663353593100261,9.815238549434593,-4.08990046005114,-11.718519536330351,-0.120892389320738,-0.004145294439572567,-0.006237384354212949,-0.6414945768261932,-49.39368193039047,0.4834607536371926,0.45458713966863895,0.3555160321408488,0.0407459836713256,0.0,0.7916666666666666,0.20833333333333334,0.0,0.07900974453515934,LOSS,41,-0.4975,-0.5975,0.1315,-0.5136,DISCOVERY
58740,2026-04-28 16:30:00+00:00,SHORT,DOWNTREND,75892.1,43.19550147818687,-2.463143467276204,-4.272461503762749,1.4546854182091629,-4.65058408001941,-12.45045359127657,-0.12017279264790422,-0.00924004493129127,-0.01880221772914137,-0.6418994620544313,-49.39368193039047,0.12619104699729503,0.2524304435923519,0.7097561238146147,0.10388762466712455,0.02386363636370251,0.5829545454545785,0.393181818181719,0.02386363636370251,0.11595409798911874,LOSS,38,-0.4975,-0.5975,0.0683,-0.5466,DISCOVERY
58742,2026-04-28 16:40:00+00:00,SHORT,DOWNTREND,75885.8,42.741710726711084,-0.022955125737382787,-2.91693421875199,-3.4349953637661095,-1.7151983897034597,-9.540264861994682,-0.12097379646817627,-0.008283555784116547,-0.026634339318099,-0.6419527522168984,-49.39368193039047,0.16106784167605775,0.2747424486980008,0.9024944776156703,0.119432752899742,0.408418657565474,0.5881683731512167,0.0034129692833092216,0.408418657565474,0.11583194747898648,LOSS,36,-0.4975,-0.5975,0.0444,-0.5549,DISCOVERY
59066,2026-04-29 19:40:00+00:00,SHORT,DOWNTREND,75395.6,45.64500205302365,0.13028201385162674,-2.4214121819785177,28.747209983296102,-2.9846771589073597,-19.680011311457122,-0.34546730029576683,-0.008332893177676048,-0.038430495873043036,-0.31517546867123625,-170.2654468020444,0.6205149860220065,0.8745988619064426,0.0916422439014623,0.20664335849837775,0.35039370078737675,0.6062992125984101,0.04330708661421308,0.3937007874015898,0.10106690576107502,LOSS,11,-0.4975,-0.5975,0.0065,-0.5718,DISCOVERY
59473,2026-05-01 05:35:00+00:00,LONG,UPTREND,77072.5,56.33953141334975,0.8075042528626852,0.7506316084087672,-15.071750657598322,1.9048171302187953,2.9741666301840226,0.18302866164731585,0.004862860426979587,0.0102273356565874,0.04361268783657946,87.45024523446976,0.5725360802446944,0.22667022990861743,0.44022331420458594,0.08899088520548079,0.8141263940520547,0.0,0.18587360594794533,1.0,0.06980440494340123,WIN,33,0.5,0.4,0.5287,-0.3098,DISCOVERY
59482,2026-05-01 06:20:00+00:00,LONG,UPTREND,77115.8,58.359763166390586,2.12779354754592,2.4282634550743722,-6.714072983777108,0.7451378778077,-0.5704804924150721,0.15451628668920356,0.004981781361990123,0.011678790463554023,0.09303209919200212,97.06122189849428,0.729617508658595,0.2169132087141384,1.1695997717244917,0.13930348903856657,0.5801354401806736,0.0022573363429186258,0.4176072234764077,0.9977426636570814,0.05744607460467032,TIME_EXIT,48,0.3339,0.2339,0.4723,-0.3658,DISCOVERY
59484,2026-05-01 06:30:00+00:00,LONG,UPTREND,77125.0,59.332924209937616,1.5940831163558258,3.1009545910929504,-5.6171334773905315,0.9116660887177019,1.8420773841942761,0.14799040844696054,0.005259096473775315,0.014279132287176033,0.09302100168389753,97.06122189849428,0.752733110287374,0.18829458399197088,0.6162296227340238,0.018486223662893982,0.675,0.0,0.325,1.0,0.051863857374392225,TIME_EXIT,48,0.211,0.111,0.4603,-0.3777,DISCOVERY
59518,2026-05-01 09:20:00+00:00,LONG,UPTREND,77344.1,62.32420520872955,3.833386934620812,2.604266345040763,-6.599364434687672,0.5956160385754714,-6.1882954183938494,0.14995693591593431,0.010707722137914821,0.02360179952121122,0.2055700526696078,89.33803461845031,0.6458112868538689,0.6289433861282083,0.6141254314304432,0.058595290397078746,0.3902439024390244,0.07195121951212413,0.5378048780488515,0.9280487804878759,0.10601972225418616,WIN,36,0.5,0.4,0.5248,-0.2922,DISCOVERY
59595,2026-05-01 15:45:00+00:00,LONG,UPTREND,78623.4,65.31127150133428,0.4403075308103581,2.8614679295480343,14.788086494995895,1.7046452901019649,15.457404739181484,0.3267359743000626,0.027859946955444137,0.09106124585043229,0.5408620050420834,153.35822552096,0.8728637098959852,0.8139875230640661,0.43457524919271157,0.035784511990062454,0.6395806028833689,0.20707732634341164,0.15334207077321943,0.7929226736565884,0.09704490011879786,LOSS,1,-0.5,-0.6,0.0001,-0.6275,DISCOVERY
59619,2026-05-01 17:45:00+00:00,LONG,UPTREND,78422.2,55.56770440291212,0.585653322637306,10.868523745777019,23.428265680295198,5.1070387331497,33.159166420122745,0.08172698759017157,0.01593188859423389,0.05836576686784056,0.6421804801906015,121.5483321604724,0.9137184732427165,0.4875321473992067,0.5225297562472152,0.09495079199511641,0.5804597701150307,0.1302681992337795,0.28927203065118984,0.8697318007662205,0.06656278451764563,LOSS,35,-0.5,-0.6,0.224,-0.6623,DISCOVERY
59622,2026-05-01 18:00:00+00:00,LONG,UPTREND,78507.1,58.802393596432836,-0.12202943204260208,3.2346891935207154,34.09980090492683,0.5249542464285639,10.671535224631633,0.10939472440473866,0.020421482619292775,0.06566098851430446,0.6949121373325491,115.53315148717007,0.9087679350838962,0.6554042072981338,0.9320139242627377,0.31008341920667043,0.6565252201761715,0.32586068855083256,0.017614091272995933,0.6565252201761715,0.15909389087100934,LOSS,28,-0.5,-0.6,0.1157,-0.5751,DISCOVERY
60329,2026-05-04 04:55:00+00:00,LONG,UPTREND,80300.0,57.703027451451185,2.341726117573934,-0.8194279616902307,-43.01119499950647,2.3768148002278338,-5.374480574744496,0.4603915366807786,0.012001535989369927,0.025477309926502656,0.5733441143370922,151.87244896164572,0.6075356451322397,0.7403013169562206,1.2505709616792449,0.026603362391037246,0.3869230769230993,0.11384615384617623,0.49923076923072446,0.8861538461538238,0.16189290161892902,LOSS,14,-0.5,-0.6,0.0872,-0.5532,DISCOVERY
60486,2026-05-04 18:00:00+00:00,LONG,UPTREND,80382.4,60.80589220850031,1.5538584712580175,-0.40334161876543817,-18.249839737576508,0.8571767226316922,0.972172887825991,0.37911514303443755,0.019416398549454428,0.05905757259194733,0.6059527338458369,42.71574690453653,0.7432260375357398,0.5779914323941135,1.6822334285424756,0.14570042695912663,0.7006403415155122,0.07203842049093073,0.22732123799355705,0.9279615795090692,0.23313561177570485,LOSS,13,-0.5,-0.6,0.0148,-0.5811,DISCOVERY
60600,2026-05-05 03:30:00+00:00,LONG,UPTREND,80772.5,67.08543751580618,0.9916973425905127,1.1918502550076369,13.35418185848404,0.9345398069839206,10.077337300589278,0.24548259557092586,0.03050911916144816,0.09741232364699481,0.6630135558754913,23.61062053047897,0.8844217121036362,0.7570752138694385,0.7724211492912387,0.21085456064873562,0.4760076775431157,0.2639155470249594,0.2600767754319249,0.7360844529750407,0.12900430220681183,WIN,25,0.5,0.4,0.6261,-0.1252,DISCOVERY
60624,2026-05-05 05:30:00+00:00,LONG,UPTREND,81087.9,66.4332340095234,3.1409515610960383,4.813231923356717,14.759305874624673,5.168563039614028,24.763251446494564,0.24329481925765656,0.02939978021669898,0.09155000503457966,0.7336174843042443,64.10892478107496,1.0415037722605518,0.5427272726661085,0.9128629720771502,0.25336085901843186,0.3641618497109368,0.0,0.6358381502890632,1.0,0.14934410682727176,LOSS,38,-0.5,-0.6,0.2347,-0.5096,DISCOVERY
60642,2026-05-05 07:00:00+00:00,LONG,UPTREND,80905.5,53.43347473604208,-2.177255159182778,1.2053003248010157,-3.948291347306597,3.7259203088039996,19.29234062496091,0.1163444605945437,0.004683831219720602,0.016712192331747033,0.7914728911157924,69.03856406308523,0.49880659669422855,0.5333830148967277,0.46484514629503676,0.18319520922557367,0.6421568627450954,0.0,0.3578431372549046,0.6421568627450954,0.10085840888442847,LOSS,34,-0.5,-0.6,0.254,-0.5252,DISCOVERY
60648,2026-05-05 07:30:00+00:00,LONG,UPTREND,81049.1,61.801240693262805,3.097007555211462,5.54201108499462,15.589889288699851,3.812825215152312,10.637347302480256,0.12474433470068716,0.016981854712727618,0.04273452804413047,0.7900705867451797,69.03856406308523,0.9888504761496065,0.40660261397316727,0.9095924502961589,0.13603482333547207,0.3503836317136145,0.0,0.6496163682863855,1.0,0.0964847234577702,LOSS,18,-0.5,-0.6,0.0764,-0.5035,SELECTION
60726,2026-05-05 14:00:00+00:00,LONG,UPTREND,81387.1,55.48819015910158,4.460453868007825,-11.879908106435707,-26.519693850084465,0.5092872564736268,-21.63733884716929,0.23419277005559883,0.008884573709710963,0.006002592290554887,0.8378239715717619,24.774722762148315,0.5568960453319657,0.6659320983115223,0.6377086531137738,0.17558679446742645,0.5569767441860353,0.02131782945736434,0.4217054263566004,0.9786821705426356,0.31700355461737795,LOSS,3,-0.5,-0.6,0.0002,-0.6072,SELECTION
60738,2026-05-05 15:00:00+00:00,LONG,UPTREND,81369.8,55.056175782188625,3.1611158078169055,7.971764944685027,-3.563895314552653,9.60190302193929,26.88483327346929,0.12027886828591355,0.013739807753254674,0.0265895796054183,0.8530691316929647,26.045294699879605,0.657347653112081,0.66430919475768,0.44198529813790033,0.18759416884397412,0.5382131324004221,0.0,0.4617868675995779,1.0,0.22834024416921622,TIME_EXIT,48,0.0654,-0.0346,0.3329,-0.4545,SELECTION
60996,2026-05-06 12:30:00+00:00,LONG,UPTREND,82390.1,54.223566033308494,1.7442344420853928,7.344584607279813,-40.175631881134635,7.917322993153832,23.79057700945249,0.2532988697588801,0.005204103836153884,0.01023403207589535,0.8045636552912901,74.74202733531274,0.42951862988764883,0.7564459537775025,0.2554186603207895,0.33219707222104927,0.5147058823529569,0.07773109243691602,0.40756302521012705,0.922268907563084,0.11554786315345787,LOSS,7,-0.5,-0.6,0.009,-0.7258,SELECTION
61406,2026-05-07 22:40:00+00:00,SHORT,DOWNTREND,79785.7,47.738406526767726,-0.3363142301001787,-2.810669930657049,12.993391327582806,-0.1397146809815979,-7.493051398968369,-0.10667457178901954,-0.002420757685028807,-0.018576764402045143,-0.3689325895129913,-82.54630671267836,0.5401768603145787,0.426678464213638,0.45023661597652437,0.14060790342128687,0.03992395437246421,0.8365019011408232,0.12357414448671253,0.03992395437246421,0.06592660088210202,WIN,43,0.5025,0.4025,0.6277,-0.4018,SELECTION
61485,2026-05-08 05:15:00+00:00,SHORT,DOWNTREND,79563.4,46.6301634609646,-2.8736993576151875,-5.868355906059229,-3.079260400846815,-3.071851587155548,-6.659107273246994,-0.03774824048303214,-0.004347289912765007,-0.005233124070902484,-0.5376725454682529,-17.85336321393777,0.2734915641849873,0.24237895736972168,0.9558012244986244,0.05012983356670192,0.049928673323818965,0.5035663338088442,0.4465049928673368,0.049928673323818965,0.08810583760875706,LOSS,47,-0.4975,-0.5975,0.4487,-0.5085,SELECTION
61918,2026-05-09 17:20:00+00:00,LONG,UPTREND,80732.5,69.28565101141055,2.6679085924117913,-2.1799654656003042,6.988370033712215,1.0184896496566722,1.590228338314546,0.14027213427593385,0.01818102719031156,0.051174830077349576,0.01914723139030193,23.278163074552708,0.9232796272042482,0.39921117992113236,0.771406179851047,0.32344470937974173,0.5316718587746162,0.06334371754938356,0.40498442367600024,0.9366562824506165,0.11928281670950722,TIME_EXIT,48,0.0367,-0.0633,0.3849,-0.0727,SELECTION
62214,2026-05-10 18:00:00+00:00,LONG,UPTREND,81443.0,61.7953854893019,0.08278844286217435,5.21151354751499,4.145269808283928,1.7032773764119682,14.494286338908864,0.16159366851889553,0.015326889428801671,0.0537352126653623,0.30261372688425725,56.65968818643705,0.9129151997112916,0.3775384848884012,0.9608594675487513,0.03039242169370275,0.6308962264150727,0.3502358490565574,0.01886792452836988,0.6497641509434425,0.10412190120698268,LOSS,27,-0.5,-0.6,0.0297,-0.536,SELECTION
62495,2026-05-11 17:25:00+00:00,LONG,UPTREND,81602.4,56.50881115934578,1.2152760176846442,4.454643170506195,-28.890961691524794,5.3563403394124265,14.343353517471186,0.2161696468275208,0.012456692571549688,0.03189598293746876,0.18796322479075414,38.01195886026578,0.5246283922623842,0.811213872615228,0.17020699692156288,0.09781575051715022,0.4650406504065987,0.0016260162602572481,0.533333333333144,0.9983739837397427,0.07536543042851682,WIN,4,0.5,0.4,0.5287,-0.0636,SELECTION
62507,2026-05-11 18:25:00+00:00,LONG,UPTREND,81995.2,63.97619230188249,4.0999530927353405,0.9876998691255778,-0.7394730541989816,2.4164540725211623,-14.179345357990229,0.29263493981696614,0.02685403350606297,0.0540671635671508,0.2354271956488816,75.84589394974549,0.8087959296008128,0.9839526242764737,0.7307462577434668,0.10657636056744431,0.4292534722222078,0.10069444444443436,0.47005208333335785,0.8993055555555657,0.2809920580716849,LOSS,37,-0.5,-0.6,0.1265,-0.5369,SELECTION
62763,2026-05-12 15:45:00+00:00,SHORT,DOWNTREND,80265.0,39.41862580849277,-2.2655020984613046,-4.744434799657064,-22.542630390500534,-0.4846597845744327,7.117585856497314,-0.1556682273661516,-0.026848635593468284,-0.06764349734454944,-0.0839329473898636,-82.55075941777838,0.1530849924465155,0.9062236725128018,0.6358277370457998,0.27225752195850805,0.1383831026948259,0.36635105608158663,0.49526584122358747,0.1383831026948259,0.17105836915218703,WIN,12,0.5025,0.4025,0.539,-0.1931,SELECTION
62770,2026-05-12 16:20:00+00:00,SHORT,DOWNTREND,80273.3,41.18619916385633,-2.307826128053044,-2.3394230532067866,2.560643115386611,-1.118801419001116,6.794794905093724,-0.16714753251637143,-0.01579556922739478,-0.035005491466311156,-0.12624661369019352,-88.42991814104786,0.2724863858563116,0.6431372358833215,0.4870628195639975,0.028290851378984547,0.2200577200577339,0.40548340548341005,0.37445887445885606,0.2200577200577339,0.17266014976336,WIN,5,0.5025,0.4025,0.5494,-0.0427,SELECTION
63626,2026-05-15 15:40:00+00:00,SHORT,DOWNTREND,79057.2,38.24876956415882,-1.4738164679890247,-1.5691405081825351,38.13885817826002,-6.71643672152473,-17.355246339869808,-0.46004935206616393,-0.01996169600867459,-0.05176181829615878,-0.09120329814644694,-237.78093020588926,0.21242877486238926,0.34703170330849803,0.5385271455988211,0.17435793324327048,0.19371727748687576,0.45724258289708614,0.34904013961603814,0.19371727748687576,0.14495833396579416,LOSS,23,-0.4975,-0.5975,0.0974,-0.5133,SELECTION
63742,2026-05-16 01:20:00+00:00,SHORT,DOWNTREND,79072.6,45.45327104405855,-2.3907737349981275,-3.8141248827344825,-6.51006760254518,-0.6950333321332778,0.4906676917354007,-0.006305023224207606,-0.0032968209872086263,-0.004836714258971142,-0.5442802475054259,-51.12090005338973,0.2335843713656769,0.16948434546784283,1.4786055873071453,0.09168789188669653,0.0016000000000931322,0.7728000000000466,0.2255999999998603,0.0016000000000931322,0.07904128610922115,TIME_EXIT,48,0.1098,0.0098,0.3319,-0.1333,SELECTION
63758,2026-05-16 02:40:00+00:00,SHORT,DOWNTREND,79052.8,44.2798201035835,0.4467888299079448,-7.528399859588646,-4.281389840433565,-2.5044923805056136,-13.084287548263392,-0.005087709898337343,-0.0048285130674563526,-0.0162728111301913,-0.554797359114035,-27.79217035711389,0.380393134215692,0.2905309605036274,0.9194977771008358,0.020505282545326478,0.14664586583475628,0.8112324492978983,0.042121684867345466,0.18876755070210174,0.08108504695596591,TIME_EXIT,48,0.4413,0.3413,0.4533,-0.1276,SELECTION
63773,2026-05-16 03:55:00+00:00,SHORT,DOWNTREND,79041.7,40.745767124808026,-2.1338383994424817,2.6619633740634043,-9.171355757126772,-0.966545938407025,-4.622410464430546,-0.006972123923984273,-0.006046962575467774,-0.017660952345577297,-0.5628628015081849,-9.290692204221102,0.18776300483637132,0.20240652537718987,0.9527632336783753,0.11663463715988186,0.0,0.7356321839079755,0.26436781609202453,0.0,0.06604108970327952,WIN,34,0.5025,0.4025,0.6447,-0.0697,SELECTION
64316,2026-05-18 01:10:00+00:00,SHORT,DOWNTREND,77024.8,38.10059015663051,-3.4375269016724275,-4.308963772496732,26.404716767400743,-2.4821366424077667,12.985610820396317,-0.4300405000745656,-0.02887223134508954,-0.06454083251443699,-0.47304646744718876,-70.22936341257258,0.28946650870975116,0.9304456194919479,0.331537126169895,0.23602787673580833,0.0,0.5392000000000117,0.4607999999999884,0.0,0.32457078759049035,TIME_EXIT,48,0.0322,-0.0678,0.4643,-0.2145,SELECTION
64335,2026-05-18 02:45:00+00:00,SHORT,DOWNTREND,76805.7,36.169201870234915,-1.8485456825869946,-7.176597858701058,4.423652978620524,-8.048935705666551,-28.888542801201623,-0.3235709828487299,-0.02490984655061368,-0.06838356929164124,-0.5237069104919373,-99.91124322622048,0.216576310039219,0.6430578521971612,0.6719056934508434,0.442376021571321,0.020565552699179427,0.5964010282776997,0.3830334190231209,0.020565552699179427,0.15194184806596006,TIME_EXIT,48,-0.1074,-0.2074,0.3543,-0.3306,SELECTION
64350,2026-05-18 04:00:00+00:00,SHORT,DOWNTREND,76896.9,46.54655563962905,-0.20112992723249334,-2.7244857704148515,14.277463451336345,-1.703538467573523,-7.220867644010703,-0.2124093333250414,-0.002853102543898256,-0.01059594514554174,-0.6281485122809145,-134.59277656796243,0.5232396117396327,0.3489265149280773,0.5021638515853761,0.008569916342526823,0.07443365695778402,0.8737864077669492,0.05177993527526684,0.07443365695778402,0.08036734900887152,TIME_EXIT,48,-0.3,-0.4,0.4735,-0.3009,SELECTION
64374,2026-05-18 06:00:00+00:00,SHORT,DOWNTREND,76822.0,39.95143480688407,-5.039076951427198,-7.038752721463339,-13.200028766860003,-4.971589785830412,-9.023589646457191,-0.08269432065640481,-0.013888704549425146,-0.025421107549550293,-0.6883749302443408,-113.8396686882804,0.1332502175144361,0.3837080915465533,0.8105288854729799,0.1532764051964281,0.0,0.36950146627567776,0.6304985337243222,0.0,0.1331649787821235,TIME_EXIT,48,-0.023,-0.123,0.3756,-0.4836,SELECTION
64381,2026-05-18 06:35:00+00:00,SHORT,DOWNTREND,76687.2,38.25597718373554,-2.9807856854291472,-2.1501267931211885,-21.01877396968623,-0.5563332508278265,-0.6646452383095465,-0.12618417815080024,-0.019583627648345203,-0.05509623881966297,-0.6895849488732247,-113.8396686882804,0.0962263626403993,0.6054255762307648,0.5663940354105667,0.09188952002421967,0.027537372147913766,0.5420928402832854,0.43036978756880084,0.027537372147913766,0.1657382196768246,LOSS,17,-0.4975,-0.5975,-0.0001,-0.5752,SELECTION
64413,2026-05-18 09:15:00+00:00,SHORT,DOWNTREND,76885.7,45.6462576750323,1.4092039052945964,-2.055536554369276,-13.821935176835291,-0.24499890879439512,-5.493066520040658,-0.006178998084588961,-0.006545551312664433,-0.022162296613914556,-0.7259818814321356,-54.115817272129334,0.2055241485563802,0.3491176058323727,0.3219557827628614,0.11318099464530346,0.12215909090918368,0.6704545454545595,0.20738636363625676,0.32954545454544043,0.09156449118625984,LOSS,29,-0.4975,-0.5975,0.3376,-0.6364,SELECTION
64505,2026-05-18 16:55:00+00:00,SHORT,DOWNTREND,76377.3,47.5969460736906,-0.24545904061368162,-2.2882978240042107,26.86622626939144,-4.356096220666792,-13.181583133643677,-0.21153928663350322,-0.0020326002864279324,-0.0028119374552715293,-0.7612554894315813,-27.019054722049134,0.5855101920701361,0.6466559057810539,0.9937098868502633,0.11766257775544246,0.10191082802549616,0.8550955414013037,0.04299363057320007,0.10191082802549616,0.16444676625123672,LOSS,25,-0.4975,-0.5975,0.3542,-0.6816,SELECTION
64780,2026-05-19 15:50:00+00:00,SHORT,DOWNTREND,76473.1,47.112670976333604,-0.0397251054868093,-3.783740108504631,18.257560782798905,-1.432496260508401,-7.771837636509389,-0.14518768781583377,-0.00401301783130581,-0.017105460011046514,-0.4297562307479758,-9.976471410510428,0.6041330676233821,0.5134988136428337,0.21511285795378765,0.01690790617876484,0.12993039443167204,0.8607888631090675,0.009280742459260445,0.12993039443167204,0.11271937452517504,LOSS,12,-0.4975,-0.5975,0.1258,-0.519,SELECTION
64782,2026-05-19 16:00:00+00:00,SHORT,DOWNTREND,76496.5,48.365148077330986,0.4750045609373643,1.2127519955105726,17.90699453635287,-0.03520084858092787,-1.7830625069544368,-0.13531570198213355,-0.0005475678104494008,-0.00634899327708327,-0.439189837254785,-22.165214148500695,0.6456030120505911,0.5219835065730801,0.38046250026351863,0.023298451563136563,0.0,0.8629032258064516,0.13709677419354838,0.13709677419354838,0.08104945977920558,LOSS,11,-0.4975,-0.5975,0.1565,-0.5118,SELECTION
65130,2026-05-20 21:00:00+00:00,LONG,UPTREND,77700.7,61.57855280414944,1.6472219088440596,0.4958378714831113,2.82225732833664,0.9760379273734188,0.8339399561182859,0.10034322911233944,0.011823144315248335,0.03117166071999744,0.14607004613758803,25.53082567330543,0.8869954995510206,0.2590238133176422,0.9965323689275206,0.10810391669572819,0.7525206232813734,0.04766269477541252,0.19981668194321406,0.9523373052245875,0.14041057545168997,LOSS,13,-0.5,-0.6,0.0449,-0.5414,SELECTION
65210,2026-05-21 03:40:00+00:00,LONG,UPTREND,77980.0,58.68022586560925,1.7863463958041237,-3.0463724578921756,-4.610120377601341,0.9200137265242461,1.3335269373689513,0.12732399443387013,0.0065033313187301545,0.017395422033672503,0.24108441608407774,31.3623311109059,0.6804592068690992,0.2689582090003878,0.3569821285081561,0.007136445242372825,0.4,0.0,0.6,1.0,0.03847140292382662,LOSS,37,-0.5,-0.6,0.2093,-0.6139,SELECTION
65451,2026-05-21 23:45:00+00:00,LONG,UPTREND,77674.0,53.79937158985354,0.5908083609651342,2.0445024319248404,11.05905460999713,1.1786706322241969,7.733511223489376,0.012815413185658233,0.0056853180930405145,0.018799019933379846,0.10216193182400901,19.866723657729917,0.8241822649082939,0.24614020680918863,0.5905139276408028,0.020244869583136982,0.639175257732031,0.10652920962217184,0.25429553264579724,0.8934707903778282,0.03746427375956668,TIME_EXIT,48,0.0951,-0.0049,0.13,-0.4969,SELECTION
65643,2026-05-22 15:45:00+00:00,SHORT,DOWNTREND,76682.5,39.219777118366096,-0.12350849945757858,-8.138289978093532,8.899191516925669,-1.739815275929061,-12.039612707245254,-0.2465784693084678,-0.020316310903101265,-0.06785374980191605,-0.04592164596958461,-56.28452131777864,0.22774535412921798,0.5018002780211334,0.26236976592716,0.10689531509797041,0.26215277777785234,0.6840277777776076,0.05381944444454006,0.26215277777785234,0.07511492191830707,LOSS,21,-0.4975,-0.5975,0.075,-0.5055,SELECTION
65741,2026-05-22 23:55:00+00:00,SHORT,DOWNTREND,75513.1,36.073295283182716,-0.8612455685323397,-11.003571676857653,-14.132476371449528,-3.1946136562259255,-24.961501325587122,-0.23813784346109404,-0.02582893728272362,-0.09013280361458431,-0.4820658569581912,-150.83456127093746,0.03585880653172199,0.5125764114692601,0.6891977491612523,0.01712947819649527,0.10412926391388175,0.5278276481148243,0.3680430879712939,0.10412926391388175,0.07376203599110231,TIME_EXIT,48,-0.1138,-0.2138,0.4365,-0.1597,SELECTION
65800,2026-05-23 04:50:00+00:00,SHORT,DOWNTREND,75482.1,41.238290594666715,-0.879340270949065,-0.1260483449166543,-17.043129332176918,-0.23718370210855966,-4.73386875613474,-0.02114997321699604,-0.008102515883368078,-0.026508193897722965,-0.7368383857757408,-84.95258442983561,0.06811716362354611,0.26500778562185456,0.5532760398943807,0.1641183803842297,0.004545454545719126,0.65454545454519,0.3409090909090909,0.004545454545719126,0.029145982954899237,WIN,35,0.5025,0.4025,0.7637,-0.0607,SELECTION
65807,2026-05-23 05:25:00+00:00,SHORT,DOWNTREND,75450.0,37.608167665709445,-0.36443949752253957,-4.858885035006352,-10.684648660605758,-0.3637012739606469,-0.8313467295505017,-0.03668911409237366,-0.008536359051081188,-0.022598338491142123,-0.7624820055480918,-63.70396152013171,0.14089746704113149,0.29776993460179807,0.5948074463559049,0.19905566600397612,0.0,0.9354838709676663,0.06451612903233378,0.0,0.057521537442006866,WIN,28,0.5025,0.4025,0.7209,-0.055,SELECTION
65825,2026-05-23 06:55:00+00:00,SHORT,DOWNTREND,75368.0,34.32492879305606,0.6456833990633442,-5.79120406572784,-5.419932749973235,-0.004624478480870664,-3.8564556002677968,-0.06626766946251118,-0.008457019951557676,-0.029226569671381153,-0.7868149527732186,-46.76868590239587,0.030860514520804513,0.17418815047494757,1.564968663143979,0.10003914128010806,0.3633879781420982,0.5683060109289508,0.06830601092895089,0.4316939890710491,0.04856172380852062,WIN,10,0.5025,0.4025,0.6114,-0.0528,SELECTION
65873,2026-05-23 10:55:00+00:00,SHORT,DOWNTREND,74687.7,46.07844598395867,0.6341569585994904,-5.607283472862278,10.87354424034805,-3.0746765116581223,-13.158751570058097,-0.16338082189996725,-0.002256996517313592,-0.007726341881941767,-1.000672210607822,-80.93538360553339,0.44700252636894827,0.19046853938788447,0.6319606787516147,0.0679998179084452,0.0763358778626039,0.7290076335880894,0.1946564885493067,0.2709923664119106,0.035079403971466645,LOSS,34,-0.4975,-0.5975,0.0895,-0.5847,SELECTION
65889,2026-05-23 12:15:00+00:00,SHORT,DOWNTREND,74662.4,37.536204362439044,-3.787777203656532,-9.44346135878201,-10.479714864447892,-3.9597876148351503,-10.146056622047638,-0.07385370796528344,-0.010297003581305475,-0.02046863293903023,-1.054999770183901,-46.20411974879846,0.04025346760431126,0.24080556675435705,1.5912559402055486,0.1001206765386625,0.009174311926472818,0.5259938837920067,0.46483180428152043,0.009174311926472818,0.08759429110234092,LOSS,18,-0.4975,-0.5975,0.0556,-0.6188,SELECTION
66114,2026-05-24 07:00:00+00:00,LONG,UPTREND,76957.5,68.078508680229,0.0912219124314646,4.878146686478438,27.727617002027316,1.5883312156237182,17.52430195887801,0.045256624044914005,0.02078509332896772,0.07124863427161454,0.06247563091101812,96.01454104083166,0.9507262307440778,0.5306902080768023,1.1861111948489953,0.009648182438343707,0.5981055480378967,0.3815967523680556,0.020297699594047605,0.6184032476319443,0.09602702790500493,WIN,41,0.5,0.4,0.8349,-0.3458,SELECTION
66143,2026-05-24 09:25:00+00:00,LONG,UPTREND,76921.6,64.13431842560922,-5.431370512238402,3.088971407701038,18.13820128130572,0.6071761972868472,8.089918699739876,0.03417194056951702,0.012530173903946284,0.03967410367795576,0.113768023309909,51.07869335127896,0.9802892619733722,0.3340478008698597,1.6667104900060186,0.16963700703055767,0.6923868312757708,0.0010288065844220552,0.3065843621398071,0.6923868312757708,0.12636242615857846,WIN,12,0.5,0.4,0.8819,-0.0594,SELECTION
66412,2026-05-25 07:50:00+00:00,LONG,UPTREND,77335.2,52.98167882145877,2.6125407557133613,4.5152152133210635,-5.3978864690865285,5.565912360601801,14.348339250491701,0.04886569050483663,0.004349223896893406,0.002286606698542748,0.30887082241477,50.64586069703739,0.5870696374895169,0.41412122856394074,0.8264380231850609,0.25008663583984186,0.4884080370941683,0.0015455950541858618,0.5100463678516458,0.9984544049458142,0.08366177368132117,TIME_EXIT,48,0.0321,-0.0679,0.4704,-0.1209,SELECTION
66414,2026-05-25 08:00:00+00:00,LONG,UPTREND,77372.2,55.67800199674115,-0.4625994989907696,5.3088639309957415,4.686657240861459,3.655991148636585,15.650456070549788,0.05469952093166816,0.007627368329155004,0.02106263877379444,0.3292308106064739,48.86704080544595,0.6636126959376497,0.39582222539395917,1.6911578621252805,0.20214624891112493,0.8335343787695552,0.10977080820273172,0.05669481302771314,0.8335343787695552,0.10714442655113099,TIME_EXIT,48,-0.1183,-0.2183,0.4224,-0.1687,SELECTION
66423,2026-05-25 08:45:00+00:00,LONG,UPTREND,77332.9,53.06317032633484,2.1457272132353253,4.387462183238036,1.1017594370637565,2.154128153211891,4.86704933607274,0.03389339863217579,0.0033108102892587254,0.004641493731849522,0.32939812323611584,48.86704080544595,0.7066519429407048,0.26458370667002,0.6732556236563361,0.02839994362038503,0.5225653206650109,0.002375296912251946,0.47505938242273715,0.9976247030877481,0.054439960223922584,TIME_EXIT,48,-0.0371,-0.1371,0.4734,-0.1139,SELECTION
66430,2026-05-25 09:20:00+00:00,LONG,UPTREND,77471.6,63.4225441021366,5.106023190971776,2.0531343469926284,14.150107584996078,1.858529212437002,0.28740468993755997,0.06564799790609402,0.014120071358703079,0.032170791008501176,0.348660224436254,46.55784627372637,0.9812279170657644,0.31906541789497206,1.1274229656680934,0.14936118526015818,0.3521444695259034,0.0,0.6478555304740966,1.0,0.11436448969687706,TIME_EXIT,48,-0.2104,-0.3104,0.2935,-0.2928,SELECTION
66540,2026-05-25 18:30:00+00:00,LONG,UPTREND,77596.0,51.25077297796976,-2.18167196621161,1.0866553270669925,0.7550995130214981,0.6960080949267804,3.815391864622782,0.028795498754376973,0.0010114452552834052,0.0029572807746625074,0.4351997793932658,4.174082315644142,0.48501682325963663,0.30231689608761225,0.7082174013373391,0.161670704675495,0.6824457593687944,0.0,0.3175542406312056,0.6824457593687944,0.06533841950617511,LOSS,26,-0.5,-0.6,0.0075,-0.5464,SELECTION
66775,2026-05-26 14:05:00+00:00,LONG,UPTREND,77212.0,57.522281109804474,2.6803780737451603,1.9534565731714508,34.56279793941654,3.4637314263643795,13.546455712521265,0.04059115123000335,0.021199106230596065,0.0585305082429155,0.059729169323540096,36.97527305989098,0.8050517411504816,0.7985045814558084,0.7761997559636931,0.04719797440812912,0.370656370656422,0.19240669240666217,0.4369369369369158,0.8075933075933378,0.20126405221985466,WIN,2,0.5,0.4,0.6272,-0.0001,SELECTION
66864,2026-05-26 21:30:00+00:00,SHORT,DOWNTREND,75976.0,47.1879188945137,-3.3853855223341824,2.3282027838644623,-2.968604645432574,-0.15319395748452536,6.664514388404612,-0.11134199314123425,-0.0037110340084134386,-0.0029999954215265134,-0.24775312911079045,-100.10664302216614,0.28583172131385315,0.30094317950042493,0.6382956068547818,0.11795830262187447,0.1516314779270955,0.4040307101726722,0.4443378119002323,0.1516314779270955,0.1371485732336489,TIME_EXIT,48,0.1923,0.0923,0.4426,-0.142,SELECTION
66866,2026-05-26 21:40:00+00:00,SHORT,DOWNTREND,75972.4,46.96677541427286,-1.517744242607506,-3.606529002575023,-2.083919112861018,-0.31253098002358826,0.7314915750870306,-0.1057030524294312,-0.00368243679984559,-0.008720962278219169,-0.24776486904877845,-100.10664302216614,0.30084998148838615,0.3027934298387441,0.6384780430262186,0.12270245510211757,0.29475100942117527,0.44010767160155867,0.26514131897726606,0.29475100942117527,0.09779867425539132,TIME_EXIT,48,0.1733,0.0733,0.4379,-0.1468,SELECTION
66870,2026-05-26 22:00:00+00:00,SHORT,DOWNTREND,75895.1,42.16781970877673,3.16683977939703,-4.871093334953528,-11.02272443650433,-0.3041915445293917,-9.01577080215984,-0.11270054768615517,-0.010171938025227423,-0.03686141506643592,-0.2930234164823236,-100.59699565496763,0.1613456517996723,0.37082481961066144,1.191369094462571,0.15842920030409166,0.0008952551477691168,0.7206803939121899,0.278424350940041,0.2793196060878101,0.14717682696249382,TIME_EXIT,48,0.077,-0.023,0.3357,-0.2488,SELECTION
66912,2026-05-27 01:30:00+00:00,SHORT,DOWNTREND,75830.2,41.650004123641665,-1.1066386303686713,-2.4285993624103597,-18.218107216884356,-4.083175294855618,-19.793949325232713,-0.014314048609822093,-0.012464515181587199,-0.0372653017718827,-0.38012746602461517,-58.231574808603,0.15195822986676785,0.3920820594488883,0.7083678865007431,0.13447808392961022,0.24678663239069887,0.5642673521851811,0.18894601542412004,0.24678663239069887,0.10259764579284099,WIN,36,0.5025,0.4025,0.7338,-0.1705,SELECTION
66935,2026-05-27 03:25:00+00:00,SHORT,DOWNTREND,75817.7,49.039912356991465,1.6638772286120158,-3.2885756035075886,10.676658696818897,-1.9980775449594432,-8.117802329271793,-0.046507559321804524,-0.0004049430084140937,-0.001246346831351719,-0.4230873419551354,-38.550548281410556,0.5746401107389637,0.3833901338177331,0.7874700549636041,0.12443334472027547,0.0,0.6516634050880453,0.3483365949119547,0.3483365949119547,0.06739850984665298,WIN,13,0.5025,0.4025,0.7172,-0.0274,SELECTION
66941,2026-05-27 03:55:00+00:00,SHORT,DOWNTREND,75635.6,36.77377746172068,-0.8623796337211544,-6.15951712398045,-16.394274391885972,-1.9002652447786765,-14.108376265074781,-0.08104727396117496,-0.01715924188698814,-0.056635002123262,-0.424105965526179,-38.550548281410556,0.11473061176464827,0.4341375946853891,1.0732259913663666,0.008068290593329265,0.3268998793728314,0.5138721351024639,0.15922798552470466,0.3268998793728314,0.1096044719682189,TIME_EXIT,48,-0.3943,-0.4943,0.4753,-0.4025,SELECTION
67091,2026-05-27 16:25:00+00:00,SHORT,DOWNTREND,75068.1,43.470133477545374,1.4862427994785392,-8.305128783645394,-14.268253366213939,-5.206770040971996,-31.525044692117163,-0.13322269479605636,-0.015885600522003163,-0.05489164425777071,-0.5955382014489947,-31.59781014822704,0.2523190988849361,0.6773452722126533,0.49562074800439504,0.07493529208812041,0.0,0.6703296703296469,0.3296703296703531,0.3296703296703531,0.10910093634978664,WIN,18,0.5025,0.4025,0.5668,-0.3313,SELECTION
67092,2026-05-27 16:30:00+00:00,SHORT,DOWNTREND,75030.1,41.8453594022029,-1.6247740753424722,-1.7999656206512356,-19.139759598950533,-4.8715062327365946,-21.950766429413406,-0.1393733677883378,-0.01918871236592512,-0.05639672089988723,-0.5958398197549154,-31.59781014822704,0.18932945574252294,0.6921698197701575,0.42670145078885113,0.006330792575227073,0.06267029972759643,0.5930971843778334,0.34423251589457016,0.06267029972759643,0.1467411079020364,WIN,17,0.5025,0.4025,0.5159,-0.3821,SELECTION
67108,2026-05-27 17:50:00+00:00,SHORT,DOWNTREND,74866.9,37.45393756988853,-1.8409970841951804,-3.7458272440928297,-21.11461081038368,-0.2236305154297753,-2.335542292660378,-0.16571333434825317,-0.022906817060308615,-0.06822197938669561,-0.6085349186869939,-24.817261897733317,0.1455980207815857,0.6687093810034551,0.3873401913651752,0.18771312823157296,0.004807692307622515,0.524038461538375,0.4711538461540026,0.004807692307622515,0.11113055302142481,LOSS,27,-0.4975,-0.5975,0.3147,-0.505,SELECTION
67176,2026-05-27 23:30:00+00:00,SHORT,DOWNTREND,74288.0,34.13465236769052,1.273889280201658,-7.730287948364499,-1.9577738058569025,-1.1372266826731448,-14.111589595790463,-0.29002899345747635,-0.02847773865218839,-0.09565219273082182,-0.7779397971155319,-60.97607395529826,0.08592378847268049,0.5590247970190424,0.6800776565717331,0.16815972970062537,0.0029296874998864797,0.8300781250000472,0.16699218750006634,0.16992187499995282,0.1378419125565289,WIN,45,0.5025,0.4025,1.1596,-0.3733,SELECTION
67186,2026-05-28 00:20:00+00:00,SHORT,DOWNTREND,74449.0,47.3187456895866,-2.1936122679228305,-3.4595024089300352,29.695723740202325,-2.7127783134911283,-6.451124889347398,-0.21070855108909084,-0.0014220315867841116,-0.004128869955732917,-0.8111834241757161,-64.64730460047411,0.6126229102471593,0.4213258748686703,0.565937553203585,0.03886889011269459,0.0,0.5921325051760683,0.40786749482393175,0.0,0.12975325390536585,WIN,35,0.5025,0.4025,1.3789,-0.1562,SELECTION
67206,2026-05-28 02:00:00+00:00,SHORT,DOWNTREND,74230.0,40.441739401608025,-4.079929791909862,-4.921158566971705,-12.174836555239168,-1.7039852443036168,3.2707639710979635,-0.16477160767518192,-0.01881459478449976,-0.04342924740646792,-0.8615400015540505,-53.2355218050688,0.12653387898567975,0.6142811823268013,0.8218563823666103,0.09127374376936863,0.15727699530517333,0.35563380281691737,0.48708920187790933,0.15727699530517333,0.22955678297185605,WIN,15,0.5025,0.4025,1.0807,-0.1692,SELECTION
67219,2026-05-28 03:05:00+00:00,SHORT,DOWNTREND,74227.3,43.96644336505733,-3.532384997186483,-5.194447020984818,8.899094517208304,-2.9041380846129314,-2.5550695255052105,-0.14403255069503504,-0.008163634566971112,-0.01472244445397397,-0.8885788770257348,-51.058836689373095,0.31263613121855766,0.2690712707471631,0.8882424736698237,0.07998741702848294,0.07096307023897536,0.5452570601013739,0.3837798696596507,0.07096307023897536,0.18605014597056044,WIN,2,0.5025,0.4025,1.077,-0.0181,SELECTION
68088,2026-05-31 03:30:00+00:00,LONG,UPTREND,74188.5,62.888632496793306,0.714686948970396,5.057929175671774,17.89163699783914,1.7146200539210845,9.055739407373993,0.07102905701209357,0.01654014373992929,0.048590403134252114,0.048990924151760144,12.591707422339539,0.8535891392464178,0.5214258488738829,0.5002412607597985,0.25776232165363966,0.7864476386035678,0.002053388090468108,0.21149897330596404,0.9979466119095319,0.06564359705346737,LOSS,48,-0.5,-0.6,0.0082,-0.5098,SELECTION
68102,2026-05-31 04:40:00+00:00,LONG,UPTREND,74165.9,57.40097251711781,1.0310567023056194,-0.40946869215149206,-0.10772842556245266,1.139260694509158,0.7536183526810731,0.06974397811979592,0.006573355979355711,0.014189841835166028,0.0660492988991198,15.180034382152144,0.7536725769203171,0.1764383248846457,0.4247967300097419,0.10378758971439878,0.7676537585421768,0.002277904328151117,0.23006833712967217,0.9977220956718489,0.059191623104410764,LOSS,35,-0.5,-0.6,0.0387,-0.5025,SELECTION
68273,2026-05-31 18:55:00+00:00,SHORT,DOWNTREND,73573.8,46.19415429469041,-0.7481320983417632,-3.874990235430978,-4.830347048393067,-1.2934083905025417,-6.191304529688281,-0.03107758212294293,-0.0033874516954024436,-0.010199272119137959,-0.03120798350118214,-52.9186746693846,0.25654680528155455,0.23367963572583625,0.6586517017683001,0.056504489369850086,0.0371428571429403,0.8057142857142026,0.15714285714285714,0.0371428571429403,0.04757128216838059,LOSS,37,-0.4975,-0.5975,0.2133,-0.5045,SELECTION
68274,2026-05-31 19:00:00+00:00,SHORT,DOWNTREND,73571.1,45.80819369303577,-0.38596060165463797,-0.5325416790235238,-5.606629491502578,-0.776282443109511,-3.77731838552753,-0.03186910002332773,-0.003414331892437339,-0.00975879137427027,-0.04703878594042891,-51.22559940791372,0.1989359084048622,0.21153928619657486,1.167100531623214,0.06017648234156054,0.03683241252302816,0.9152854511971961,0.047882136279775805,0.03683241252302816,0.07380615486242337,LOSS,36,-0.4975,-0.5975,0.2096,-0.5082,SELECTION
68458,2026-06-01 10:20:00+00:00,SHORT,DOWNTREND,72669.9,33.42751424343547,-2.2868404512962996,-8.167913072278793,-20.346909406113816,-4.470875009781814,-13.774057863102083,-0.16670590899918733,-0.024309790080689897,-0.062427279009014125,-0.28751777924358585,-91.86332859684603,-0.001988874303991019,0.5464078830656521,1.0831863704254658,0.09565514745446416,0.21554770318021202,0.5017667844522968,0.2826855123674912,0.21554770318021202,0.19471610666864825,WIN,19,0.5025,0.4025,0.6676,-0.1611,SELECTION
68460,2026-06-01 10:30:00+00:00,SHORT,DOWNTREND,72616.5,31.004354440507754,-3.6038766330474346,-4.710000254224013,-24.213669238828004,-3.101869789553014,-8.337634842496001,-0.18163501738841747,-0.02702322853392891,-0.07194287550971179,-0.2877292112103097,-91.86332859684603,-0.00277382585372345,0.654391857805838,1.1822600606165214,0.16056956752254078,0.0990990990990991,0.5165165165165165,0.3843843843843844,0.0990990990990991,0.229286732354217,WIN,17,0.5025,0.4025,0.5936,-0.2348,SELECTION
68512,2026-06-01 14:50:00+00:00,SHORT,DOWNTREND,71412.6,31.38448077103679,-2.649471047165406,-0.7597149481020438,3.4939760607407493,-0.7145236691365824,6.113311823763354,-0.4863543868963196,-0.036406795835275396,-0.09955603174128802,-0.5573229336749831,-158.77936926955817,0.14496250140751607,0.9186771934891194,0.4347043984318172,0.5362499054788609,0.10814742967993804,0.5198836081474228,0.37196896217263903,0.10814742967993804,0.2887445632843463,WIN,7,0.5025,0.4025,0.5279,-0.3501,SELECTION
68704,2026-06-02 06:50:00+00:00,SHORT,DOWNTREND,70139.9,32.118142643504854,-2.478062020777543,-5.717948104175747,-5.841021250706092,-2.3453142969360385,-1.496506651577107,-0.30941834044072725,-0.03530922540158077,-0.09466787008686195,-1.2892198002281232,-35.314471608539066,0.14972542045556528,0.9764106007159712,1.5378510379195023,0.04464292079114092,0.2974316487157833,0.43454846727422003,0.2680198840099967,0.2974316487157833,0.34416929593568596,WIN,2,0.5025,0.4025,0.6791,-0.0001,SELECTION
68717,2026-06-02 07:55:00+00:00,SHORT,DOWNTREND,70079.4,44.20473088350321,-0.674739068552725,-3.5099669113747183,28.29455697374823,-1.0972214138779748,-0.038022786079608295,-0.32177151552104055,-0.01029665504846955,-0.02978880224474567,-1.3473695489706636,-53.79405735829073,0.43733168626720337,0.7917726548776292,0.4236080097645,0.07842889636613432,0.08138528138523099,0.7679653679653428,0.15064935064942625,0.08138528138523099,0.16481305490629203,WIN,12,0.5025,0.4025,0.5767,-0.0953,SELECTION
68751,2026-06-02 10:45:00+00:00,SHORT,DOWNTREND,69459.7,42.33352081872918,1.1062569434493739,-0.17086960608977364,16.02766998660678,-2.3733255450093935,-14.126531701573981,-0.338503511912129,-0.014348731115942925,-0.049749577679247814,-1.5368680408174136,-92.18782554108589,0.3927112745473537,0.5042731287228278,0.2492729421494699,0.26541289409541924,0.0,0.6773109243697968,0.32268907563020316,0.32268907563020316,0.08566118195154888,WIN,22,0.5025,0.4025,0.5715,-0.2979,SELECTION
68827,2026-06-02 17:05:00+00:00,SHORT,DOWNTREND,67418.9,41.30159430795517,-2.2657917961564635,-1.4643936554949661,17.093781998635308,-9.42813146862855,-35.427846639173794,-0.5767995491912074,-0.03254790587232659,-0.09634315525599568,-2.219951121109995,-218.86274607412997,0.41163076454829306,1.6163341927600519,0.3905045916781955,0.27731096176293574,0.15658844765341234,0.4259927797834217,0.41741877256316595,0.15658844765341234,0.3286912127014915,LOSS,3,-0.4975,-0.5975,0.0,-0.5504,SELECTION
68925,2026-06-03 01:15:00+00:00,SHORT,DOWNTREND,66839.9,48.684179586781724,1.8763966709343194,-2.0339742505322818,4.0642272689124415,-3.6851405533519763,-26.73657614762,-0.14363283740982266,-0.0029551392814686217,-0.023085366757402692,-2.684427995454117,-34.67152700112706,0.4654932052748367,0.6996136286673288,0.6725127122325919,0.13214412349509366,0.09994121105231875,0.6590241034685596,0.24103468547912169,0.3409758965314404,0.2544887110842563,WIN,5,0.5025,0.4025,0.5989,-0.2545,SELECTION
68944,2026-06-03 02:50:00+00:00,SHORT,DOWNTREND,66675.1,45.56564556482184,-2.543197552011712,-4.380075600334955,-7.429713882660515,-2.31041176105418,0.5172911536492784,-0.12834595621992764,-0.014499484304431043,-0.029533865702280337,-2.6965343204906187,-1.3204550580185241,0.31999887522901715,0.8303965293283634,0.41502305129549677,0.26801609596385617,0.06400602409639115,0.41189759036145995,0.5240963855421489,0.06400602409639115,0.19917480438722754,WIN,6,0.5025,0.4025,0.5506,-0.0087,SELECTION
69671,2026-06-05 15:25:00+00:00,SHORT,DOWNTREND,60760.5,42.82998115485524,-2.4831908494702475,5.395296618471484,51.38928443527425,-0.9387021423881947,20.916415261930013,-0.7632952616382865,-0.030256891801028196,-0.06671053710294306,-2.2387601963961785,-153.00675172202807,0.4727177876553906,1.2516228691959093,0.8522125151007565,0.15182561038832795,0.18914473684210592,0.5242011278195472,0.2866541353383468,0.18914473684210592,0.7004550653796439,WIN,2,0.5025,0.4025,1.0805,-0.1178,SELECTION
69677,2026-06-05 15:55:00+00:00,SHORT,DOWNTREND,60400.8,40.06787858342672,-2.024535899585949,2.4511610629972296,13.330533316384447,-1.9851520459842504,15.287325606812658,-0.8013624963446868,-0.05339848844740924,-0.12784191241915766,-2.2520925039590534,-153.00675172202807,0.20746141398163848,1.4116402238883452,0.46168255821085447,0.20248076184421882,0.09332070108955236,0.37233538607294686,0.5343439128375008,0.09332070108955236,0.349498682136658,WIN,2,0.5025,0.4025,0.8,-0.1641,SELECTION
69679,2026-06-05 16:05:00+00:00,SHORT,DOWNTREND,60024.9,33.96351793749929,-3.0617386366443355,-8.128896545513378,-15.04019020269152,-17.322570020336997,-30.355875565060217,-0.8475534583897772,-0.1001100355336293,-0.22972610743706712,-2.3730076043817814,-187.6766193953905,-0.06196048003741704,1.744008627495226,3.5643019376471266,1.330477018703905,0.17891097666378566,0.48038029386344244,0.3407087294727719,0.17891097666378566,0.9637667034847204,LOSS,1,-0.4975,-0.5975,0.4784,-1.7223,SELECTION
69698,2026-06-05 17:40:00+00:00,SHORT,DOWNTREND,60729.4,45.7354188447923,-2.9156195436171117,1.6821778122245803,-29.775241152674283,-7.9757012074988225,-12.540813447427496,-0.23666443294641876,-0.028198720354755125,-0.048066202306262795,-2.3401812208933244,-133.08826663440163,0.33351302911905195,2.0395064215193393,0.4101771332558611,0.21426607211664359,0.048494983277599095,0.6390348781653151,0.3124701385570857,0.048494983277599095,0.6892872315550599,WIN,7,0.5025,0.4025,0.5209,-0.3353,SELECTION
70359,2026-06-08 00:45:00+00:00,LONG,UPTREND,63714.9,67.9877397486605,0.5411416390359136,4.09127285104455,19.79972579233032,3.1205108442109974,35.645440664874315,0.6993291155803226,0.07201241372165601,0.24724644753963965,0.21922407703884073,65.04039433990297,0.9534537430281746,1.5498711374497587,0.8035099523056461,1.28564903970657,0.8371232152300204,0.01639344262294325,0.14648334214703637,0.9836065573770567,0.2967908605365441,LOSS,3,-0.5,-0.6,0.0829,-0.6024,SELECTION
70454,2026-06-08 08:40:00+00:00,LONG,UPTREND,63136.6,52.97748679199555,0.8726093514290625,2.108802383186841,-16.217112773617856,1.4496619147311094,5.905439633858094,0.12927333745072123,0.0053940598745194634,0.019985177535586374,0.5998089922355477,20.182679767641616,0.49400900130302133,0.5763165382751098,0.39173415592559835,0.012959994678209819,0.5887353878852075,0.20935175345380602,0.20191285866098646,0.7906482465461939,0.14904191863357516,WIN,7,0.5,0.4,0.6622,-0.2164,SELECTION
70533,2026-06-08 15:15:00+00:00,LONG,UPTREND,64153.7,67.80740966207733,-0.10279407185146283,7.8508742929283315,26.62912647026802,4.125935475387138,20.412382606207117,0.3290536238828062,0.05097247140928296,0.14946547768390772,0.855143822975999,51.08817930709682,0.9821515344189815,1.1109140056790316,1.4363481059490517,0.3247747207097891,0.9412639405204353,0.05241635687731801,0.0063197026022467125,0.9412639405204353,0.4193055116072807,LOSS,3,-0.5,-0.6,0.0402,-0.5231,SELECTION
70837,2026-06-09 16:35:00+00:00,SHORT,DOWNTREND,60812.8,30.64256090713195,-8.161587501714116,-2.975183010015968,8.153102481193002,-9.052501914486328,13.02538208907248,-0.715872332424683,-0.06526816175493888,-0.1265237212173531,-0.13969088683804945,-208.51999600286857,0.09494662314749563,1.5985983864139106,2.65171672781198,0.26167188486633963,0.08794726930320973,0.36685499058379595,0.5451977401129944,0.08794726930320973,0.8731714375920858,LOSS,1,-0.4975,-0.5975,0.0951,-0.6872,SELECTION
70923,2026-06-09 23:45:00+00:00,SHORT,DOWNTREND,61572.3,37.85400593385747,-1.8338156021037548,-2.4779989294015508,-15.904026894835816,-1.3864676778525293,-7.830661341909554,-0.10016359236048376,-0.024791279214853024,-0.07548480065979746,-0.44752089411323204,-34.962300792081976,0.06906694235271786,0.6507590710668875,0.9506281486390796,0.2423817203515066,0.17342799188645852,0.47058823529410465,0.35598377281943683,0.17342799188645852,0.1601369446975439,LOSS,14,-0.4975,-0.5975,0.2731,-0.5467,SELECTION
71330,2026-06-11 09:40:00+00:00,LONG,UPTREND,62908.2,57.40085642569805,1.3047959167405665,8.62685557984684,-3.423384232004004,2.8044252154562415,12.649915256538598,0.15159982934100877,0.010583038391520638,0.03393438835661566,0.14685266810685535,122.9028853986405,0.6792148177430115,0.36914327697115984,0.8362838817751905,0.04141749406278922,0.3758865248226822,0.0,0.6241134751773177,1.0,0.04482722443178646,WIN,22,0.5,0.4,0.5209,-0.2181,SELECTION
71331,2026-06-11 09:45:00+00:00,LONG,UPTREND,62900.0,56.557492324163576,-0.8433641015344762,-2.336672948907818,-2.344533971465289,1.0788502605387151,6.591764748720173,0.1505702974805402,0.008331452893317604,0.027666587120211972,0.14687181265182317,122.9028853986405,0.6250737013866837,0.343283643943183,0.35681244560737985,0.05870031796502477,0.7117437722420298,0.0,0.2882562277579703,0.7117437722420298,0.04467408585055412,WIN,21,0.5,0.4,0.534,-0.2051,SELECTION
71347,2026-06-11 11:05:00+00:00,LONG,UPTREND,63130.2,68.01399891285058,-3.4566763146127357,1.3272070681459809,29.126318668341128,0.8536632660965893,17.706212604270185,0.1637103562309938,0.03001442954411182,0.10378384425620002,0.26716437173494234,117.81362138494057,0.9731789949645958,0.6786445070168597,1.1699282865304952,0.02894415034325747,0.7336010709504517,0.06626506024097295,0.2001338688085754,0.7336010709504517,0.23665377267932222,LOSS,15,-0.5,-0.6,0.1674,-0.7607,SELECTION
71382,2026-06-11 14:00:00+00:00,LONG,UPTREND,63050.0,55.90808354308994,0.17612362090564204,1.1732504822078624,28.140902127715783,0.790291699473098,18.510265788514815,0.03129834641657144,0.017575529442859228,0.0711694329976087,0.3922768262583823,74.13796826061505,0.8236366950817705,0.7805638651334662,0.6600486592575695,0.381768437747822,0.8758928571428442,0.08928571428571429,0.03482142857144156,0.9107142857142857,0.17763679619349723,LOSS,2,-0.5,-0.6,0.0,-0.5307,SELECTION
71473,2026-06-11 21:35:00+00:00,LONG,UPTREND,63492.0,54.60836525597896,2.370165535337172,0.26187740887472444,4.516762909271243,1.8967773519263815,1.415398188951876,0.13659179026948465,0.00737893924280808,0.01167926798220087,0.5780215536934904,44.29972715160818,0.6693964627748579,0.5829845993689303,0.4899611427160202,0.2118692118692183,0.5389048991354564,0.0,0.46109510086454364,1.0,0.10930510930511159,TIME_EXIT,48,-0.2326,-0.3326,0.4489,-0.3471,SELECTION
71500,2026-06-11 23:50:00+00:00,LONG,UPTREND,63602.2,60.319960166272075,2.398398218035112,5.821613780084114,19.134785621540175,4.40085876781167,20.65501037581489,0.06486431034778696,0.01921058538640885,0.05773106724100696,0.632323576219775,32.40305587521135,0.8570678487059872,0.5461018187258553,1.8779630849082936,0.006988751961421123,0.6345177664974776,0.05922165820643124,0.3062605752960912,0.9407783417935688,0.18584262808518745,LOSS,19,-0.5,-0.6,0.2748,-0.5198,SELECTION
71926,2026-06-13 11:20:00+00:00,LONG,UPTREND,63926.4,68.70911267972265,-2.1574341417076113,2.539084998265949,14.800232462538709,0.2875834652483853,4.889520449263253,0.08443415682597184,0.015777935349992056,0.048931716077160736,0.41692104982830497,2.8398772660750637,0.9369288869638099,0.443533439663154,0.8674938331493852,0.28668906742753664,0.7770114942529405,0.0,0.22298850574705953,0.7770114942529405,0.06804700405466287,WIN,46,0.5,0.4,0.5416,-0.1054,SELECTION
71970,2026-06-13 15:00:00+00:00,LONG,UPTREND,64188.4,62.168358415016854,-0.2347647904195327,1.0577260449359542,-0.4291778829560471,0.4986372171530178,3.605219135820242,0.14056358811216083,0.009359293028943227,0.029951052408838663,0.4841502606416876,41.73379855142437,0.7771664869014187,0.2677233235506228,1.078503469284893,0.12600407550273474,0.8158415841585023,0.15643564356424117,0.027722772277256537,0.8158415841585023,0.07867465149466259,LOSS,21,-0.5,-0.6,0.2097,-0.5071,SELECTION
72043,2026-06-13 21:05:00+00:00,LONG,UPTREND,64270.0,62.65520904530123,0.05612305627394676,3.5862734507015475,-1.1664976697320881,1.0683516028793818,4.436562164539474,0.0852730427949722,0.007800785335509985,0.022998286001185697,0.519159686491459,20.331572893800313,0.7237419618711759,0.25219551061305334,0.5255677927997989,0.16437295783413997,0.9023746701845852,0.08970976253301648,0.007915567282398388,0.9102902374669836,0.05896997043722026,WIN,7,0.5,0.4,0.7282,-0.1251,SELECTION
72438,2026-06-15 06:00:00+00:00,LONG,UPTREND,65839.4,62.43301882322541,0.8295514119324139,8.583600526913195,13.279930664425137,2.56045709958687,11.400963584313777,0.11954975685979444,0.01701687954682729,0.04883015232277632,0.8075948089651347,128.17201102622852,0.9443442771411428,0.4640495072212499,1.1129173906598735,0.1845057822519549,0.7850467289719626,0.0018691588786134722,0.2130841121494239,0.9981308411213865,0.08125833467498186,LOSS,43,-0.5,-0.6,0.2107,-0.5626,SELECTION
72513,2026-06-15 12:15:00+00:00,LONG,UPTREND,66258.6,67.70049294051145,0.42146249208856545,7.468859272209073,2.5027863226178937,0.35662056914472373,-2.106385407852841,0.25276824981000184,0.029715184030232322,0.08259937562618003,0.9263845300991249,40.2970518372378,0.7556109041063994,1.1321060839448374,0.6652081681083805,0.0034335165548233424,0.6753826530612677,0.2640306122448559,0.060586734693876425,0.7359693877551441,0.23664852562535715,WIN,9,0.5,0.4,0.5095,-0.1616,SELECTION
73062,2026-06-17 10:00:00+00:00,SHORT,DOWNTREND,64814.4,32.80200550660622,-3.030989347777833,-5.475086341321173,10.403539949145596,-3.763172675802167,-9.49157106309454,-0.37247098887241475,-0.029559480002416816,-0.0828805915258024,-0.07988992496501478,-90.90471828046694,0.18553183120339478,0.6718898912794092,0.8305717674282123,0.17317525117875085,0.22423614707407166,0.4360435007767878,0.33972035214914054,0.22423614707407166,0.29792762102248654,LOSS,43,-0.4975,-0.5975,0.4485,-0.6296,SELECTION
73444,2026-06-18 17:50:00+00:00,SHORT,DOWNTREND,62577.7,44.2521977687393,-1.457460790169847,2.5515342939632006,46.69574500897912,-2.4210220742924378,4.079328439267073,-0.5802157300421465,-0.011790257954813477,-0.023296990587573507,-1.0326563399708337,-125.38416316077235,0.4693066022480467,0.5481390388697531,0.5193173150073038,0.17405161902721886,0.0,0.6271463614063391,0.37285363859366094,0.0,0.19543703268097568,LOSS,6,-0.4975,-0.5975,0.1468,-0.5531,SELECTION
73458,2026-06-18 19:00:00+00:00,SHORT,DOWNTREND,62640.0,45.807215412115156,-1.9669448171306811,-5.303743556101715,9.119675463161219,-6.732375789210263,-24.60447774170216,-0.29734413114354746,-0.010000613806437908,-0.02623633687419691,-1.1804235094858047,-133.7645045244812,0.3953576225055051,0.6559388194630797,0.33882829660082603,0.2780930715197873,0.010322580645198844,0.428387096774156,0.5612903225806452,0.010322580645198844,0.12372286079182632,LOSS,8,-0.4975,-0.5975,0.0511,-0.5428,SELECTION
74007,2026-06-20 16:45:00+00:00,LONG,UPTREND,63993.6,54.24145106813988,1.0700421606511412,3.8040836407951772,-29.38411817370141,2.102184430119621,6.5263228614090565,0.21771371137951412,0.004557897834978064,0.016527967656099207,0.027433397876900936,41.68479950728573,0.3190197444833206,0.524516427293932,0.2812721963762476,0.26090499674967726,0.5156250000000103,0.23437500000001332,0.24999999999997632,0.7656249999999867,0.1200120012001132,LOSS,10,-0.5,-0.6,0.0406,-0.5183,SELECTION
74009,2026-06-20 16:55:00+00:00,LONG,UPTREND,63999.9,54.62837919565494,0.28744505358735495,1.4569702881661968,-24.98176253958303,2.2764804594813484,6.504540064238,0.2061562111602929,0.004644588870217348,0.013579836590227323,0.027430697397577926,41.68479950728573,0.35336849577877083,0.47833091249676674,0.30915664385353625,0.2510355484930422,0.8696883852691738,0.0,0.13031161473082623,1.0,0.05515633618177983,LOSS,8,-0.5,-0.6,0.0236,-0.5281,SELECTION
74062,2026-06-20 21:20:00+00:00,LONG,UPTREND,63951.0,60.101502351578226,3.5771868864014564,4.509278722624217,6.001287467256905,1.2694492941583686,4.890950084018464,0.03626772556812031,0.008445488407660129,0.024451402986058746,0.1305641542994938,9.713674811443553,0.8999570603689866,0.1950878849721851,0.8505794293096234,0.07605041359790271,0.48051948051949456,0.05194805194810454,0.4675324675324009,0.9480519480518954,0.08428327938578202,WIN,13,0.5,0.4,0.5565,-0.1007,SELECTION
74092,2026-06-20 23:50:00+00:00,LONG,UPTREND,64290.0,64.40955775015993,1.9584161713177934,-2.3505018689857735,-7.432158921745923,0.10099510743447127,0.6021450425245263,0.1851727218439781,0.01147949581130625,0.03711577897880236,0.19220687713485343,25.687767036158476,0.7132763967992419,0.3077165199021906,0.33730254125465414,0.07783481101260052,0.49750000000003636,0.0,0.5024999999999636,1.0,0.062218074350598854,TIME_EXIT,48,0.1403,0.0403,0.2489,-0.1415,SELECTION
74100,2026-06-21 00:30:00+00:00,LONG,UPTREND,64238.2,55.613665792286135,-0.08023211288843157,2.2832297424000814,-14.574293032267008,0.9874351679410012,2.0431962872548013,0.14148839627622126,0.0014807932976257376,0.0036058805558125684,0.22936186518209156,33.91055246351846,0.3532151129464333,0.14589846093029402,0.8545253587498897,0.010741272327059999,0.9809523809523116,0.0,0.01904761904768834,0.9809523809523116,0.032690828821480056,WIN,47,0.5,0.4,0.5048,-0.061,SELECTION
74103,2026-06-21 00:45:00+00:00,LONG,UPTREND,64279.9,62.10014987906796,2.3169782910447054,6.486484086781829,-7.610440992673546,2.352402793413532,6.963852039593462,0.1348186838605859,0.006566183374023815,0.016606101161631415,0.22921307232805643,33.91055246351846,0.7752787817796073,0.1497659340782168,1.4104768277631703,0.06191671113365595,0.7462184873949824,0.0016806722688831061,0.25210084033613445,0.9983193277311169,0.09256392744854923,TIME_EXIT,48,0.2338,0.1338,0.4482,-0.1259,SELECTION
74107,2026-06-21 01:05:00+00:00,LONG,UPTREND,64256.6,55.79612740544384,-0.9174166176518668,0.9948255099433467,-6.826115467553333,0.06850727095945786,1.296759441256345,0.1199741137525416,0.0017906108089826844,0.007925512100626086,0.2600970346675589,35.32842892927192,0.5066070093814382,0.1436849536858797,0.48141294788797834,0.025678296081647647,0.5895953757224862,0.29479768786134825,0.11560693641616553,0.5895953757224862,0.05384660875303988,TIME_EXIT,48,-0.0289,-0.1289,0.4846,-0.0896,SELECTION
74517,2026-06-22 11:15:00+00:00,LONG,UPTREND,64253.8,57.86817073133714,-2.5924575689910583,7.256039623983639,17.902266458426396,0.5630486967802177,18.088613804034168,0.023659503770983078,0.013841398857206144,0.0607770059609658,0.13449261695779002,7.583430047337341,0.8658464721836537,0.4233581071712696,2.3100979690281744,0.04483781503972943,0.5570539419087506,0.16701244813276248,0.275933609958487,0.5570539419087506,0.15003003713399277,WIN,3,0.5,0.4,0.5713,-0.0876,SELECTION
74518,2026-06-22 11:20:00+00:00,LONG,UPTREND,64319.1,62.157905091960714,4.2897343606235765,-1.6559248564395403,21.44045092043823,3.5381844620118343,9.162488388378575,0.03574469186470168,0.022213041667473732,0.055730913586748976,0.1343560732579039,7.583430047337341,1.0073223143382886,0.4713899614912641,1.260456736147136,0.05673275900937352,0.46179129005750563,0.0008216926869231487,0.5373870172555713,0.9991783073130769,0.18921284657278645,WIN,3,0.5,0.4,0.6427,-0.0944,SELECTION
74765,2026-06-23 07:55:00+00:00,SHORT,DOWNTREND,62849.2,35.33146592732555,-2.4934906347061983,1.5823180757055866,22.510515356558784,-4.594202701484079,-6.615414786388357,-0.4402153071741882,-0.022667253664288012,-0.05288404423019477,-0.12609481131687647,-157.1686903097532,0.3532733993224965,0.565156453542134,0.4357238309666456,0.20262787752269124,0.17710944026731498,0.41604010025060023,0.4068504594820848,0.17710944026731498,0.19045588487999385,WIN,4,0.5025,0.4025,0.7791,-0.1071,SELECTION
74820,2026-06-23 12:30:00+00:00,SHORT,DOWNTREND,62308.6,40.7368597184778,-5.308360732879592,-5.645104020757216,-12.888903019753707,-5.2458743797014,-11.8110681656708,-0.13932626024580513,-0.016785292627763404,-0.033438769835481,-0.6393993326477992,-185.36524270423251,0.16743642534296505,0.5569117925873909,0.7405454066422982,0.2942651576186929,0.0,0.5034770514603616,0.49652294853963846,0.0,0.23078676137804882,WIN,11,0.5025,0.4025,0.5334,-0.1034,SELECTION
74825,2026-06-23 12:55:00+00:00,SHORT,DOWNTREND,62227.9,35.82048197957515,-3.022015931900661,-5.86702524501807,-19.851632539556327,-1.7764742072552977,-2.618251956783432,-0.1612397379299678,-0.02137237622303889,-0.05345665797243937,-0.6402285350818309,-185.36524270423251,0.06591374210062834,0.6680487531814706,0.8821821193814985,0.4021909786446296,0.10496613995488785,0.41873589164784597,0.4762979683972662,0.10496613995488785,0.14237986498017535,LOSS,13,-0.4975,-0.5975,0.5023,-0.5899,SELECTION
75433,2026-06-25 15:35:00+00:00,SHORT,DOWNTREND,59218.2,40.91100392481264,-0.4625308941509658,-1.9161750414817007,47.06998605642718,-0.5543069509312772,0.1265024464969997,-1.0063305281942265,-0.04701943570707412,-0.14672315447915585,-1.180802416020441,-166.10507135228312,0.363846843704415,1.6787696186410794,0.4312420554433758,0.1119166067188828,0.00032362459546454633,0.9093851132686084,0.09029126213592704,0.00032362459546454633,0.5217990415108869,LOSS,4,-0.4975,-0.5975,0.2848,-0.6957,SELECTION
75448,2026-06-25 16:50:00+00:00,SHORT,DOWNTREND,59269.6,42.58660846429987,-1.1460865348508733,-0.6363504122557515,-1.2173442995006525,-8.55026597333476,-39.80952171154479,-0.577299658375704,-0.034715296412934915,-0.10963956584211232,-1.260956302282509,-179.1631533871095,0.3254686349740857,1.5371331986090504,0.3721591220237588,0.026636758135702866,0.304318488529011,0.3684210526315764,0.3272604588394126,0.304318488529011,0.2500438673451434,LOSS,5,-0.4975,-0.5975,0.2625,-0.5316,SELECTION
75482,2026-06-25 19:40:00+00:00,SHORT,DOWNTREND,59275.4,43.699799680758304,-3.2110553995329383,-1.8543155993947025,-9.369431938125025,-0.1791558450003521,16.030914652350624,-0.2287693479958127,-0.018354321879654467,-0.028422051523169234,-1.431488948706438,-142.88133514392064,0.2574472888245105,0.9413052157615996,0.6233692580411988,0.6066302378389632,0.06569343065694523,0.43928334439282263,0.49502322495023215,0.06569343065694523,0.25423700219652184,LOSS,4,-0.4975,-0.5975,0.2066,-0.756,SELECTION
76141,2026-06-28 02:35:00+00:00,SHORT,DOWNTREND,60100.5,44.61679435466577,-0.5978472978665081,4.172827957421802,-13.716963349108042,-1.4807657784782542,-10.45060855947457,-0.011856508525752612,-0.008477001490214686,-0.02934331727048045,-0.05604084914549542,-59.40182965043778,0.34292226720735053,0.5275034725492663,0.41373928169030155,0.007200439264231443,0.03162055335979519,0.7272727272727011,0.2411067193675037,0.03162055335979519,0.042096155606031416,WIN,34,0.5025,0.4025,0.6459,-0.2494,SELECTION
76172,2026-06-28 05:10:00+00:00,SHORT,DOWNTREND,59990.2,34.084346201473565,-0.2999313429498187,-8.172152775914242,-20.870446469896102,-0.7313404032540021,-13.663050222941933,-0.05160613636824283,-0.020399102037749195,-0.07414607612631352,-0.08426892534808073,-45.63093881090871,0.012902192576608469,0.4726594937383294,1.455872634696255,0.0009709919286642196,0.3884615384614825,0.5403846153845874,0.07115384615393011,0.3884615384614825,0.086680824534674,LOSS,41,-0.4975,-0.5975,0.4612,-0.922,SELECTION
76287,2026-06-28 14:45:00+00:00,SHORT,DOWNTREND,60069.9,43.53294047965282,-1.3949166048360837,-5.098621055119132,1.6372026688733072,-2.3993093700473977,-8.125582639306032,-0.05594058665558621,-0.008342949274053879,-0.022134597373957288,-0.08648069791130905,-2.253089818475459,0.27965274705410137,0.2455562188232923,1.9603384628618403,0.05632188500396504,0.19605911330050696,0.6551724137931034,0.14876847290638961,0.19605911330050696,0.16896981683005965,WIN,18,0.5025,0.4025,0.5327,-0.0554,SELECTION
76300,2026-06-28 15:50:00+00:00,SHORT,DOWNTREND,59826.9,35.648189204239884,-2.1268363569211175,-2.472376974691308,-16.049992475167002,-4.610632078495783,-10.673668779499373,-0.12920899186338813,-0.0300579928890099,-0.07224476667355706,-0.10251970083467615,-12.783279930705234,-0.00011930868503019123,0.65234720316606,2.657089990961922,0.20461113646202383,0.23736842105262393,0.5442105263157971,0.21842105263157896,0.23736842105262393,0.3175828933138772,WIN,16,0.5025,0.4025,0.5106,-0.1484,SELECTION
76331,2026-06-28 18:25:00+00:00,SHORT,DOWNTREND,59579.2,43.43474256445105,-2.047718071454341,-2.7636229153986633,19.208257872720296,-2.1668890758500936,-2.5816508521072308,-0.2284188308439037,-0.0067206906742334205,-0.01398830377284943,-0.2155941012080218,-63.93852560007967,0.45289629812871746,0.4608105870122482,0.471772096517224,0.22310219002605033,0.16438356164379342,0.5168119551681009,0.3188044831881058,0.16438356164379342,0.13477858044418675,WIN,16,0.5025,0.4025,0.5987,-0.1326,SELECTION
76332,2026-06-28 18:30:00+00:00,SHORT,DOWNTREND,59588.6,44.4203889364567,0.9856463720056539,-0.43269430019656596,18.081416649935903,-1.1268412227843925,-3.434767755066943,-0.22212166544922948,-0.00457939126828899,-0.01419008317777859,-0.21556009160633027,-63.93852560007967,0.4981800870562964,0.4518337970927772,0.49175566362306344,0.23884182544983779,0.036986301369823144,0.832876712328807,0.13013698630136986,0.167123287671193,0.12250665395730055,WIN,15,0.5025,0.4025,0.6146,-0.1168,SELECTION
76334,2026-06-28 18:40:00+00:00,SHORT,DOWNTREND,59568.2,43.3682695475769,2.2858234324334816,-0.06647301687414853,13.240047757888156,-1.1870042301078598,-5.968210114832139,-0.21489429679391248,-0.006389300491049799,-0.021612769515721997,-0.2156339133076536,-63.93852560007967,0.4568765200367447,0.4273601453053092,0.32923760251619005,0.20467715996118832,0.0,0.6808176100629544,0.31918238993704556,0.31918238993704556,0.10676837641560187,WIN,13,0.5025,0.4025,0.5802,-0.1511,SELECTION
76415,2026-06-29 01:25:00+00:00,SHORT,DOWNTREND,59276.3,45.8518971010713,-1.1153892345203573,-5.561484331269114,-7.798239485522425,-6.026179266645649,-26.330797133634853,-0.07552884661216416,-0.019143370391150327,-0.057673244611911034,-0.4169257103195901,-34.6890407945742,0.3225278050969026,1.0257062470210636,0.6510331587144186,0.5271837142331679,0.05464121132325761,0.7077024358130282,0.23765635286371428,0.05464121132325761,0.25625755993542354,WIN,9,0.5025,0.4025,0.7244,-0.4646,SELECTION
76773,2026-06-30 07:15:00+00:00,SHORT,DOWNTREND,59476.6,44.25985998906111,0.47966104445531954,-6.461247996891387,-5.659098810875571,-1.999604054171181,-13.179083619631902,-0.11606602603955671,-0.009372965885023898,-0.033742784482371224,-0.11942723967754126,-74.46372548402765,0.11550180608469701,0.3229669612137302,0.6224983472883839,0.017120178355862,0.26537785588748963,0.6467486818981014,0.087873462214409,0.3532513181018986,0.09566787610589955,WIN,18,0.5025,0.4025,0.5369,-0.1348,SELECTION
76775,2026-06-30 07:25:00+00:00,SHORT,DOWNTREND,59450.8,42.42960136381886,-3.3642712216956667,-1.350597580786932,-7.712436040050248,-2.1670705716528715,-4.052941283345858,-0.11768226866827533,-0.012036339529741813,-0.027424226620575975,-0.11947906779059743,-74.46372548402765,0.07636466446242156,0.35870897882357616,1.5534577493919497,0.06052483734449032,0.1640378548896091,0.5102523659306221,0.32570977917976884,0.1640378548896091,0.2132856075948564,TIME_EXIT,48,0.4387,0.3387,0.4932,-0.1618,SELECTION
76777,2026-06-30 07:35:00+00:00,SHORT,DOWNTREND,59449.5,43.28497095861842,-4.197234844683116,-2.5089016268961046,-6.741140329962324,-1.3898023400289912,-1.1957748615649475,-0.11663761893797918,-0.010825883122900226,-0.025734928929377343,-0.11948168047511334,-74.46372548402765,0.12244477599159174,0.3507416524654852,1.4353673153481301,0.07003423073365131,0.07495256166984199,0.43738140417455323,0.4876660341556048,0.07495256166984199,0.1772933329969158,WIN,47,0.5025,0.4025,0.5914,-0.1541,SELECTION
76815,2026-06-30 10:45:00+00:00,SHORT,DOWNTREND,59300.1,44.123322283909076,-1.0835172920779144,-3.033876184824628,1.4783457282930215,-1.0537115398663346,-6.409197617618933,-0.10094162337820278,-0.005126853138293086,-0.019215310934250773,-0.2304285448816666,-82.97194617375891,0.29575749984186817,0.1904869653927871,0.5856046221163275,0.06835148675972075,0.2606557377049419,0.5950819672130432,0.14426229508201494,0.2606557377049419,0.10286660562123841,WIN,16,0.5025,0.4025,0.5843,-0.1673,SELECTION
76817,2026-06-30 10:55:00+00:00,SHORT,DOWNTREND,59303.6,45.02517144932599,-2.3312068983403123,-0.18166812666100185,1.6608008147945839,-0.5733799524656433,-0.8712564533647722,-0.09624391298045247,-0.003951704430693592,-0.0103941795084328,-0.23041494537156798,-82.97194617375891,0.3413648264462718,0.192285062492525,1.1750305748354088,0.019981923525719425,0.054088050314410496,0.7295597484276729,0.21635220125791654,0.054088050314410496,0.13405594264091894,WIN,14,0.5025,0.4025,0.5903,-0.1614,SELECTION
76848,2026-06-30 13:30:00+00:00,SHORT,DOWNTREND,58350.5,30.604321261897,-4.035206074597696,-2.671866943257214,-16.542720412952548,-0.3774017900285003,12.275038498474458,-0.48379144719508055,-0.05871656649815149,-0.15552505545004536,-0.4189744597657115,-127.40262487965697,0.14667002941771942,1.7262513796030907,2.6214537854916773,0.17252208635743638,0.28289473684210525,0.4644736842105236,0.25263157894737115,0.28289473684210525,0.9117316903882572,LOSS,4,-0.4975,-0.5975,0.241,-0.7561,SELECTION
77405,2026-07-02 11:55:00+00:00,LONG,UPTREND,61329.1,65.45596412575732,5.559286614942927,2.830436297437309,-24.198383368991443,5.300625019511102,3.346120277130211,0.38001269833673856,0.021433001040560562,0.04135571791024084,0.726324302793812,47.76016137537465,1.0519968470379584,0.22853632883026537,2.233049393656985,0.09353227097739188,0.5248784137673078,0.14291058735504658,0.3322109988776456,0.8570894126449534,0.4358453001919202,WIN,14,0.5,0.4,0.5035,-0.3574,SELECTION
77414,2026-07-02 12:40:00+00:00,LONG,UPTREND,61347.2,59.23076571150552,-3.5421395705599252,0.4144578209554126,-9.704035843849198,2.4893631692492164,15.275636387629902,0.311576105294124,0.015066118043560728,0.050944488988347025,0.7907589401769395,64.45328072808525,0.8288530479489215,0.347672046804533,0.45690737629092676,0.124822322779193,0.6475477971737075,0.0,0.3524522028262925,0.6475477971737075,0.19609696938082855,WIN,6,0.5,0.4,0.6235,-0.0223,SELECTION
77465,2026-07-02 16:55:00+00:00,LONG,UPTREND,61646.8,53.87701384423561,-0.35815872094277523,9.052932265623106,21.161018032423343,7.630354884607399,51.00821426661816,0.0316809693635366,0.01788394656647707,0.07756226718247383,1.0428770771444111,80.65800163084197,0.6445178786386468,1.0455703709634063,0.49684354143229514,0.657203618030464,0.8583877995642747,0.04575163398697421,0.09586056644875114,0.8583877995642747,0.14891283894703847,LOSS,44,-0.5,-0.6,0.4107,-0.5491,SELECTION
77771,2026-07-03 18:25:00+00:00,LONG,UPTREND,62153.6,55.145629682847755,2.9833012933492924,2.208369364808739,-8.787605626970048,1.5084398303214073,-0.24188457439315414,0.09139897418609998,0.00451176699634015,0.0057399833936599975,0.9207026215601593,0.08974636083519272,0.5203956571756574,0.29544320018322623,0.5000877769819764,0.0938602108325205,0.46586345381524347,0.0,0.5341365461847566,1.0,0.08012407969931852,WIN,20,0.5,0.4,0.5198,-0.0539,SELECTION
77787,2026-07-03 19:45:00+00:00,LONG,UPTREND,62216.0,56.981121517891495,1.6342941230002523,2.589811883057976,-0.38657285926068496,0.14055692065715775,2.1537433786854123,0.08736452546574495,0.005594552758592108,0.020061336791732387,0.9203443648169327,0.7694022287155349,0.78823996842842,0.19840552413240062,0.8347971977690004,0.050188054519735355,0.6905158069882859,0.09650582362732693,0.2129783693843872,0.903494176372673,0.09659894560885594,WIN,6,0.5,0.4,0.7527,-0.1042,SELECTION
77831,2026-07-03 23:25:00+00:00,LONG,UPTREND,62602.8,53.11834885004628,-1.284420624913146,6.728778991942555,-4.375238310031902,2.8874906238732105,13.643729208438407,0.10929146078492596,0.0029471452275942056,0.010522613851349227,0.9987831011747503,38.70206816721952,0.5014847190206637,0.3819379259628868,1.0417475890006749,0.06536448848932996,0.7457886676876293,0.09954058192955145,0.15467075038281922,0.7457886676876293,0.1043084334886026,WIN,8,0.5,0.4,0.5156,-0.126,SELECTION
78088,2026-07-04 20:50:00+00:00,LONG,UPTREND,63299.9,56.41352608178353,0.3495161170383412,6.784145291946814,-6.600173053759313,4.186178004585187,15.355262627810262,0.14999419919087606,0.009351250168365688,0.024569779017635796,0.8592953621608836,41.21736531513142,0.5987938073405896,0.40776693657291224,0.3962871302287506,0.023854698032696013,0.8881431767337735,0.0022371364652919758,0.10961968680093455,0.997762863534708,0.0706162253020891,LOSS,28,-0.5,-0.6,0.2055,-0.5385,SELECTION
78095,2026-07-04 21:25:00+00:00,LONG,UPTREND,63409.9,62.60531158904763,-0.19826071402922452,5.142982910597638,13.213578769838946,4.0234535675508525,18.932828490439455,0.14723839791157042,0.02146633551474153,0.06290829367947559,0.8680882431418164,38.99383979586284,0.9439416287283705,0.49227616376445693,0.9752328284618995,0.05087533650108585,0.9655737704918271,0.0016393442622712263,0.03278688524590164,0.9655737704918271,0.09619948935418601,LOSS,19,-0.5,-0.6,0.0317,-0.5192,SELECTION
78414,2026-07-06 00:00:00+00:00,LONG,UPTREND,63678.7,60.07098525037319,2.895473460559508,3.2955142757961937,-41.8312164138984,5.065750763429492,-0.9620380693432651,0.42014873326735097,0.01664715266123107,0.02457070588770538,0.43240805231247337,91.1068037342317,0.5074603204507359,0.6883643710573013,0.8292284531353452,0.10146642440879432,0.5030048076922858,0.12740384615387126,0.3695913461538429,0.8725961538461288,0.2613118672334728,LOSS,6,-0.5,-0.6,0.0129,-0.5817,SELECTION
78416,2026-07-06 00:10:00+00:00,LONG,UPTREND,63575.9,53.46897454201689,1.3565601400570486,-3.7065372477967955,-46.16304586987337,0.015658297924005637,0.7339213074545228,0.3860825699555641,6.909413203803894e-05,0.012420989899264434,0.43310724096379755,91.1068037342317,0.3036744616170595,0.7186056023931229,0.6870288323509117,0.2322932117358863,0.7856560717196253,0.0,0.21434392828037468,1.0,0.19299766106339725,WIN,16,0.5,0.4,0.5098,-0.4209,SELECTION
78687,2026-07-06 22:45:00+00:00,LONG,UPTREND,64273.4,57.17626396147604,4.562560699384228,5.568006678536797,-30.36344718981408,4.854721309876155,-0.6616401348004217,0.33141577732380917,0.011784494787336897,0.011644430548596318,0.4476633682864831,172.97835265027933,0.5131663129830963,0.5294352304317104,0.44710177620612734,0.04023826341845248,0.4080499653018475,0.0006939625260135033,0.5912560721721389,0.9993060374739865,0.22419850202416322,LOSS,27,-0.5,-0.6,0.0888,-0.575,SELECTION
79524,2026-07-09 20:30:00+00:00,LONG,UPTREND,63291.2,58.10675355828402,2.6031557356867054,6.988923114242866,-5.942941913242734,5.011892201839082,13.260121741047314,0.14541672861769986,0.01200205609015459,0.025037297863028662,0.09417339569169933,63.07833044016918,0.8873591222865066,0.27157291328681094,0.5750541951457726,0.15258835351517605,0.44992947813823414,0.047954866008482165,0.5021156558532837,0.9520451339915178,0.11202189245898556,LOSS,48,-0.5,-0.6,0.1654,-0.6228,SELECTION
79526,2026-07-09 20:40:00+00:00,LONG,UPTREND,63288.8,57.60413966855511,0.9609460930146625,2.1005418459577996,-1.723247880163683,2.028007572637833,9.231586234918133,0.1448110714554504,0.009670713666376507,0.03033405208128226,0.09417696687885503,63.07833044016918,0.8121430327366961,0.291150415543311,0.9132426771381167,0.14880199972191432,0.5995807127882661,0.14465408805020127,0.25576519916153273,0.8553459119497987,0.0753687856303123,LOSS,46,-0.5,-0.6,0.1692,-0.6191,SELECTION
79542,2026-07-09 22:00:00+00:00,LONG,UPTREND,63264.4,52.704779750773994,1.7819497202179093,4.9535218743289064,-6.627258106826446,2.5126112048948084,6.510021982667503,0.08538584549637683,0.0023718968061858803,0.0021106957150962558,0.1678673416845927,58.59569186008116,0.48856781997723536,0.24748694516742892,1.9131020145914548,0.0017229279025632606,0.45396145610279226,0.38115631691646673,0.16488222698074106,0.6188436830835333,0.14763437256972556,LOSS,30,-0.5,-0.6,0.2079,-0.5807,SELECTION
79616,2026-07-10 04:10:00+00:00,LONG,UPTREND,63944.9,59.951696343133285,0.6017719816798817,-0.11585884456567186,-13.119689317422953,0.3323942050490274,5.5243195195179595,0.3010299613167006,0.013834313118787911,0.05082192523420126,0.40061956276940164,82.55691459672013,0.7358934836719325,0.3379739216178462,0.4278743087942981,0.021944674242982888,0.5299625468165194,0.2715355805243372,0.19850187265914337,0.7284644194756629,0.08350939637094038,TIME_EXIT,48,0.086,-0.014,0.3755,-0.2806,SELECTION
79664,2026-07-10 08:10:00+00:00,LONG,UPTREND,63999.9,60.224052591339024,1.5021952271123098,5.67480934946213,12.669053134752176,1.2031373239560708,3.334463366942659,0.05326435363509768,0.009843530714515047,0.02424561044958029,0.5645472734614992,55.833260763910744,0.9127357949011894,0.3460541457762606,0.4194219565710826,0.0787423105348552,0.7189695550351576,0.0,0.2810304449648425,1.0,0.06671885424821658,WIN,1,0.5,0.4,0.6063,-0.0002,SELECTION
79693,2026-07-10 10:35:00+00:00,LONG,UPTREND,64422.3,65.36816120315184,2.4646275534194046,2.68391375595354,-5.4210272618573185,3.0322959606434807,9.831914442089769,0.2020145309629394,0.016431531358751528,0.04637065849808497,0.6556938416540905,64.25606684288437,0.7685287165254019,0.4974195217132744,0.9385103539501337,0.02515433320449867,0.5659760087241341,0.09705561613952521,0.33696837513634065,0.9029443838604748,0.14234201510967023,LOSS,44,-0.5,-0.6,0.4,-0.609,SELECTION
79709,2026-07-10 11:55:00+00:00,LONG,UPTREND,64394.2,54.15450926285733,1.028895660228784,1.7664504853834657,-7.8753920856228135,0.952501229428286,6.261545132295609,0.1386378012828421,0.0031253442453138547,0.01480406726699357,0.6980473618633366,62.23161810848342,0.500970320284906,0.19205260073590313,0.5523756320626949,0.030798581238689313,0.5373563218390642,0.1724137931034699,0.29022988505746583,0.8275862068965301,0.05404213422947352,LOSS,28,-0.5,-0.6,0.4438,-0.5656,SELECTION
80347,2026-07-12 17:05:00+00:00,LONG,UPTREND,64130.0,53.11103415441039,0.6831803395411882,4.823054008991761,-1.3857181524919415,1.2112224785408134,6.602702891012585,0.05179980980152639,0.003052171291639816,0.01180664468036774,0.11467466367695162,24.629964446260047,0.6109744880515179,0.20238374642784768,0.3115274476142118,0.07485186340246738,0.7598425196851104,0.0,0.2401574803148896,1.0,0.03960704818337978,TIME_EXIT,48,0.0736,-0.0264,0.184,-0.2291,SELECTION
80500,2026-07-13 05:50:00+00:00,SHORT,DOWNTREND,62755.2,45.32457062050342,-0.5700524977943928,-0.002748156179663397,26.9881970736528,-0.5303514884707141,3.5128236982038175,-0.3502289020221106,-0.002767517013535503,-0.004561263145375083,-0.24868133098458584,-146.25968342573907,0.5399862890329835,0.4145190547175406,0.30469620031575334,0.20570805287848473,0.18545454545449253,0.6581818181817652,0.1563636363637422,0.18545454545449253,0.0876421396155219,LOSS,34,-0.4975,-0.5975,0.128,-0.5488,SELECTION
80514,2026-07-13 07:00:00+00:00,SHORT,DOWNTREND,62739.2,45.336350715916026,-2.5502411670855025,-4.547941059150347,9.474607887711315,-3.6840122385558054,-8.486680018201753,-0.2023187852040404,-0.004812633040218728,-0.0054153486847674515,-0.38206411097155457,-141.7060857157472,0.4168315104101243,0.3079937688217903,1.0397523398571977,0.04425462868509547,0.26756756756750855,0.3621621621622015,0.3702702702702899,0.26756756756750855,0.11794858716719372,LOSS,17,-0.4975,-0.5975,0.0118,-0.5156,SELECTION
80574,2026-07-13 12:00:00+00:00,SHORT,DOWNTREND,62864.3,36.99062161644036,-1.4351460550396382,-5.854358800373383,-12.463884159699667,-1.2797825382488348,-6.361211922025287,-0.041138501640181645,-0.016279560331899923,-0.0481286836071515,-0.4960469434085357,-38.55686957746593,0.16363024418832564,0.4827186422918798,1.2445617627736576,0.15288884152054966,0.08038029386346711,0.7718236819360231,0.14779602420050972,0.08038029386346711,0.1840472255318155,WIN,8,0.5025,0.4025,0.5102,-0.0593,SELECTION
80576,2026-07-13 12:10:00+00:00,SHORT,DOWNTREND,62820.2,33.41420375959112,-1.178359873772152,-5.011563911888878,-15.332781130577715,-1.0708175485018145,-4.148679509126882,-0.06039878609104586,-0.019580900082782904,-0.05501394784108715,-0.4963951700968354,-38.55686957746593,0.10596016102091914,0.4908950392246749,0.7198234243583304,0.200580386563565,0.19881889763776947,0.6545275590551275,0.14665354330710303,0.19881889763776947,0.1617314176013425,WIN,12,0.5025,0.4025,0.5397,-0.0726,SELECTION
80661,2026-07-13 19:15:00+00:00,SHORT,DOWNTREND,62006.6,44.71388478518057,-3.736649801734373,1.6482261927033122,27.833650387344946,-2.2397892555203924,1.7334513589659082,-0.2629175715073119,-0.003641026674139347,-0.0005417361211623728,-0.8123148846806603,-71.06839706800281,0.6388911824299989,0.390647701112685,0.47736323506958767,0.12553502369103256,0.001180637544256768,0.46280991735535343,0.5360094451003898,0.001180637544256768,0.13659836210983523,TIME_EXIT,48,-0.1454,-0.2454,0.2459,-0.4716,SELECTION
80686,2026-07-13 21:20:00+00:00,SHORT,DOWNTREND,62053.1,43.38089352844209,-2.356793027422796,-3.6401467139614994,-14.320297810288652,-2.435872600898719,-7.417468071510013,-0.057770947250290555,-0.011712279643938395,-0.028301001266206605,-0.8469106296698001,-34.11973189457251,0.07795244707288493,0.3968049447062442,0.5767466304843721,0.2285179950719593,0.001388888888868678,0.5875000000000404,0.4111111111110909,0.001388888888868678,0.11602965846992333,LOSS,34,-0.4975,-0.5975,0.3211,-0.6673,SELECTION
80945,2026-07-14 18:55:00+00:00,LONG,UPTREND,64544.0,51.14602801712215,0.7596144942080301,-0.751881085452716,0.48023016290107634,0.17739060947712915,1.3069260631855801,0.19177661827752046,0.0009135406729532392,0.0038754635832027873,0.30073668556758937,257.0157720845166,0.6338187401996022,0.3564777039300863,0.34816910630950293,0.12301685671790012,0.3593750000000622,0.3750000000000237,0.2656249999999141,0.6249999999999764,0.05949429846306622,WIN,33,0.5,0.4,0.517,-0.238,SELECTION
80949,2026-07-14 19:15:00+00:00,LONG,UPTREND,64584.0,53.80768680781326,-0.6395387273291036,0.358995420240511,4.503388544860433,0.9014885318767281,2.026662723303607,0.1730338226037758,0.005610723106097559,0.012006282375431887,0.3864496581689651,227.97530890930227,0.7344445257832362,0.3072277920741338,0.8671821147181416,0.01871593583550331,0.8081180811808194,0.10332103321035555,0.08856088560882505,0.8081180811808194,0.1258825715347387,WIN,37,0.5,0.4,0.8454,-0.2998,SELECTION
81005,2026-07-14 23:55:00+00:00,LONG,UPTREND,65014.7,63.99206212672331,0.978954297010084,1.7758279958513867,1.470972494796726,0.5990481356148649,4.036632277490682,0.21493711684284264,0.01931009194060529,0.060229703370562326,0.6451530237734298,120.86451440064343,0.8787730329373056,0.36192513561277945,0.4282450609518268,0.09530921468528888,0.5756676557863809,0.1884272997033248,0.23590504451029431,0.8115727002966752,0.10366886258031101,LOSS,16,-0.5,-0.6,0.044,-0.5156,SELECTION
81570,2026-07-16 23:00:00+00:00,SHORT,DOWNTREND,63908.7,30.682558433441727,-2.090768299528065,-7.211099555785729,-20.717625848595873,-2.017272126185212,-9.802954461468754,-0.10904019025294394,-0.024961088838781897,-0.07335679047028032,-0.036667487082702906,-30.281951427196645,-5.810845643158732e-05,0.5696059048519141,1.333177641709785,0.42728924230973936,0.048979591836714895,0.5306122448979592,0.42040816326532593,0.048979591836714895,0.11500781583728037,WIN,19,0.5025,0.4025,0.517,-0.0243,SELECTION
81632,2026-07-17 04:10:00+00:00,SHORT,DOWNTREND,63471.0,39.94303712955564,-0.5192902821870291,-4.91115934171814,-4.480579547617474,-2.583290061446693,-13.092557352856126,-0.14940651007153355,-0.013505860183149476,-0.04236526545139396,-0.26480529823367854,-70.57380837522624,0.3329455434631629,0.6001175487327111,0.6103806167043938,0.05920814230121117,0.1703577512776916,0.7120954003406764,0.11754684838163199,0.1703577512776916,0.09248318129539017,WIN,15,0.5025,0.4025,0.5561,-0.1402,SELECTION
81676,2026-07-17 07:50:00+00:00,SHORT,DOWNTREND,62876.3,43.15384407615449,-1.0257971228679992,-2.4431354106735768,22.72366577649612,-1.9812045106248064,-2.7536540260530558,-0.2774139469982172,-0.004646135825792097,-0.009429184048759254,-0.4697490926145054,-110.28093130220142,0.5473841455346212,0.2791255932749042,0.917234477916795,0.026071031533335245,0.0020040080161486543,0.7655310621241679,0.2324649298596835,0.0020040080161486543,0.07936217620948029,LOSS,45,-0.4975,-0.5975,0.4237,-0.6355,SELECTION
81679,2026-07-17 08:05:00+00:00,SHORT,DOWNTREND,62821.3,40.00507292988342,1.002620375535713,-3.1487711462710735,10.774999722336688,-1.5731677250569902,-11.948666054159432,-0.2680477225361276,-0.009771859192275745,-0.038769330074106545,-0.5395621959349421,-114.77971699842067,0.1914701519488018,0.23731149404465088,1.4682490858499804,0.11888085728884207,0.2182203389829718,0.608050847457603,0.17372881355942524,0.39194915254239704,0.07513375240562849,LOSS,31,-0.4975,-0.5975,0.3359,-0.5447,SELECTION
82041,2026-07-18 14:15:00+00:00,LONG,UPTREND,64112.7,57.31816497140886,-3.967307484028723,-0.20160214904567653,7.538553314260335,0.3884773228986571,6.964294080696405,0.04129248392922326,0.007026964899892185,0.026153511372228877,0.051077022558197585,14.142065060291557,0.6342441897773268,0.45241933503761744,0.6171986388402164,0.10967015895446612,0.5510597302504382,0.0,0.4489402697495618,0.5510597302504382,0.08095119999625887,WIN,37,0.5,0.4,0.5004,-0.1758,SELECTION
82066,2026-07-18 16:20:00+00:00,LONG,UPTREND,64106.1,54.35736589422771,0.01679367580374702,4.4339348270977865,3.7484034867188076,0.5090723514268962,4.262575619301157,0.020712890625627152,0.0033017569968984972,0.012281530663549312,0.07264675885280708,9.024678544479684,0.6889738957178306,0.19938369535156567,0.4263525741690404,0.002495862328231705,0.8828828828828494,0.11711711711715059,0.0,0.8828828828828494,0.05194513470637414,WIN,12,0.5,0.4,0.5107,-0.0312,SELECTION
82111,2026-07-18 20:05:00+00:00,LONG,UPTREND,64536.2,63.851237043726236,2.7825886872680954,0.899769176065746,-4.776676884474895,1.2400292518871012,2.6075145187477773,0.15201422878969928,0.008398885389615529,0.02263010935767973,0.1971091105880837,46.311968739552185,0.9065954871658667,0.18044772964490544,2.0698341416614188,0.04445954363598207,0.7028985507246377,0.0,0.2971014492753623,1.0,0.10691673820274514,TIME_EXIT,48,0.4284,0.3284,0.4667,-0.0002,SELECTION
82159,2026-07-19 00:05:00+00:00,LONG,UPTREND,64812.7,61.152727955075015,1.8098975698411763,1.414354684716443,-0.6735841549996522,0.03389670629707808,-0.901799774475549,0.12449299067364915,0.006855655754911538,0.019553804234218042,0.34194398404922566,60.20850243448962,0.8027389769406438,0.23376313390127143,0.7328128411181909,0.04197094088041298,0.4791666666666864,0.19010416666673524,0.33072916666657837,0.8098958333332648,0.059247647451813386,TIME_EXIT,48,-0.3052,-0.4052,0.21,-0.3365,SELECTION
82182,2026-07-19 02:00:00+00:00,LONG,UPTREND,64790.1,63.092464922249796,16.272855901996763,16.324490742871284,0.7050136538367051,2.9232424971000226,3.916151118766942,0.04236175344157093,0.004914742488248969,0.0029367040264238753,0.3843987661999058,41.47821742341205,1.4379875601639716,0.057359587068501375,4.260755063102331,0.062200860933993976,0.5135671740569112,0.22104566512244722,0.2653871608206415,0.7789543348775527,0.23321464236048187,TIME_EXIT,48,-0.1746,-0.2746,0.2449,-0.3237,SELECTION
82493,2026-07-20 03:55:00+00:00,LONG,UPTREND,64839.4,53.972173983530126,0.8609026437529579,-2.1987776850725993,7.512584080614079,1.050078660507996,5.823260986812511,0.05838995117233566,0.00928582419985613,0.029027109667967288,0.2173447163372232,10.288103280714147,0.7089801036990745,0.4827692494231175,1.0293093932927493,0.06947935977199497,0.8117782909930348,0.0,0.18822170900696517,1.0,0.13356076706446782,LOSS,11,-0.5,-0.6,0.0062,-0.5188,SELECTION
82611,2026-07-20 13:45:00+00:00,LONG,UPTREND,64699.6,55.12085378432566,4.410457175192718,2.5628419195839385,-12.279136402816285,6.4835085433933415,11.771172078855606,0.15144807392463552,0.009590173040052719,0.009229243848252189,0.07594154989781814,22.149948144892736,0.745724225890972,0.2962542090884024,2.125960091313831,0.1823542958534605,0.7956305309734465,0.0011061946902695154,0.203263274336284,0.9988938053097305,0.5588906268354032,LOSS,1,-0.5,-0.6,0.057,-0.6331,SELECTION
82766,2026-07-21 02:40:00+00:00,LONG,UPTREND,65326.6,51.0813548568158,1.4586926613686657,6.150981686995799,-2.7719289351758825,5.071793859150292,18.44455710669866,0.009700818640340277,0.002847981172160452,0.0044350303712414885,0.445879437299652,26.993676011652184,0.4808459795946248,0.6784240744195541,0.4962309730062985,0.07794298187874955,0.546610169491518,0.16384180790959407,0.2895480225988879,0.836158192090406,0.10837851656139404,WIN,16,0.5,0.4,0.5205,-0.0695,SELECTION
82795,2026-07-21 05:05:00+00:00,LONG,UPTREND,65520.2,54.37556411596048,-0.3687715472797066,4.316221495133206,-10.268007131989357,1.5982103445415277,4.226802064961078,0.09280222677907274,0.0032717184665909116,0.007221461614626001,0.4967756285274487,23.246329725670478,0.48330149185292864,0.33359212068108407,1.2289522781936288,0.021691783602605274,0.7774902975420691,0.18499353169464997,0.03751617076328097,0.7774902975420691,0.11797888284833631,WIN,8,0.5,0.4,0.6223,-0.0884,SELECTION
82800,2026-07-21 05:30:00+00:00,LONG,UPTREND,65565.9,57.59585569725965,-1.2045559187188317,9.597771955840976,-0.45251326935849434,1.5145533404662679,11.167323915480459,0.09108823921564035,0.007789285494164133,0.029721732473375617,0.4964293716130512,23.246329725670478,0.633804102361884,0.31901270476028515,0.7493815676454686,0.09355854186398546,0.6045454545452561,0.18636363636357023,0.20909090909117367,0.6045454545452561,0.06710805464425869,WIN,3,0.5,0.4,0.5521,-0.0496,SELECTION
82846,2026-07-21 09:20:00+00:00,LONG,UPTREND,66210.0,58.663668369481925,1.2948851741267617,2.110186526009741,-22.411429570605918,1.5381134907575102,0.8488774126414995,0.262805655410404,0.0068964683906935775,0.01663658252419875,0.6633915750408481,75.88296324465023,0.47055393847992283,0.27874885802243504,0.359897752828125,0.04003926899261337,0.594059405940537,0.14851485148513424,0.25742574257432876,0.8514851485148658,0.09152695967377408,WIN,39,0.5,0.4,0.6162,-0.1403,SELECTION
82852,2026-07-21 09:50:00+00:00,LONG,UPTREND,66315.1,66.05790740063779,2.265422906306476,0.8222838720693204,-5.3114594373529656,2.814813191811055,6.648458215522268,0.2468595891325092,0.015697348431209512,0.04045497992983815,0.6623401937636308,75.88296324465023,0.8953741709015609,0.29380817982525476,0.5431997506501367,0.0452988836630091,0.6088082901554633,0.0246113989636561,0.36658031088088056,0.975388601036344,0.11641390874777703,WIN,48,0.5,0.4,0.6253,-0.2986,SELECTION
82858,2026-07-21 10:20:00+00:00,LONG,UPTREND,66343.3,65.92979857273575,0.30220923714867354,6.546584949545462,-2.0118527328823177,1.3424288613516637,7.111170321574569,0.22805220879091562,0.01359965255613993,0.04273537161783025,0.7064518813673741,79.34125194213101,0.9137201305440285,0.3335493834170001,1.1182577238695492,0.11591223228270033,0.8914027149321754,0.05580693815983299,0.05279034690799165,0.944193061840167,0.09993473342447981,WIN,42,0.5,0.4,0.5826,-0.341,SELECTION
82877,2026-07-21 11:55:00+00:00,LONG,UPTREND,66317.9,59.7914551589157,1.5356024300195585,-0.16957235301822493,8.971173410670836,1.4881335380733924,8.34427553356313,0.11004840136217114,0.009679853579624975,0.030588528440733675,0.7342319340442192,68.33189737902586,0.6935623334936641,0.4775125537403644,0.37497008987763547,0.18962075095862171,0.4414062500000133,0.0039062500002264855,0.5546874999997602,0.9960937499997735,0.03860194608093113,WIN,23,0.5,0.4,0.6211,-0.1235,FINAL_HOLDOUT
82881,2026-07-21 12:15:00+00:00,LONG,UPTREND,66425.2,66.11008098010524,3.502482814403429,15.761564875365352,16.31534893347759,4.505193702826233,11.285597482813504,0.12177842904664171,0.021510705777183503,0.05046066394405191,0.7674073014082021,65.07064848182733,1.0101700876448931,0.5012319709577874,1.0175646074356068,0.332716348614671,0.5259574468085354,0.07319148936175167,0.4008510638297129,0.9268085106382483,0.17689069810854918,WIN,20,0.5,0.4,0.5296,-0.2029,FINAL_HOLDOUT
82896,2026-07-21 13:30:00+00:00,LONG,UPTREND,66497.2,55.811872785012866,6.623296266893966,-4.302125819016176,-10.835271512601231,0.187827243376681,-17.623588706266425,0.1686093206254154,0.007183306894598118,0.00037805000367985286,0.8112259218371047,70.07074917842823,0.6047553889606496,0.5425178087083925,1.6671810194255432,0.11195584174971994,0.3693693693694048,0.07014157014162238,0.5604890604889728,0.9298584298583776,0.23369405027581425,WIN,7,0.5,0.4,0.642,-0.311,FINAL_HOLDOUT
82902,2026-07-21 14:00:00+00:00,LONG,UPTREND,66819.5,68.22131779548798,2.5440323867235577,7.324467199343815,25.713073833888217,10.171016557378849,35.89166742143814,0.20168189995063962,0.045315312622151716,0.12067353965521388,0.8614609609274716,80.5482244005903,1.086027829231438,0.7338858221448955,2.3903277164881747,0.5882264907698925,0.4237421383647438,0.019654088050314916,0.5566037735849413,0.9803459119496851,0.19036359146655857,LOSS,30,-0.5,-0.6,0.1565,-0.532,FINAL_HOLDOUT
82910,2026-07-21 14:40:00+00:00,LONG,UPTREND,66815.1,59.6026752048632,2.5816724937230546,3.689963045023859,3.6782453854411585,0.32740283641714996,-3.6170552602483355,0.24644371862311756,0.02340631854556019,0.06501710967761198,0.8615176910412944,80.5482244005903,0.7528335267569259,1.0154400564355006,0.4626579359164342,0.050261842008773566,0.658859470468447,0.010183299389001584,0.33095723014255146,0.9898167006109985,0.29394553027685166,LOSS,22,-0.5,-0.6,0.1125,-0.5255,FINAL_HOLDOUT
82926,2026-07-21 16:00:00+00:00,LONG,UPTREND,66724.9,54.305637194623614,4.164291851378032,4.544946256898278,-9.355488246354454,7.950255607441342,16.50799953499696,0.12225683137270685,0.00976808688188946,0.00741283370233603,0.9369969993929328,67.02485880484312,0.5874421493359772,0.5076320611038352,1.024751214481658,0.151450208243111,0.3668341708543055,0.0847092605886767,0.5484565685570179,0.9152907394113233,0.20876764146518456,LOSS,15,-0.5,-0.6,0.0,-0.5373,FINAL_HOLDOUT
83451,2026-07-23 11:45:00+00:00,SHORT,DOWNTREND,65530.1,35.070062769874866,0.3757225413084342,-6.787841340750958,-21.68199825936685,-0.15053835734378396,-4.915029164835751,-0.011159860002810674,-0.015358734227133297,-0.04776465260649676,-0.029990585400559062,-17.54372072321675,0.03970752352948189,0.4277935334202056,1.276895530265024,0.22383606922620336,0.3949191685911639,0.5588914549654213,0.046189376443414906,0.4411085450345788,0.06607650530062202,WIN,10,0.5025,0.4025,0.639,-0.1056,FINAL_HOLDOUT
83507,2026-07-23 16:25:00+00:00,SHORT,DOWNTREND,64797.1,42.61822463916062,-0.38322442573068827,-1.8248509663808008,-0.5891412733164785,-0.2508263085405247,-8.27526637751923,-0.21754781485307026,-0.013002581986110151,-0.05014081394988379,-0.2698775363380987,-83.00765539007182,0.2514221356800401,0.37380353845928865,0.3169271483307276,0.0908528313767169,0.43931623931618957,0.43760683760681274,0.1230769230769977,0.43931623931618957,0.09028181816778838,LOSS,46,-0.4975,-0.5975,0.2492,-0.5036,FINAL_HOLDOUT
83548,2026-07-23 19:50:00+00:00,SHORT,DOWNTREND,64700.3,41.098693537360376,1.744182040914687,-6.517872692897193,-14.206608152125423,-3.041833383498849,-17.602625408566723,-0.06744633009706663,-0.01404126591578736,-0.04450421166113383,-0.40671342587350734,-74.75038069805856,0.0978559537965063,0.3813107357172434,2.598450602437564,0.0010857754909937324,0.15221987315012342,0.6797040169132835,0.16807610993659303,0.3202959830867165,0.14621261416098308,LOSS,3,-0.4975,-0.5975,0.0,-0.5215,FINAL_HOLDOUT
83874,2026-07-24 23:00:00+00:00,SHORT,DOWNTREND,64129.4,45.429331624094814,-0.9552306271147941,-6.004690553834685,0.8905315550074429,-1.1067660959779744,-3.4248676868409067,-0.011787401787573861,-0.001979561895526505,-0.004017809278766826,-0.6805120921026612,-27.073218642605525,0.38731447041998157,0.09747830380016718,0.9695214741725471,0.002818520054768358,0.3133333333333818,0.5733333333332363,0.11333333333338184,0.3133333333333818,0.04678041584670993,TIME_EXIT,48,0.1656,0.0656,0.2382,-0.0399,FINAL_HOLDOUT
83876,2026-07-24 23:10:00+00:00,SHORT,DOWNTREND,64126.4,44.55711705996136,-1.5602455003626048,-1.8274451912482519,-0.3613310910155261,-0.6649553524656402,-2.3586287420009433,-0.012965896464226499,-0.0020928333881120587,-0.005581245528674117,-0.6805439282306258,-27.073218642605525,0.36009527645073003,0.09790684060285296,0.7025073391311725,0.001859608523162661,0.2428571428572468,0.40714285714264925,0.35000000000010395,0.2428571428572468,0.021831882032984855,TIME_EXIT,48,0.1715,0.0715,0.2335,-0.0446,FINAL_HOLDOUT
83919,2026-07-25 02:45:00+00:00,SHORT,DOWNTREND,64010.5,41.49054190390751,-2.7767549432320564,0.30347226443220165,-0.304676228975179,-0.4233750700838854,0.836508951629046,-0.051639819816804496,-0.004906572211005322,-0.011158402728073114,-0.7041671858073403,-3.0788518899617543,0.31543641980642534,0.19571382483420516,1.628539772314464,0.052569500316345254,0.10561056105602477,0.38613861386134574,0.5082508250826295,0.10561056105602477,0.047335983940128,TIME_EXIT,48,0.1209,0.0209,0.1209,-0.2664,FINAL_HOLDOUT
84461,2026-07-26 23:55:00+00:00,LONG,UPTREND,65375.1,62.773145984992105,-1.7906844463632368,-1.432814283776061,-22.938358874012764,0.21551327476021243,2.866872565449924,0.31105765793139784,0.012256846145786149,0.04290377135087731,0.14042798887730773,54.704242309405444,0.5486532457905503,0.46949915619856214,0.44898859126994856,0.08936506406872542,0.7840112201963418,0.0,0.21598877980365816,0.7840112201963418,0.10906293068768218,LOSS,12,-0.5,-0.6,0.0363,-0.5233,FINAL_HOLDOUT
84489,2026-07-27 02:15:00+00:00,LONG,UPTREND,65194.8,55.5862696224501,2.005584437848327,5.212967437187395,16.95291228741174,1.2633144550045863,5.393032830477161,0.03676929736548386,0.009196200446059954,0.02506789211256244,0.25145605452259406,58.630658767760764,0.8498552652842427,0.37690901046594905,0.43239424148480254,0.038308269984731635,0.6938502673796716,0.0,0.3061497326203284,1.0,0.11473307687116596,WIN,45,0.5,0.4,0.5166,-0.1638,FINAL_HOLDOUT
84858,2026-07-28 09:00:00+00:00,SHORT,DOWNTREND,63388.3,40.489584406961974,-1.5219602747505263,-7.310642356776555,-9.349555821045147,-0.6830162631222425,-3.805954764873837,-0.011331192090832292,-0.010007721284244209,-0.030051830060717766,-0.646785055251198,-51.860211242351454,0.10980070260397133,0.27735296923942127,1.7558684170137342,0.14521607299769143,0.15162454873648437,0.6083032490975357,0.24007220216597988,0.15162454873648437,0.08739783209204452,TIME_EXIT,48,-0.171,-0.271,0.1973,-0.2851,FINAL_HOLDOUT
84899,2026-07-28 12:25:00+00:00,SHORT,DOWNTREND,63401.6,47.225889905876116,-2.8553983934583584,-1.101654525737402,-3.69704050007707,-2.1021184785746447,-4.072005074677042,-0.003939893643234391,-0.005233859872511015,-0.00880091430929264,-0.6930856559260418,-0.7685164802750251,0.322315229721466,0.3071865851403351,0.8733983158508527,0.0405667995760263,0.05111111111109494,0.5600000000000162,0.3888888888888889,0.05111111111109494,0.1419522535708878,WIN,14,0.5025,0.4025,0.9339,-0.2634,FINAL_HOLDOUT
85420,2026-07-30 07:50:00+00:00,SHORT,DOWNTREND,63981.3,45.908286887282976,0.3402283162027615,-0.6610519178190017,-3.418311198803642,-1.2642240376059082,-4.227777927735971,-0.02248295877415957,-0.005284561948226685,-0.012633360318192732,-0.059078720078366884,-0.9606408607664179,0.3349142176136663,0.28308917595148614,1.7790096205947659,3.907391694648758e-06,0.3691507798960364,0.5805892547659872,0.05025996533797636,0.4194107452340127,0.09018260022851109,LOSS,7,-0.4975,-0.5975,0.0489,-0.5394,FINAL_HOLDOUT
85424,2026-07-30 08:10:00+00:00,SHORT,DOWNTREND,63978.1,45.57871643564047,-1.265470089014464,-0.4022944524530203,-3.188259544894338,-0.21674125927639842,0.7594614367870918,-0.027254649128386817,-0.004274157303518766,-0.009912851533278033,-0.060230256690771034,-2.2409404155692183,0.3284226407022437,0.27302928993254977,0.8256290197231796,0.004997803936037546,0.0,0.8415384615384167,0.15846153846158323,0.0,0.10159726531422471,LOSS,3,-0.4975,-0.5975,0.0392,-0.5444,FINAL_HOLDOUT
85467,2026-07-30 11:45:00+00:00,LONG,UPTREND,64646.1,65.80382517631008,0.7445558274698385,12.664568365795496,-5.966725433505488,2.972978237244675,12.438277088845233,0.1965028427352152,0.012802705353687216,0.03868634070098853,0.050062880152581896,59.268237446923955,1.0091450457532334,0.19854930206871257,0.535135367729553,0.12577324850223387,0.6504424778763412,0.004424778760997843,0.3451327433626609,0.9955752212390021,0.03495957219383466,WIN,5,0.5,0.4,0.5716,0.0,FINAL_HOLDOUT
85560,2026-07-30 19:30:00+00:00,LONG,UPTREND,64839.5,57.37103053235954,-2.5314167538851677,3.2919045790489108,14.98616866006978,0.7600672579012571,7.587361410358046,0.007857165177338895,0.008887274754476593,0.02895170881320741,0.3084478220923976,33.833580838750095,0.7899644611868604,0.38268801963713356,0.664012011792923,0.014983150702884055,0.70035460992906,0.001773049645364224,0.2978723404255758,0.70035460992906,0.08698401437395639,TIME_EXIT,48,0.3003,0.2003,0.3114,-0.3134,FINAL_HOLDOUT
85887,2026-07-31 22:45:00+00:00,SHORT,DOWNTREND,62906.5,40.15687449751292,-1.851708551980174,-6.2379959161383525,-6.272194545849133,-1.3493603172350204,-5.071345219131698,-0.02796160182922299,-0.007885206061986061,-0.02156274659718127,-0.6549730840780669,-48.58708338306781,0.040836183774561635,0.20839059588908695,0.6348259942241754,0.12772527481262427,0.0029761904761472957,0.6220238095238798,0.3749999999999729,0.0029761904761472957,0.053412604420844494,TIME_EXIT,48,-0.2008,-0.3008,0.1297,-0.2831,FINAL_HOLDOUT
85918,2026-08-01 01:20:00+00:00,SHORT,DOWNTREND,62911.8,44.63634000602651,-1.5566219412419997,-4.407179397169941,-1.7943424848975718,-1.3682374520309708,-2.5089053230386886,-0.016035815332580226,-0.003679481054186251,-0.005376607679374867,-0.708769063493324,-8.1784399313608,0.4035044696082056,0.2289177914277784,1.047216221378031,0.030916298691178904,0.08965517241386838,0.7706896551723637,0.13965517241376801,0.08965517241386838,0.09219256164980177,TIME_EXIT,48,-0.2428,-0.3428,0.0364,-0.3289,FINAL_HOLDOUT
86136,2026-08-01 19:30:00+00:00,SHORT,DOWNTREND,62476.3,40.14476744713065,-2.5535961786945265,-4.08586878741049,16.670564758838424,-2.2597806749653557,-3.342407735710708,-0.23955910737608735,-0.01309422510471503,-0.03414137936311734,-0.5627555884951371,-6.011194222143274,0.39111997649631397,0.7117678925268349,0.3308823123541345,0.14437474690402133,0.09413067552602891,0.48062015503879907,0.42524916943517205,0.09413067552602891,0.14453480759903456,LOSS,24,-0.4975,-0.5975,0.0729,-0.59,FINAL_HOLDOUT
86143,2026-08-01 20:05:00+00:00,SHORT,DOWNTREND,62496.1,43.69677006392752,-0.6867647549780145,0.8048656262671869,16.18255919945142,-0.15420094296729303,2.1378566973384636,-0.2085772738521711,-0.003956645297886752,-0.010831134168820533,-0.5845412619862477,-20.66608694932833,0.5755698215050791,0.44373973876442135,0.2407982023375626,0.17710305123038933,0.08442776735459201,0.7842401500938204,0.13133208255158757,0.08442776735459201,0.08528532180408523,LOSS,17,-0.4975,-0.5975,0.0,-0.5581,FINAL_HOLDOUT
86370,2026-08-02 15:00:00+00:00,SHORT,DOWNTREND,63028.9,41.593219871657595,-1.7119755783435124,-8.17089200772552,-3.246249720306441,-2.5159781107291748,-10.526066630491972,-0.05440425078093403,-0.008078796835231383,-0.02342728464289623,-0.15232069227974765,-15.3273351428121,0.1848962645655505,0.22214335353008302,0.8485959478501374,0.025861152582379886,0.15051020408168095,0.5,0.349489795918319,0.15051020408168095,0.06219369209996857,LOSS,43,-0.4975,-0.5975,0.0,-0.6164,FINAL_HOLDOUT
86384,2026-08-02 16:10:00+00:00,SHORT,DOWNTREND,63080.3,48.1767084456489,-3.378060142357377,0.16064787548823745,-0.773370001257053,-0.8449531904054153,-2.540214627509621,-0.02309838932148736,-0.001605849015551275,-0.0040418506084050065,-0.1503190981518326,-17.06674361229352,0.4294218162166968,0.18898701273090437,0.6857295093638803,0.014735186738170638,0.0,0.4410112359551968,0.5589887640448031,0.0,0.05643600299934931,LOSS,29,-0.4975,-0.5975,0.0528,-0.5344,FINAL_HOLDOUT
86474,2026-08-02 23:40:00+00:00,LONG,UPTREND,63502.7,51.41464007763443,0.21157921090735954,-1.4350553534441985,6.024682770641055,0.8767959252842115,10.068774508416999,0.03795244409884487,0.002829177052410259,0.01735804221378867,0.004482291844875251,31.390311170553296,0.5178105228892763,0.6839815074746476,0.591017503055362,0.06746169847895682,0.9294710327456968,0.0,0.07052896725430327,1.0,0.06251702683507487,LOSS,10,-0.5,-0.6,0.1148,-0.5266,FINAL_HOLDOUT
86556,2026-08-03 06:30:00+00:00,SHORT,DOWNTREND,62753.3,36.258394797234786,-1.3464833621975316,-3.6510841303643247,4.961474410672608,-1.8200126867103776,-5.401083406718257,-0.1724657259352512,-0.010034642131551141,-0.027291354457037453,-0.10517081719577956,-74.07140680350771,0.07386947215255364,0.15258705258401334,1.1212646577025553,0.03406992142245488,0.044797687861352964,0.7875722543352104,0.1676300578034366,0.044797687861352964,0.11027308524014573,WIN,22,0.5025,0.4025,0.7274,-0.0002,FINAL_HOLDOUT
86574,2026-08-03 08:00:00+00:00,SHORT,DOWNTREND,62581.6,35.40920094870323,-1.0972008370484403,-3.563734509444842,6.517299569712151,-0.5440098230769763,-1.648027649246366,-0.1936880548408511,-0.009611613152737952,-0.029216904781792508,-0.1895381829578301,-92.41266912761088,0.30150301516648215,0.3410514938012553,0.6206206073932335,0.07299669551434067,0.4246947082767554,0.4477611940298684,0.1275440976933762,0.4246947082767554,0.11776624439131804,WIN,6,0.5025,0.4025,0.5033,-0.0366,FINAL_HOLDOUT
86707,2026-08-03 19:05:00+00:00,LONG,UPTREND,63869.4,53.778344524988555,1.3020474937676028,-1.3933855483467568,-7.613060490047644,2.3906921186120194,4.565631856515878,0.18057328389072386,0.004420902552371153,0.006129434630719466,0.09980981974606264,131.3525848818517,0.5891689235630182,0.21785862944837972,0.7330705427361724,0.09732751521072461,0.6427566807313365,0.12658227848101525,0.23066104078764826,0.8734177215189848,0.11132091424061999,LOSS,34,-0.5,-0.6,0.2965,-0.5699,FINAL_HOLDOUT
86723,2026-08-03 20:25:00+00:00,LONG,UPTREND,63917.4,53.753578570057066,0.3970618714458709,3.7323815267443337,-1.1134838927667126,1.5189029558128553,9.31858099272505,0.12140534951817834,0.005253923643722125,0.020425657287548304,0.14506703579628108,123.32489988647137,0.6299224169652288,0.3099038833693879,0.4105611522233388,0.09539655868354868,0.7959866220736372,0.03344481605351008,0.17056856187285274,0.9665551839464899,0.0467791243073114,LOSS,17,-0.5,-0.6,0.0002,-0.533,FINAL_HOLDOUT
86811,2026-08-04 03:45:00+00:00,LONG,UPTREND,63798.0,58.251060114467116,-0.8437840742348541,0.22114882122841806,-3.569077578487736,1.6134038746308406,10.569234399016253,0.09897968874432454,0.00901784372211445,0.03267218983113995,0.23455077750577177,19.6884594620156,0.6502168330570864,0.41534596248732136,0.35430489573567375,0.002684253424863129,0.6033333333332849,0.16666666666666666,0.2300000000000485,0.6033333333332849,0.04702341766199568,WIN,12,0.5,0.4,0.6925,-0.1035,FINAL_HOLDOUT
86815,2026-08-04 04:05:00+00:00,LONG,UPTREND,63774.5,55.176628373667356,1.416248627082183,-0.1873412014556095,-6.040077560606555,0.07671975930038855,-1.815434828747584,0.0920932414167564,0.003660379487668841,0.00935547831046879,0.2509474908415699,18.19148611063906,0.5143955554964379,0.3698174572250411,1.1445345631612842,0.11820947243803887,0.6093117408906409,0.13967611336034924,0.25101214574900993,0.8603238866396508,0.07746042697316553,WIN,8,0.5,0.4,0.7296,-0.0099,FINAL_HOLDOUT
87267,2026-08-05 17:45:00+00:00,LONG,UPTREND,64700.0,61.103462419522295,2.5097181669444453,9.206923492534166,1.450873562958762,4.1446675794118235,16.52367312358774,0.14393049506188518,0.016163579633410308,0.04741078822452227,0.3929099353330629,20.78639379733994,0.8731749841096359,0.31970940456131575,0.5991987466828173,0.043377125193202984,0.3891402714932395,0.07541478129713093,0.5354449472096295,0.924585218702869,0.10247295208655781,TIME_EXIT,48,-0.0247,-0.1247,0.4977,-0.1019,FINAL_HOLDOUT
87270,2026-08-05 18:00:00+00:00,LONG,UPTREND,64749.7,64.51551854434473,1.1473521788390002,3.412056124822435,9.26793212850017,1.5009711048358625,7.817058565541409,0.15892457459889028,0.018394756406592272,0.055647926116741964,0.4212713340760064,36.098701540638416,0.9070698839050473,0.4035048422754383,1.1977630695833819,0.14664932810499778,0.4815724815724803,0.12285012285013164,0.39557739557738814,0.8771498771498684,0.06285743408849322,TIME_EXIT,48,-0.1524,-0.2524,0.4205,-0.1971,FINAL_HOLDOUT
87284,2026-08-05 19:10:00+00:00,LONG,UPTREND,64850.4,63.004379743469336,-1.0908200420250367,4.911630680850138,10.223108829319187,0.3449894241857834,10.086336785828784,0.16706264651347352,0.01837327242308895,0.06537515834028618,0.4464462537728098,44.54592455007028,0.9343664749634775,0.4049164282557297,0.47527215500110176,0.25110099552199605,0.6375968992248524,0.17054263565883493,0.1918604651163127,0.6375968992248524,0.07956774360682208,TIME_EXIT,48,-0.3025,-0.4025,0.2646,-0.4601,FINAL_HOLDOUT
88398,2026-08-09 16:00:00+00:00,LONG,UPTREND,65210.6,62.042237146338124,0.6403864025179544,1.5100431237939986,-7.034347570874537,0.440226912198888,0.49857156789600054,0.11394967561422845,0.003625366909854044,0.0100262452708888,0.12978371744907136,44.1257969905009,0.6435877118774352,0.1751933481868521,0.9606299135999237,0.011367017018703317,0.7257383966245231,0.15611814346007105,0.11814345991540585,0.843881856539929,0.036343784599442985,TIME_EXIT,48,-0.1221,-0.2221,0.0498,-0.1222,FINAL_HOLDOUT
88417,2026-08-09 17:35:00+00:00,LONG,UPTREND,65206.4,53.6868935983717,1.703353773773621,-2.142187454650724,-2.5381226084266295,0.261383930180779,0.7517345813853886,0.06132437025406867,0.0007905091321758206,0.0025364976038444453,0.14482748279197308,44.49925502920157,0.542470076145726,0.10400121342912078,0.584853486563602,0.0011310239485627705,0.36666666666699005,0.011111111110949423,0.6222222222220606,0.9888888888890506,0.013802326152034155,TIME_EXIT,48,0.0055,-0.0945,0.0055,-0.2498,FINAL_HOLDOUT
88592,2026-08-10 08:10:00+00:00,LONG,UPTREND,65240.4,54.169368516245,-0.6660635820511942,7.027410750663506,-11.00465071592079,0.25995167291885224,4.3435954992487495,0.10062126608723986,0.0019661109434743196,0.012801373815474193,0.13351354273103452,7.467180517565566,0.4609676578582376,0.26249176667704094,0.4128436715762466,0.016818566409764833,0.78703703703709,0.0,0.21296296296290995,0.78703703703709,0.03310831938491877,TIME_EXIT,48,-0.2146,-0.3146,0.1019,-0.4788,FINAL_HOLDOUT
88593,2026-08-10 08:15:00+00:00,LONG,UPTREND,65258.0,56.353809337038534,2.184440820793533,-2.750689338445021,-9.503888985433434,1.5007617304873548,2.3196481653456473,0.0992060695995785,0.004348559483302594,0.009230442534380323,0.13347753429755407,7.467180517565566,0.5408606279054051,0.23403850938113988,0.635652099934775,0.010155842961786031,0.6805054151625158,0.0,0.3194945848374842,1.0,0.0848938061233894,LOSS,19,-0.5,-0.6,0.0749,-0.5057,FINAL_HOLDOUT
88708,2026-08-10 17:50:00+00:00,SHORT,DOWNTREND,63886.0,36.15040238197765,-1.5403768769598685,-3.1964576906353344,21.33361990151093,-1.733645191760104,-0.4367961539299756,-0.38950526571868654,-0.01792596735722407,-0.047643796596030796,-0.14451705597480802,-121.6113069059252,0.30438217645504373,0.5518855238109271,0.2716749667113161,0.3483274895908355,0.13863928112968818,0.5147625160461848,0.346598202824127,0.13863928112968818,0.1219359484081042,TIME_EXIT,48,-0.1205,-0.2205,0.1536,-0.4748,FINAL_HOLDOUT
88710,2026-08-10 18:00:00+00:00,SHORT,DOWNTREND,63883.5,37.645693798903956,-3.021447111065413,-0.04508546003356173,21.325425163850156,-1.9808892445453665,-1.7418399294208768,-0.3740758186163217,-0.01571213156258411,-0.04290385643700434,-0.2147033686812245,-133.63483651924508,0.32635112513203435,0.492038738648063,0.8555750908123919,0.3522544945095387,0.0019743336623602985,0.5133267522211475,0.4846989141164922,0.0019743336623602985,0.1585698967651986,TIME_EXIT,48,-0.0899,-0.1899,0.1497,-0.4787,FINAL_HOLDOUT
88712,2026-08-10 18:10:00+00:00,SHORT,DOWNTREND,63922.2,41.872155977689346,-1.7761366061252843,1.2050150677199767,24.12874118916467,-0.11288759810037163,0.822426780769149,-0.35235873119007055,-0.00803201315469071,-0.028209572917792247,-0.21457338222318706,-133.63483651924508,0.49357778474748476,0.3885199101726773,0.47859859262496607,0.10160789209382201,0.0,0.6790865384615028,0.32091346153849715,0.0,0.1301582235905591,TIME_EXIT,48,-0.1381,-0.2381,0.2104,-0.4179,FINAL_HOLDOUT
88757,2026-08-10 21:55:00+00:00,SHORT,DOWNTREND,63949.0,37.319411962122075,-1.5210499606946755,-6.101361246156401,-20.825111074735105,-1.56209547633307,-8.175218238770103,-0.03106275086513667,-0.013942237748920672,-0.04016311488944657,-0.3498936496449481,-97.41418002559561,-0.03862689334563637,0.3412678744561416,0.6620336618345226,0.11980249886628862,0.0,0.3974358974359971,0.602564102564003,0.0,0.03659165897825057,TIME_EXIT,48,-0.1212,-0.2212,0.1333,-0.1551,FINAL_HOLDOUT
88758,2026-08-10 22:00:00+00:00,SHORT,DOWNTREND,63941.0,36.44728476395733,-0.8721271981647476,-3.2563955314229958,-21.319084551958078,-0.4939734772229727,-4.494837957450478,-0.03798131106560922,-0.013806011887518288,-0.040833289721753374,-0.38739423488285407,-86.7354456930297,0.013718926090211097,0.38388261135447793,1.430558151206939,0.22986034000094746,0.2825806451613091,0.614193548387078,0.1032258064516129,0.2825806451613091,0.1212054863076899,TIME_EXIT,48,-0.1738,-0.2738,0.1207,-0.1742,FINAL_HOLDOUT
88995,2026-08-11 17:45:00+00:00,SHORT,DOWNTREND,63513.7,41.81766994696282,-1.8724147762414987,-0.20058588601300187,19.222019487173938,-1.300792295055686,-2.0333909929716043,-0.2443027773066972,-0.004963980083450004,-0.013797563840922678,-0.4589783293010062,-29.18455375100268,0.4502753918072718,0.2770189272815669,1.0412702399135996,0.12222559857165409,0.02170283806336566,0.6777963272121007,0.3005008347245336,0.02170283806336566,0.09431036138660077,TIME_EXIT,48,-0.174,-0.274,0.4779,-0.3839,FINAL_HOLDOUT
89272,2026-08-12 16:50:00+00:00,SHORT,DOWNTREND,63465.2,43.2072762508112,1.3674215538571062,-4.738572678698063,15.74552288046307,-2.7799295178488563,-10.324891626759921,-0.19989573102696723,-0.00622846086872908,-0.017782810363742296,-0.30303630274968274,-21.66609841790384,0.406564750467778,0.21817216119319616,0.40851832529320203,0.0959265865387719,0.16574585635358227,0.6095764272560598,0.22467771639035794,0.3904235727439402,0.08555869988592632,TIME_EXIT,48,-0.0556,-0.1556,0.2879,-0.13,FINAL_HOLDOUT
89277,2026-08-12 17:15:00+00:00,SHORT,DOWNTREND,63488.0,46.567276401213284,-2.638846943038999,0.31107990777733363,12.95655545815962,-0.9892454228090841,-0.6879082699072754,-0.16866481449377324,-0.0014146294072370225,-0.002423797100625791,-0.3205141341735365,-32.79775018533726,0.5517223248850408,0.21456530975368068,0.5545290536830343,0.0024335307459649913,0.028985507246310587,0.38405797101440614,0.5869565217392833,0.028985507246310587,0.06520917338708761,TIME_EXIT,48,-0.0881,-0.1881,0.3239,-0.2233,FINAL_HOLDOUT
89281,2026-08-12 17:35:00+00:00,SHORT,DOWNTREND,63451.9,44.42636142700022,-0.8143919425333266,4.396720383599522,4.84623794528283,-0.19247110233111897,-2.7692692540610935,-0.15959087681151038,-0.004347496322432143,-0.017374462976804672,-0.320696485848485,-32.79775018533726,0.34302765198445784,0.23078536667914779,0.45186067732719104,0.05445857413253234,0.2538631346578611,0.57174392935975,0.1743929359823889,0.2538631346578611,0.07139266121265972,TIME_EXIT,48,-0.0502,-0.1502,0.2669,-0.2804,FINAL_HOLDOUT
89284,2026-08-12 17:50:00+00:00,SHORT,DOWNTREND,63455.1,45.07144299536085,-1.360082317777234,0.6450815683606308,5.567932640003853,-0.14898470932661212,0.7216946947210232,-0.14617820014051744,-0.0029494546118224996,-0.008243568135735124,-0.3206803133303625,-32.79775018533726,0.326203879045217,0.20449284049401098,0.7493502037049763,0.04941289195037626,0.0015197568388835925,0.8313069908814885,0.16717325227962787,0.0015197568388835925,0.10369536885136563,TIME_EXIT,48,-0.1206,-0.2206,0.272,-0.2753,FINAL_HOLDOUT
89300,2026-08-12 19:10:00+00:00,SHORT,DOWNTREND,63360.8,39.74187302503078,-4.034254125623697,1.664320780417441,-2.15562435515389,-1.071140453439316,1.7966866162007022,-0.11914937707947935,-0.009024266241097756,-0.017937068632101205,-0.35627654491412053,-45.07954711762534,0.09599233768054119,0.23298004629050095,0.8609046434193726,0.0321728892311883,0.0,0.3712121212121243,0.6287878787878757,0.0,0.0833322811580593,TIME_EXIT,48,-0.0439,-0.1439,0.1229,-0.4246,FINAL_HOLDOUT
89305,2026-08-12 19:35:00+00:00,SHORT,DOWNTREND,63330.0,39.08112768823639,-3.397013149280461,-1.821443436990485,-2.701001154433495,-1.6183382736053247,-1.8078604011279538,-0.11635540586151122,-0.010592330578984566,-0.024317383455962904,-0.3564498169429119,-45.07954711762534,0.07081992414460711,0.24897966841726446,0.8818004264151881,0.01027159324174543,0.0,0.40839694656490194,0.5916030534350981,0.0,0.08274119690510257,TIME_EXIT,48,-0.1765,-0.2765,0.049,-0.4734,FINAL_HOLDOUT
89706,2026-08-14 05:00:00+00:00,SHORT,DOWNTREND,63351.7,43.21123898931359,0.3262762265665131,-0.4297883704106482,2.7965371881893972,-0.34054108572723507,-1.261751545170572,-0.05780301080446766,-0.004650491953683833,-0.01387422680588779,-0.22356425332528562,-1.0844365081689062,0.42050879333321606,0.2151182627505043,0.7553261344472708,0.013949901896873257,0.1523178807946685,0.7913907284769457,0.056291390728385876,0.20860927152305436,0.04767038611433804,WIN,22,0.5025,0.4025,0.5868,-0.0374,FINAL_HOLDOUT
89709,2026-08-14 05:15:00+00:00,SHORT,DOWNTREND,63297.9,36.270987290577935,-1.300067485943643,-6.940251698735658,-2.864175072181851,-1.4485645861400087,-5.660712260371248,-0.0682814141465355,-0.010435810829489967,-0.029946090388799362,-0.22375427158543168,-1.0844365081689062,0.10531763707290935,0.20461743732617058,0.9927053530833974,0.09895667944749681,0.2775229357797924,0.48394495412842314,0.23853211009178446,0.2775229357797924,0.06888064216980112,WIN,20,0.5025,0.4025,0.6323,-0.1224,FINAL_HOLDOUT
89710,2026-08-14 05:20:00+00:00,SHORT,DOWNTREND,63262.6,32.1983796181828,-4.0726076723951365,-6.2084826071362045,-5.627512405168169,-2.7633373329863176,-5.966511220773356,-0.0743295894906745,-0.014748885579085602,-0.034986439106909906,-0.22387912459158327,-1.0844365081689062,-0.04294944007233865,0.237753318265974,1.527680774284699,0.15145994631899,0.07347447073476017,0.4869240348692046,0.43960149439603524,0.07347447073476017,0.12693123583286636,WIN,19,0.5025,0.4025,0.5762,-0.1783,FINAL_HOLDOUT
89793,2026-08-14 12:15:00+00:00,SHORT,DOWNTREND,62770.5,41.07401874260711,-2.883006236062151,-7.387526076734709,-7.559408786562293,-2.436709377630608,-9.734493083525429,-0.07043764356422895,-0.00979737937832903,-0.027637172191619097,-0.40920299607528354,-55.475860090363255,0.04860895376623587,0.21932422194886145,0.9928146109926909,0.1316223385188828,0.001377410468299543,0.6487603305785054,0.3498622589531951,0.001377410468299543,0.11565942600425126,TIME_EXIT,48,-0.4213,-0.5213,0.4582,-0.4803,FINAL_HOLDOUT
89811,2026-08-14 13:45:00+00:00,SHORT,DOWNTREND,62638.0,40.73614147997093,-3.928703167093076,-3.661457195276462,-3.6649024842727442,-1.127812117703101,-1.299649332464213,-0.11411802062378237,-0.013443691264558577,-0.03657537740212602,-0.43628935786042916,-55.08962429669111,0.1930837927605843,0.4662073154713237,1.1146503339831633,0.04625786263930174,0.0,0.46170212765958996,0.53829787234041,0.0,0.1500686484242792,LOSS,22,-0.4975,-0.5975,0.2461,-0.5779,FINAL_HOLDOUT
90502,2026-08-16 23:20:00+00:00,SHORT,DOWNTREND,62850.1,45.464719824219294,0.07930421955480682,-7.788324280504845,12.65026687301328,-0.3429180285028437,-4.304062433811332,-0.12727590636762146,-0.003262703518536192,-0.016858467043034953,-0.05552317365139952,-17.624596505356067,0.5036098247795681,0.3878793491005422,0.5305418655823344,0.01937546638748063,0.1324376199616439,0.8541266794625958,0.013435700575760252,0.14587332053740418,0.08289565171733784,LOSS,21,-0.4975,-0.5975,0.2012,-0.5249,FINAL_HOLDOUT
90582,2026-08-17 06:00:00+00:00,LONG,UPTREND,63490.8,56.588934566357516,0.3431648921403294,1.3214155608037288,-9.6240073828982,1.4887189551306221,6.170973716521999,0.15271646793327442,0.004109982792988021,0.013708739179829621,0.06972979423578539,57.43185997756916,0.5556504943076388,0.19827877760916143,1.4106688380627785,0.026893660183833074,0.7070175438595725,0.24561403508771928,0.047368421052708165,0.7543859649122807,0.0897767865580525,TIME_EXIT,48,-0.2914,-0.3914,0.3188,-0.3714,FINAL_HOLDOUT
90675,2026-08-17 13:45:00+00:00,LONG,UPTREND,63691.9,60.800653736703566,4.600920258403335,-0.6310756898085543,15.920762377459884,4.975028038347814,17.416277829464534,0.05421501049616963,0.01928505366894928,0.05121626270421231,0.19695258509526414,28.951232203763567,0.9488132169537559,0.45881057121991203,1.116440916284774,0.167584104101154,0.4779470729751703,0.0,0.5220529270248297,1.0,0.1957862773759369,WIN,20,0.5,0.4,0.6042,-0.205,FINAL_HOLDOUT
90721,2026-08-17 17:35:00+00:00,LONG,UPTREND,64187.0,57.63515845731243,4.217776662623734,-7.974709166816112,-3.344960802041328,2.0264588287926415,-2.715202317038049,0.2237977963655022,0.01615775713201817,0.03548497094376657,0.34650365489645796,69.38266279093713,0.7984754381749428,0.46776179872928825,1.217583896575327,0.049764749871465216,0.36775178026451394,0.1988809766022321,0.4333672431332539,0.8011190233977679,0.30629255145122614,WIN,9,0.5,0.4,0.6447,-0.0259,FINAL_HOLDOUT
90726,2026-08-17 18:00:00+00:00,LONG,UPTREND,64308.4,63.35979524889547,0.7561073778198875,2.074970117898971,8.955408036633173,1.2060282615464502,6.598712876424784,0.2440944522785538,0.024266341642587008,0.07315063256894128,0.39759881811677394,80.5395540892209,0.892372052208753,0.6461916541658248,1.2772960143499255,0.03146167530214642,0.5506117908787452,0.2803114571746016,0.16907675194665317,0.7196885428253984,0.13979511230259414,TIME_EXIT,48,0.0482,-0.0518,0.4547,-0.1199,FINAL_HOLDOUT
90762,2026-08-17 21:00:00+00:00,LONG,UPTREND,64377.3,56.46087180989702,1.6913009626263218,6.320616919944612,2.542408821273435,1.5752948155244635,4.063926279743336,0.11230568578309409,0.007061973845234881,0.016893848547572254,0.5184137749023985,72.83010197188236,0.8169825701733056,0.2469529914742796,0.9652573908444676,0.0349113740402375,0.42005420054198883,0.1300813008128847,0.44986449864512645,0.8699186991871153,0.057318340470944654,TIME_EXIT,48,-0.1097,-0.2097,0.2767,-0.2012,FINAL_HOLDOUT
91002,2026-08-18 17:00:00+00:00,LONG,UPTREND,64780.2,57.411392579199564,-3.1352116498910405,-0.8939407070349858,-10.148774530617779,0.6391677999916183,7.445237254743347,0.1958211864389004,0.0060325005070138715,0.02556664902615413,0.5537917203055606,31.871965958306845,0.5482560502182917,0.28858447036550966,0.6491839687082773,0.04012414287081592,0.5802047781569389,0.0017064846417373862,0.41808873720132367,0.5802047781569389,0.09045973924132038,TIME_EXIT,48,-0.3203,-0.4203,0.0364,-0.3879,FINAL_HOLDOUT
91004,2026-08-18 17:10:00+00:00,LONG,UPTREND,64771.6,55.98527323423699,1.72330647750983,-4.561330994853613,-10.888439345863397,0.4531624485731527,-0.10049701525399968,0.18412144816194057,0.004029976052399853,0.011769449544529742,0.5538652495806538,31.871965958306845,0.5255303004581191,0.27244851891452526,0.24173838956277538,0.06295969221078195,0.4090909090908281,0.0,0.5909090909091719,1.0,0.044155154419527304,TIME_EXIT,48,-0.2708,-0.3708,0.0497,-0.3747,FINAL_HOLDOUT
91308,2026-08-19 18:30:00+00:00,LONG,UPTREND,68260.4,58.26054570635935,0.4162504487601737,-0.9036355080182048,-29.04934021908224,6.288962263080492,23.943230994347545,0.7871944590740556,0.01438945702487704,0.04259139959841285,1.1872476091636526,448.8286446597749,0.6886082886364706,0.8311988136231925,0.24347550400530907,0.19979739351070006,0.8251968503938383,0.0,0.17480314960616172,1.0,0.093026117631892,WIN,19,0.5,0.4,0.5486,-0.2783,FINAL_HOLDOUT
91312,2026-08-19 18:50:00+00:00,LONG,UPTREND,68377.7,61.82132099465074,-1.9760436419812848,3.52481898303607,-3.0659145993238326,1.9347491223553988,21.582192697083528,0.7234812758017006,0.022281733296924955,0.08376865602970351,1.1852109196500407,448.8286446597749,0.8615976215343895,0.878649835710789,0.364142273682047,0.1957107361025521,0.633470225872698,0.051334702258729964,0.3151950718685721,0.633470225872698,0.1424441009276331,WIN,18,0.5,0.4,0.5698,-0.4494,FINAL_HOLDOUT
91326,2026-08-19 20:00:00+00:00,LONG,UPTREND,68485.9,61.40478427891467,3.323181728628832,5.575934456723708,6.387945832501444,7.671200370272672,18.049009559456834,0.4676907236225796,0.02741870780400557,0.06150361838761498,1.518132883642251,424.4068124791263,0.9418298050869764,0.5602730083697197,1.1594086296810477,0.36459329584628725,0.3656080557707941,0.0007745933385423413,0.6336173508906636,0.9992254066614576,0.1885059552404303,WIN,10,0.5,0.4,1.6136,-0.0594,FINAL_HOLDOUT
91397,2026-08-20 01:55:00+00:00,LONG,UPTREND,69691.4,58.96694217367811,0.38128070114206025,0.7881728794342848,24.561256217673446,0.7844105717182259,21.43429509212224,0.23552274496225784,0.025407820189959907,0.09800883442594444,2.207719419832932,268.3256821490752,0.7808885824509499,0.8556945475815011,0.42869582064737877,0.34918225204258463,0.5644444444443151,0.19111111111124046,0.24444444444444444,0.8088888888887595,0.06457037740668146,LOSS,8,-0.5,-0.6,0.1558,-0.5352,FINAL_HOLDOUT
91434,2026-08-20 05:00:00+00:00,LONG,UPTREND,69487.0,60.58330370370691,0.3441767050274507,5.454193836591166,34.010794633567215,0.03707202138941312,10.199560479134554,0.026975347096869398,0.02263598166312164,0.07616367489964304,2.4173094096834666,44.807830584049725,0.8653078257669881,0.8158057846312893,0.7119519878857713,0.737422107732369,0.40860215053763443,0.44086021505376344,0.15053763440860216,0.5591397849462365,0.06691899204167685,WIN,21,0.5,0.4,0.6259,-0.2255,FINAL_HOLDOUT
91508,2026-08-20 11:10:00+00:00,LONG,UPTREND,71963.9,57.529050928339856,0.8276467089161983,-1.62875258367189,-54.47870470087386,3.3503024625646844,15.281821999107223,0.7215810816647721,0.014664931280461424,0.05547812079662595,2.81131074273702,150.553163402265,0.5473354020147023,0.9110207627831508,0.3353996672850642,0.09912608960880644,0.8183556405353661,0.0,0.1816443594646339,1.0,0.21802598247175903,LOSS,11,-0.5,-0.6,0.4672,-0.6919,FINAL_HOLDOUT
91532,2026-08-20 13:10:00+00:00,LONG,UPTREND,72035.9,57.53441358179467,1.6293470947680788,3.4804796352771987,18.782166326562773,8.980441805215694,32.56065831326471,0.2742193832167552,0.024320902907404296,0.06171099581377959,2.9671987824833055,124.48162183671616,0.728999670278663,0.9903778774531027,0.5966572984033321,0.38329846645906884,0.5415129151292151,0.008302583025910136,0.4501845018448748,0.9916974169740899,0.1504805242941488,LOSS,4,-0.5,-0.6,0.0,-0.8256,FINAL_HOLDOUT
91557,2026-08-20 15:15:00+00:00,LONG,UPTREND,72208.9,62.484714703401686,-0.08911028097676876,-4.040400714909488,81.94388624312873,1.546170888970238,24.368999505527178,0.14499762758027251,0.05357706175035393,0.1691232073873561,3.012184913234437,37.44427462317299,0.9383837574769995,1.4626499008735134,1.3068444441656433,0.03164429869447017,0.7775692163303264,0.21116846550914486,0.011262318160528698,0.7775692163303264,0.29511597600850564,WIN,3,0.5,0.4,0.8877,-0.3756,FINAL_HOLDOUT
91792,2026-08-21 10:50:00+00:00,LONG,UPTREND,77814.2,52.50720242665195,0.6536924209890103,2.0181896406163062,-80.06108753220414,6.489947137467084,15.604765297806267,0.7099353117767241,0.0014763391262606618,0.0021786248038058176,3.793304865873643,316.2393719869674,0.4206490410992927,1.0282096875060753,0.22241294505496143,0.5378356392535001,0.4590294351630742,0.28321400159114274,0.25775656324578305,0.7167859984088573,0.1615386394771097,LOSS,4,-0.5,-0.6,0.091,-0.6378,FINAL_HOLDOUT
91794,2026-08-21 11:00:00+00:00,LONG,UPTREND,77810.2,52.408692666008015,0.15929962685370214,0.5551826603450749,-68.20099620673727,6.180082956550535,18.350038462933952,0.6558779816760203,0.000845941351967916,0.0023237524258812314,3.8835503805595124,280.5992680680197,0.38002837519848864,0.9293841146039589,0.8049330606095182,0.10664732901341759,0.9054355919582718,0.06850335070740257,0.02606105733432557,0.9314966492925975,0.3451989584913107,LOSS,2,-0.5,-0.6,0.0614,-0.6327,FINAL_HOLDOUT
92434,2026-08-23 16:20:00+00:00,LONG,UPTREND,77247.8,50.941651424150876,1.9899362119251691,3.2102878228567064,9.072197245613971,2.953391418034254,9.134304782767074,0.028651865957682234,0.003457125419936702,0.005802084598904855,0.6575978032593728,71.36133559622856,0.707179785351781,0.3356455608364971,0.29795089795931584,0.2310324695331114,0.3524904214558141,0.13793103448279068,0.5095785440613952,0.8620689655172094,0.10136210998889666,TIME_EXIT,48,0.1265,0.0265,0.2848,-0.2236,FINAL_HOLDOUT
92445,2026-08-23 17:15:00+00:00,LONG,UPTREND,77343.9,53.39453641904192,4.331175098878326,8.688210239545555,3.027293651349771,2.2870228257416922,-3.859497162342734,0.056360637818165714,0.007559953751612447,0.008081596119668966,0.6615654543525761,81.16120103502084,0.7156975108606299,0.4356754353134429,1.1074188434901293,0.09418971631894155,0.5477088948787375,0.0005390835579828613,0.45175202156327954,0.9994609164420172,0.2398379186981779,WIN,48,0.5,0.4,0.7979,-0.3475,FINAL_HOLDOUT
92458,2026-08-23 18:20:00+00:00,LONG,UPTREND,77286.4,52.811478774314345,-0.09735780872838262,6.206558213286094,5.207038315773694,2.9499420134806478,17.6096869242682,0.0135902353216362,0.004930568132199831,0.019993838585774526,0.6470246419855716,68.52024383485474,0.5952353984687414,0.3572351856408066,0.9247376014593089,0.06724016127028667,0.6697612732094715,0.31299734748014707,0.01724137931038143,0.6697612732094715,0.09755920834714611,WIN,33,0.5,0.4,0.5054,-0.1541,FINAL_HOLDOUT
92527,2026-08-24 00:05:00+00:00,LONG,UPTREND,77672.5,54.07655223306828,3.5823782251416745,2.379276181132667,11.956426717371526,4.196040998176246,15.45610387132361,0.050803925335565714,0.010671306002585368,0.03004378709108302,0.6709424590505338,77.77400110532012,0.776426709878289,0.46093368734719037,1.1184537075786627,0.04398274807686867,0.546944858420217,0.06259314456038569,0.3904619970193973,0.9374068554396143,0.2591650841675019,LOSS,4,-0.5,-0.6,0.0467,-0.5526,FINAL_HOLDOUT
92877,2026-08-25 05:15:00+00:00,LONG,UPTREND,80538.3,56.27709064969956,0.7140123433417855,3.0187655087874035,9.793437098812168,7.199696404854686,34.21859771228277,0.23804785710236945,0.01572128247311344,0.04926057975711551,1.211224590248511,131.97220684245497,0.8096577196670894,0.5742711092282032,1.2312019127407752,0.12449045981849267,0.5031496062991667,0.3425196850393701,0.15433070866146315,0.65748031496063,0.15768895047449474,LOSS,30,-0.5,-0.6,0.464,-1.0831,FINAL_HOLDOUT
93186,2026-08-26 07:00:00+00:00,LONG,UPTREND,78991.1,53.92200593443277,4.797191256605252,8.074853641566008,0.7410125834304004,8.009527127156149,15.096475949317247,0.0068853920398560566,0.008890515901249785,0.0047209485529498,0.2863297153090525,1.0389390337421105,0.5938868094938466,0.4782207821290273,1.0781305898374038,0.03740294792702431,0.4881571346042586,0.036972848064667614,0.4748700173310738,0.9630271519353324,0.2191386118183008,LOSS,23,-0.5,-0.6,0.1225,-0.5327,FINAL_HOLDOUT
93195,2026-08-26 07:45:00+00:00,LONG,UPTREND,78959.4,52.19098695161028,-0.05802068723671283,0.7375015959776405,6.5864216263800355,0.14973882636873892,3.273690556298309,0.01201440005581553,0.0033244967169165918,0.012137940300283034,0.2864446687151739,1.0389390337421105,0.7502792276538264,0.24944849878924835,0.3842882338617863,0.015875247278985774,0.7544642857142219,0.23214285714278754,0.013392857142990551,0.7544642857142219,0.056738019792435555,LOSS,18,-0.5,-0.6,0.1627,-0.7237,FINAL_HOLDOUT
93298,2026-08-26 16:20:00+00:00,SHORT,DOWNTREND,77996.4,47.627766192956734,-0.5150393134165157,-4.01458653233135,21.420854809521146,-4.636976347829183,-11.8626530877644,-0.1541958821890652,-0.0036895541010495414,-0.004059542399037497,-0.05151690666856145,-88.61710180335797,0.6034258247175601,0.6873121493662269,0.42395827443272677,0.0030642439907662016,0.10900832702493221,0.797123391370161,0.09386828160490678,0.10900832702493221,0.1693667912878105,LOSS,13,-0.4975,-0.5975,0.2362,-0.628,FINAL_HOLDOUT
93439,2026-08-27 04:05:00+00:00,LONG,UPTREND,78855.0,56.110061520685456,2.5530177950624307,4.672527833860741,8.252778549468516,1.250713607276115,-1.4842829256493282,0.03244539613631826,0.007660829001276959,0.013891235715468575,0.017380930713067892,70.12223087186646,0.78203235816117,0.38024675958281445,0.43643438724733313,0.006958975334459905,0.6129032258065054,0.07075962539024452,0.31633714880325015,0.9292403746097555,0.12186925369349544,WIN,47,0.5,0.4,0.8095,-0.3659,FINAL_HOLDOUT
93589,2026-08-27 16:35:00+00:00,LONG,UPTREND,80361.3,55.304592141212325,2.0202454770824048,-4.191825339864728,-37.6400619628439,0.9294843274883249,-6.010238155848157,0.3297109469617249,0.009170313508177763,0.023516561752590093,0.4251704959223358,119.03384173340265,0.4415518419592623,0.6296423551708819,0.351486535731279,0.22884771650035382,0.4749631811487889,0.07437407952866079,0.45066273932255035,0.9256259204713392,0.16898681330439944,WIN,8,0.5,0.4,0.602,-0.2007,FINAL_HOLDOUT
93683,2026-08-28 00:25:00+00:00,LONG,UPTREND,80380.0,62.46511940985601,1.4568054134897466,13.562470611227042,10.645810081430941,6.53356823351799,27.113703707222875,0.06715162662467715,0.018517171068066496,0.052703294483680274,0.610727702482698,12.532832348259547,0.9848133107990612,0.37187175225548813,2.112122236879652,0.20102948494649686,0.4283476898981859,0.3719655442443311,0.19968676585748302,0.6280344557556689,0.1588703657626239,WIN,7,0.5,0.4,0.5082,-0.0917,FINAL_HOLDOUT
93894,2026-08-28 18:00:00+00:00,SHORT,DOWNTREND,77850.5,44.131981321163565,-0.754216944540218,-2.427377410065553,53.140027196816675,-3.3492634071228053,-4.08802576261877,-0.4961287485348767,-0.011078392176511187,-0.02899099383734116,-0.11091365746503942,-234.1737365613866,0.5598649248206934,0.6495370318265415,0.3738212720006842,0.6938394743771731,0.2857142857142857,0.41028571428564775,0.30400000000006655,0.2857142857142857,0.11239491075844085,WIN,7,0.5025,0.4025,0.709,-0.0519,FINAL_HOLDOUT
93926,2026-08-28 20:40:00+00:00,SHORT,DOWNTREND,77374.1,41.381610446571294,0.14720829156639326,-3.531730581479543,-2.540086685639963,-0.011937264450324392,-11.753463538538028,-0.3089329747235319,-0.015666326646468498,-0.06120050641953423,-0.32686774170601574,-254.3738508093464,0.19310629678546434,0.6049653508821249,0.22818134159961703,0.03107952144191148,0.0,0.9351620947629565,0.06483790523704347,0.06483790523704347,0.05182612786449964,LOSS,39,-0.4975,-0.5975,0.2115,-0.5816,FINAL_HOLDOUT
93930,2026-08-28 21:00:00+00:00,SHORT,DOWNTREND,77320.5,39.55050623554105,-2.7396066063156397,-3.430825076018955,-0.5641151132450943,-1.8860126437318456,-0.5337630397067699,-0.29392361143775075,-0.017212630296425946,-0.04358902468643011,-0.42439558721850645,-248.44796079248908,0.16589851256241442,0.5321708624490334,0.7235088973801408,0.10117950608182598,0.0011185682327271925,0.3668903803131958,0.631991051454077,0.0011185682327271925,0.11562263565291059,LOSS,20,-0.4975,-0.5975,0.1421,-0.5167,FINAL_HOLDOUT
94010,2026-08-29 03:40:00+00:00,SHORT,DOWNTREND,77591.7,42.530610059958335,1.752503511327916,-6.288401222588561,-3.678961402755469,-0.8649112559313039,-6.223279491375457,-0.02612004872276557,-0.006949323611304958,-0.022554454425405268,-0.6615323829400025,-37.67952904942598,0.2881933397530955,0.25691179679834986,1.025791782829908,0.017543757901925538,0.00927357032444043,0.7928902627512399,0.1978361669243197,0.20710973724876017,0.08338520743842072,TIME_EXIT,48,-0.0415,-0.1415,0.3086,-0.129,FINAL_HOLDOUT
94020,2026-08-29 04:30:00+00:00,SHORT,DOWNTREND,77559.9,43.91104421694936,-2.7591538387951786,-1.0492148510705093,3.679181177620343,-0.09519900312810847,5.244132538084251,-0.04964751392169955,-0.003913433559799007,-0.005909923098068592,-0.6924452658945452,-27.80492271970104,0.34052054342709687,0.2688185992081284,0.5693275704814442,0.04858825243454817,0.11666666666652807,0.3619047619046926,0.5214285714287793,0.11666666666652807,0.054151694367837,TIME_EXIT,48,0.0539,-0.0461,0.2675,-0.1701,FINAL_HOLDOUT
94450,2026-08-30 16:20:00+00:00,LONG,UPTREND,79086.5,65.75549166195684,0.6690832454900573,13.516894989062031,30.794497011676114,4.2059901626100356,28.194794562869745,0.18245631357135905,0.031574728773065,0.10227636037796195,0.018409403015529232,85.31622769570417,1.0238102127049256,0.6804640433669353,1.1810015632817812,0.12772407427310234,0.8322813345356876,0.006311992786268046,0.16140667267804434,0.993688007213732,0.14022620801273816,LOSS,41,-0.5,-0.6,0.3767,-0.5165,FINAL_HOLDOUT
94979,2026-09-01 12:25:00+00:00,SHORT,DOWNTREND,77955.4,45.841661217683544,2.016375554540879,-2.4305822892885303,-8.52950919678714,-0.9672201972057799,-12.916649647963633,-0.09533556603035787,-0.005939005278110532,-0.026219011922212765,-0.002520819516371865,-98.15246640776851,0.3138163369709725,0.3230447281295416,0.8362190812382057,0.1365171623774814,0.0,0.6939820742638617,0.3060179257361383,0.3060179257361383,0.10018549067801054,WIN,8,0.5025,0.4025,0.7618,-0.1138,FINAL_HOLDOUT
95023,2026-09-01 16:05:00+00:00,SHORT,DOWNTREND,77762.0,39.50487433058069,-5.227256954023275,-9.953157238244785,-14.786806746938435,-7.322227279241037,-10.79766488525824,-0.058944804663677526,-0.023799881143538038,-0.046452119188078456,-0.09379214631759218,-69.31414805625974,0.23643711698490338,1.075998612863941,0.8011931645645689,0.19986304364601024,0.0,0.3644911504425203,0.6355088495574797,0.0,0.23250430801677285,WIN,6,0.5025,0.4025,0.6702,-0.0637,FINAL_HOLDOUT
95101,2026-09-01 22:35:00+00:00,SHORT,DOWNTREND,77081.8,43.506582195075346,2.119740727897252,-1.6260836498446807,-10.902450028857935,-0.28933674775360174,-15.08249351947737,-0.09658174557574116,-0.01162558026078786,-0.0493786800280116,-0.3760224835198523,-94.1691860292068,0.30536821607840975,0.477806692491178,0.6335039573609825,0.041384607001923576,0.0,0.7162790697674418,0.2837209302325581,0.2837209302325581,0.13946223362713378,LOSS,12,-0.4975,-0.5975,0.0376,-0.6052,FINAL_HOLDOUT
95610,2026-09-03 17:00:00+00:00,LONG,UPTREND,80955.9,61.57101428834052,0.43500391208947775,-0.5903252809888571,-63.952047247134146,5.129567610460072,17.27984339577756,0.8286489030722018,0.026930365217969765,0.08414482798324574,0.6908161757449929,389.4585889106749,0.6084720667556581,0.8187573497978287,0.27921326772250193,0.0027020884209798175,0.8006198347107197,0.0072314049587977325,0.19214876033048253,0.9927685950412023,0.1195712727546762,WIN,24,0.5,0.4,0.5757,-0.1385,FINAL_HOLDOUT
95611,2026-09-03 17:05:00+00:00,LONG,UPTREND,80967.4,61.855296447130776,0.28428215879025487,0.7852857999611516,-59.48450022297925,4.4675470241548965,14.86353142488349,0.811125731531945,0.025715351188138058,0.08001434853537326,0.6907180574156273,389.4585889106749,0.6093315605280113,0.7981729876387934,0.3540856228804303,0.01690495186951786,0.7054840893703395,0.21665538253216404,0.07786052809749645,0.7833446174678359,0.1824190970686932,WIN,23,0.5,0.4,0.5615,-0.1527,FINAL_HOLDOUT
96132,2026-09-05 12:30:00+00:00,LONG,UPTREND,79638.5,55.484777019339305,3.530111685381634,3.2334281740305357,4.996334810951147,0.4246694497908745,0.5561863351058749,0.00464648160960359,0.0034912537133502397,0.008929183483519232,0.10350721319783818,15.531032799891364,0.8502809523839892,0.11136823228000668,1.6266980724866589,0.07386502759345247,0.5906735751294429,0.1489637305699538,0.2603626943006033,0.8510362694300462,0.09693803876265511,TIME_EXIT,48,0.3935,0.2935,0.4112,-0.1739,FINAL_HOLDOUT
96172,2026-09-05 15:50:00+00:00,LONG,UPTREND,79719.9,56.61949240456596,0.6974695342921535,2.5455957103380342,2.8819883377347892,0.6699608401526724,2.9752864926040807,0.028032738839023835,0.004585124269573804,0.013464243502969708,0.08664434084194342,24.94582615220503,0.8347024735760652,0.12762899968010574,0.7678719237679931,0.0301775340912311,0.785714285714492,0.00396825396848541,0.21031746031702264,0.9960317460315146,0.03161067688243097,WIN,13,0.5,0.4,0.5608,-0.0099,FINAL_HOLDOUT
96308,2026-09-06 03:10:00+00:00,LONG,UPTREND,79897.0,52.249098701829546,3.072719349988475,3.85472386229614,-3.994318756670932,2.3566284552915624,5.9799087216861615,0.021069886340540238,0.00146511527530091,0.00045305179507959537,0.12783657164124157,19.257136479685304,0.4731070250438198,0.19522698311097797,0.6845800241587707,0.034200282864202215,0.5659955257271713,0.0,0.4340044742728287,1.0,0.05594703180344329,TIME_EXIT,48,-0.328,-0.428,0.2356,-0.4674,FINAL_HOLDOUT
96339,2026-09-06 05:45:00+00:00,LONG,UPTREND,79970.3,57.390058364129324,-2.4863877783434774,3.853563734644837,19.804264664964382,0.7593910019146044,21.543797989169885,0.007896535587073058,0.009698752021636281,0.047818040754887825,0.13238792797833665,15.826191268355686,0.8122846180108579,0.3695774303436724,0.8643075623584218,0.04905883809364008,0.6113074204947396,0.12014134275613711,0.2685512367491233,0.6113074204947396,0.10616441353853709,LOSS,17,-0.5,-0.6,0.0,-0.5586,FINAL_HOLDOUT
96421,2026-09-06 12:35:00+00:00,LONG,UPTREND,79952.4,55.55803654641363,-2.212580519612459,-2.0822353487584238,4.880360091058622,0.6494184781738817,4.836910928081772,0.027042173519415735,0.004396130507955398,0.014008318559421973,0.11609131851459228,3.1619749834044164,0.7923131115870125,0.164555510880508,0.7335061413179537,0.0747006969146715,0.714851485148342,0.0,0.28514851485165804,0.714851485148342,0.063162581736133,LOSS,21,-0.5,-0.6,0.0113,-0.5033,FINAL_HOLDOUT
96532,2026-09-06 21:50:00+00:00,LONG,UPTREND,79900.0,54.13952479380801,-2.423019435623445,6.363494489947335,-5.534980579155018,0.6899838747465914,1.9845280393789686,0.05263638559842727,0.0020471338518568416,0.004874331545146049,0.05950502145337742,2.7641068028748648,0.5177421696444235,0.19646574108021023,0.760890790945446,0.017149561952439822,0.7058823529411492,0.06677265500790903,0.22734499205094172,0.7058823529411492,0.07872340425531187,WIN,14,0.5,0.4,0.5418,-0.3755,FINAL_HOLDOUT
96542,2026-09-06 22:40:00+00:00,LONG,UPTREND,79923.8,57.02640068413104,0.6889716970169175,9.638922022575656,10.23157132610756,7.358341761191067,32.712054603424,0.00840951376135466,0.012005958759075952,0.03523781261889347,0.06470856312826193,9.122781458147552,0.6797664667646917,0.5352935369550775,1.3483331597754509,0.0046606893065535785,0.4507845934379914,0.39657631954351785,0.15263908701849074,0.6034236804564821,0.08770854238663053,WIN,4,0.5,0.4,0.5119,-0.0259,FINAL_HOLDOUT
96591,2026-09-07 02:45:00+00:00,LONG,UPTREND,80249.9,62.149766190640975,0.889031629293207,10.32749999747071,54.42586088942357,2.9867835744389026,35.50985032824829,0.019701633940691934,0.029454287010532987,0.10866140467178376,0.11448889569422192,27.83241701736469,0.9904788684311617,0.7797701469967735,1.1150893007960418,0.024196291833380387,0.6061007957560524,0.0848806366048805,0.3090185676390671,0.9151193633951195,0.09395650337260077,LOSS,2,-0.5,-0.6,0.0,-0.5677,FINAL_HOLDOUT
96666,2026-09-07 09:00:00+00:00,SHORT,DOWNTREND,79406.9,45.649164792959795,1.1342471715136497,0.907694455608933,11.823710119724623,-0.44021182621371224,-4.8765180897414595,-0.12769372533971796,-0.003147987171103761,-0.014414075889579436,-0.02282578553725422,-60.543012908701115,0.591130091998515,0.3949539611611802,0.3029299839827914,0.11597228956173394,0.0027624309393875363,0.6712707182321785,0.3259668508284339,0.32872928176782146,0.045587977870937026,TIME_EXIT,48,-0.1962,-0.2962,0.2233,-0.2482,FINAL_HOLDOUT
96699,2026-09-07 11:45:00+00:00,SHORT,DOWNTREND,79368.4,48.45492398186981,-1.0514107524786525,-6.699404924727716,5.713034719064755,-2.017737869787126,-6.026777226817229,-0.05098278517176849,-0.0009364546788237504,-0.0005302096262260747,-0.07727446162978775,-67.16533375960387,0.49305174076572583,0.19674339558161485,1.4820237178171505,0.04271221292100406,0.10115606936414483,0.6531791907515034,0.24566473988435172,0.10115606936414483,0.04359417601968267,WIN,33,0.5025,0.4025,0.5129,-0.3092,FINAL_HOLDOUT
96849,2026-09-08 00:15:00+00:00,SHORT,DOWNTREND,79020.0,47.39943734897634,-0.26485027484861945,0.2966114795438699,5.468648236656254,-2.201995765296548,-9.691441677949172,-0.044010331858216685,-0.002622434707511001,-0.008918791972245543,-0.26594335204871117,-6.960553631434209,0.5355746870277526,0.4490044101496703,0.9139677660237451,0.02406669197669855,0.24308152580404419,0.7337322363499881,0.02318623784596775,0.24308152580404419,0.16919767147557213,LOSS,13,-0.4975,-0.5975,0.1039,-0.531,FINAL_HOLDOUT
96851,2026-09-08 00:25:00+00:00,SHORT,DOWNTREND,78970.8,43.19765094529696,-3.110668720741579,-4.466636678528005,-0.6817919417166429,-3.822938348088103,-8.352435943669445,-0.047521555748757514,-0.007930787020515861,-0.014443568922761774,-0.26610903876988906,-6.960553631434209,0.32056578246353895,0.3523866092491423,1.1128569416179905,0.02989396080576397,0.0,0.5464684014870806,0.4535315985129193,0.0,0.10218967010590888,LOSS,11,-0.4975,-0.5975,0.025,-0.5936,FINAL_HOLDOUT
97354,2026-09-09 18:20:00+00:00,SHORT,DOWNTREND,78562.7,41.42296517805878,1.1112165736630857,-3.5322902834559002,-19.93458757883843,-1.6527589792467836,-15.552952835163916,-0.11304596346221928,-0.016098056293623042,-0.05429711146149874,-0.049799165782175844,-42.92694700712019,0.04193886685403435,0.4275990444633766,0.8606908507812349,0.2902745195875404,0.16809815950934529,0.6343558282208231,0.1975460122698315,0.3656441717791768,0.10373879716455775,WIN,18,0.5025,0.4025,0.577,-0.0672,FINAL_HOLDOUT
97431,2026-09-10 00:45:00+00:00,SHORT,DOWNTREND,78135.0,45.941571226439606,0.4646711096694318,-7.617404800995253,-12.671232707573637,-5.161506625676161,-18.44304868178154,-0.01034220732533244,-0.007167843308353294,-0.013362438043995617,-0.2650312875894796,-103.47056787677583,0.21952524918815114,0.3267381452218548,0.8208913993547424,0.1599891213924707,0.24611610793135819,0.7138184791496389,0.040065412919002966,0.28618152085036114,0.15652396493249238,LOSS,27,-0.4975,-0.5975,0.286,-0.5233,FINAL_HOLDOUT
97531,2026-09-10 09:05:00+00:00,SHORT,DOWNTREND,78078.7,46.931892540559176,-4.938125927332251,-3.839299691982532,12.601556039053953,-2.560529267790727,-1.7206308717080177,-0.07572117259401799,-0.0027911842391814545,-0.0011432527416754823,-0.3092726278714327,-5.980050554107407,0.5708372907488604,0.3211790742546768,0.8189616943191375,0.19594972764658652,0.04517271922047415,0.4118689105403224,0.5429583702392035,0.04517271922047415,0.1445976943775885,WIN,23,0.5025,0.4025,0.5503,-0.1498,FINAL_HOLDOUT
97553,2026-09-10 10:55:00+00:00,SHORT,DOWNTREND,77837.0,37.2301602105096,-1.7539924370060973,-8.660706492890732,-5.755331734825766,-3.9596896568716247,-6.912167707624889,-0.10899512283833122,-0.016767539101714135,-0.036519197109896595,-0.3279780182977242,-16.191467106436477,0.11134642185825329,0.43538729211308513,1.4706922065739194,0.16120867967675517,0.0,0.841567291311793,0.15843270868820702,0.0,0.22624201857729076,WIN,19,0.5025,0.4025,0.6947,-0.2464,FINAL_HOLDOUT
97683,2026-09-10 21:45:00+00:00,SHORT,DOWNTREND,77116.1,41.56160732678344,-0.3240076939775349,-7.805385619154187,-14.896642451475978,-1.513861197611865,-6.987310682918286,-0.0019358889705579183,-0.009525630888251868,-0.02641312782659666,-0.6570200942801528,-23.613345633666427,0.00016481212628524246,0.25797311947058316,1.1694436739275982,0.14458718737073062,0.2202111613877101,0.7285067873303287,0.051282051281961234,0.2202111613877101,0.08597426477739785,WIN,15,0.5025,0.4025,0.5858,-0.0861,FINAL_HOLDOUT
97729,2026-09-11 01:35:00+00:00,SHORT,DOWNTREND,76745.8,44.54357786327346,2.2416489728819613,-6.402253033390039,-3.8559855708171473,-4.707733669084989,-24.11872969901211,-0.07641733774284072,-0.008309285498542263,-0.02717789932437098,-0.7540197164352707,-32.41770697522708,0.31736245025211574,0.42644530500881167,1.5340763422020458,0.06990610561098351,0.009269988412464368,0.8406720741598992,0.1500579374276364,0.15932792584010075,0.2248983006236058,LOSS,34,-0.4975,-0.5975,0.1053,-0.5474,FINAL_HOLDOUT
98063,2026-09-12 05:25:00+00:00,SHORT,DOWNTREND,77157.4,40.59477239505452,-4.068986137986094,-4.781808870387245,-4.471155505430813,-1.0320305914265493,1.7787029365235814,-0.02538294158884739,-0.006318476618760727,-0.011106436508467876,-0.277382813061386,-23.650475963897847,0.1076375338113633,0.1849935081430491,1.6587321837149125,0.020147127819253638,0.0,0.43813387423914796,0.561866125760852,0.0,0.06389536194843645,TIME_EXIT,48,-0.2322,-0.3322,0.0067,-0.2496,FINAL_HOLDOUT
98069,2026-09-12 05:55:00+00:00,SHORT,DOWNTREND,77177.7,44.35707790471741,-3.8630586724382,-4.1678491157129045,1.2247962947180788,-0.974762725415415,0.5472098353579256,-0.023127532119476893,-0.0029481706769751703,-0.0036767801562476166,-0.2773098532413195,-23.650475963897847,0.30244745053402106,0.13959870972625757,3.20541147327009,0.006161106122610683,0.017429193899842228,0.5359477124183255,0.44662309368183223,0.017429193899842228,0.05947313796603,TIME_EXIT,48,-0.184,-0.284,0.004,-0.2233,FINAL_HOLDOUT
98072,2026-09-12 06:10:00+00:00,SHORT,DOWNTREND,77178.4,44.773682784712086,-1.3203758855687155,0.4166048799946793,0.5866792806165719,-0.21796993289835243,-0.6381170141015069,-0.02415703634195337,-0.0021721160967214104,-0.006467486912009601,-0.277463405710711,-21.148409132571018,0.3564455601998364,0.12665462327155363,0.3224789650249393,0.017663620909486314,0.11715481171502261,0.6150627615063041,0.2677824267786732,0.11715481171502261,0.030967213624529893,TIME_EXIT,48,-0.242,-0.342,0.0,-0.2473,FINAL_HOLDOUT
98231,2026-09-12 19:25:00+00:00,SHORT,DOWNTREND,77093.2,36.547198669216854,-1.6150359309651705,-6.533424010595212,3.475548124871466,-1.0775578314203926,-1.5566762998926507,-0.0872316077826939,-0.007322527731934425,-0.018750750304430408,-0.18374907834699303,-6.15289048398866,0.08018728904675,0.1280490875557867,3.087476671266958,0.020543316401457887,0.047337278106461746,0.7677514792900039,0.18491124260353436,0.047337278106461746,0.08768607347989943,TIME_EXIT,48,-0.1649,-0.2649,0.0884,-0.2367,FINAL_HOLDOUT
98409,2026-09-13 10:15:00+00:00,SHORT,DOWNTREND,76740.0,41.47849208984209,-2.427208693530183,-1.2727007979354497,20.714502047433285,-1.2690223301994337,2.3186118953146178,-0.17352411027914966,-0.005164205848962045,-0.009646521680284348,-0.20455513130444355,-42.215977273802025,0.49411847874604925,0.3511630650665487,0.19244775387308025,0.015800104248110503,0.0,0.3942307692309239,0.6057692307690761,0.0,0.054209017461566096,TIME_EXIT,48,-0.3612,-0.4612,0.3676,-0.4428,FINAL_HOLDOUT
98588,2026-09-14 01:10:00+00:00,SHORT,DOWNTREND,76721.1,45.95313874519636,-4.257550988160098,-2.810054075138119,12.04046387945862,-4.110077785644911,-1.6533350565481015,-0.13360920593463263,-0.0062480784707164005,-0.002732551911122094,-0.1611542242582733,-23.98947035420634,0.38171916936288997,0.5156289227840828,1.1103899990310797,0.04802785674343686,0.0479942693410556,0.4161891117478754,0.535816618911069,0.0479942693410556,0.18195776650752638,LOSS,9,-0.4975,-0.5975,0.1454,-0.5547,FINAL_HOLDOUT
98658,2026-09-14 07:00:00+00:00,LONG,UPTREND,77675.0,55.160653541479086,6.284076802809004,2.1909998731523075,-0.1510402107882527,6.497262005430326,2.9930565437587724,0.0940890775257281,0.011374695890786768,0.006592737330834986,0.023769932991967727,68.66432721181421,0.7302234666588093,0.5059119553440554,0.98560272063474,0.14826520759576203,0.3797533401850284,0.0,0.6202466598149716,1.0,0.2505310588992672,WIN,34,0.5,0.4,0.861,-0.1481,FINAL_HOLDOUT
98683,2026-09-14 09:05:00+00:00,LONG,UPTREND,77771.1,54.699219881684066,3.2791149385836036,8.672736435602204,-6.8748776484636345,6.279411111676172,12.949142777620406,0.08061682610300995,0.008395927992688179,0.009915607772059687,0.09085274940418737,74.85217172143848,0.6285935763452486,0.3541306149615327,0.7368724492118156,0.04346087428361995,0.37886792452827994,0.199245283018824,0.42188679245289606,0.800754716981176,0.17037177049058067,WIN,9,0.5,0.4,0.7364,-0.2699,FINAL_HOLDOUT
98763,2026-09-14 15:45:00+00:00,LONG,UPTREND,78512.8,56.04550641723243,-0.2701660371865984,0.18930681012057704,-16.735115783885547,2.634022477697684,3.4800511571166197,0.24774598676410542,0.015030806332827495,0.036348226483107204,0.27899897221289566,78.97113514935393,0.6549301913426436,0.47638706754886573,0.8396447705080267,0.11964609592321253,0.8673960612691338,0.10196936542670858,0.030634573304157548,0.8673960612691338,0.291035347102638,WIN,19,0.5,0.4,0.5734,-0.1697,FINAL_HOLDOUT
98819,2026-09-14 20:25:00+00:00,LONG,UPTREND,79405.6,65.8340975970155,-0.05469634052036554,9.172431211932263,28.735217794328136,8.489321416545039,46.186625458134856,0.22763419735765206,0.03702353066206143,0.1167971796927958,0.5589014699137514,122.82933482388705,1.0144999156468466,0.7194095948344039,1.3834780296995055,0.39086978752128015,0.7348586810229297,0.25841184387612837,0.006729475100941863,0.7348586810229297,0.1871404535700326,LOSS,7,-0.5,-0.6,0.0725,-0.8591,FINAL_HOLDOUT
99023,2026-09-15 13:25:00+00:00,SHORT,DOWNTREND,76913.3,47.83900059300624,1.5922043542458155,-2.742370619226783,-2.0703237821282148,-1.7800861718935361,-12.066143706710411,-0.040097317453452776,-0.003511655640020539,-0.014657863703204654,-0.1427435608608506,-139.24219264279924,0.4367715905065885,0.288857264984911,1.4146679603165755,0.009195418737714752,0.18575553416750715,0.6169393647737715,0.19730510105872134,0.38306063522622846,0.13508716957924594,WIN,2,0.5025,0.4025,1.1152,-0.0,FINAL_HOLDOUT
99109,2026-09-15 20:35:00+00:00,SHORT,DOWNTREND,75716.7,41.08905588127804,1.730314448516971,-3.5380161078207024,-12.524923659571328,-1.4073453112793146,-25.518242708869934,-0.2652920468871069,-0.03179325618859474,-0.11545243578438003,-0.5142889547876338,-82.71350714523913,0.08994835486757567,0.7090626390950072,0.6077942989055853,0.6463237304319919,0.06152889993781564,0.6289620882535784,0.309509011808606,0.3710379117464217,0.21250265793410725,WIN,19,0.5025,0.4025,0.5777,-0.3491,FINAL_HOLDOUT
99147,2026-09-15 23:45:00+00:00,SHORT,DOWNTREND,75620.0,47.556564151113726,-1.055648502802697,-0.33197130941413633,2.202411050404561,-5.089409495883539,-26.656083347462417,-0.12355981651862602,-0.005685394479904016,-0.024430737107261624,-0.7025105757952558,-103.57852129665747,0.5137672241566,1.0461823050279633,0.3956379182821176,0.1282564136471679,0.12935323383078273,0.5721393034826285,0.2985074626865888,0.12935323383078273,0.10632107907960087,LOSS,33,-0.4975,-0.5975,0.2845,-0.55,FINAL_HOLDOUT
99162,2026-09-16 01:00:00+00:00,SHORT,DOWNTREND,75681.3,48.014422586390786,-2.810099856754391,-6.529244339394758,-4.233007614332422,-5.967529775311313,-18.258888740404917,-0.030802952162444247,-0.005784393070251692,-0.008714561061395898,-0.7731583492457991,-66.46502370994006,0.4221549385517517,0.42887082128010534,1.439492852174975,0.06757283503322407,0.17188358045031252,0.5387149917627825,0.28940142778690503,0.17188358045031252,0.24061426006160813,LOSS,19,-0.4975,-0.5975,0.3658,-0.5485,FINAL_HOLDOUT
99171,2026-09-16 01:45:00+00:00,SHORT,DOWNTREND,75555.9,42.94985794701952,-2.8867604345409035,-2.6265076120433477,-26.011838616945965,-4.905291860334529,-22.792989767167892,-0.0422405551616563,-0.019886505823052403,-0.060278012443926166,-0.7744415588561064,-66.46502370994006,0.04811871446538162,0.519670269208215,1.0771972615536247,0.20610567804765192,0.09487534626036193,0.4168975069252632,0.4882271468143749,0.09487534626036193,0.19111677579118075,LOSS,9,-0.4975,-0.5975,0.1995,-0.6353,FINAL_HOLDOUT
99641,2026-09-17 16:55:00+00:00,LONG,UPTREND,76732.7,55.18566976505505,4.239032676482253,2.0164866608505747,0.10738943834412851,5.912912374893558,0.859519118063659,0.05024084611664017,0.012660582263768205,0.009107606074776342,0.0018963637245724497,35.293734443462256,0.7101390234993555,0.5783621491486005,0.9174083733904606,0.04038369560826468,0.45779601406796755,0.0,0.5422039859320325,1.0,0.2223302451236452,TIME_EXIT,48,-0.264,-0.364,0.2755,-0.4026,FINAL_HOLDOUT
99647,2026-09-17 17:25:00+00:00,LONG,UPTREND,76898.0,60.54742250751195,1.0747493776708126,4.597785422248997,19.36528171232618,1.3831635399536566,2.657521159214994,0.10613868445543857,0.022043145508798823,0.05891245893137054,0.026450827794853343,34.799089477258576,0.9304038601808271,0.5015608689185725,1.3166416639467047,0.2752964966579037,0.6621118012422722,0.022360248447241122,0.3155279503104867,0.9776397515527588,0.10468412702541029,LOSS,14,-0.5,-0.6,0.0599,-0.6055,FINAL_HOLDOUT
99648,2026-09-17 17:30:00+00:00,LONG,UPTREND,76927.6,61.81816829868087,1.2707457911689133,4.549912412789233,20.65405241952144,1.2887707071952619,4.447231649806518,0.11579281231875976,0.02361303523699121,0.06655378745914486,0.026440650114765474,34.799089477258576,0.9372839576041551,0.5495467979682934,1.5136661318484679,0.2515092112583916,0.731289449954874,0.0009017132551061687,0.2678088367900198,0.9990982867448939,0.14416152330242224,LOSS,13,-0.5,-0.6,0.0214,-0.6437,FINAL_HOLDOUT
99791,2026-09-18 05:25:00+00:00,LONG,UPTREND,77567.9,65.05201706569883,3.901164030987239,2.425465785336783,1.5831374450836648,3.3859164921620675,1.7877475101480371,0.2966524338799874,0.025711086105517644,0.06333872875929902,0.2038131643670458,85.10658182457291,0.9346640593204765,0.5862275752141739,1.431600445378601,0.0966927040695988,0.4117321527393214,0.09850581073604425,0.48976203652463435,0.9014941892639557,0.2329571897653502,WIN,31,0.5,0.4,0.5094,-0.2624,FINAL_HOLDOUT
99793,2026-09-18 05:35:00+00:00,LONG,UPTREND,77609.8,65.77134795584627,-1.8522274439586397,4.6204949211346715,7.147509452843266,0.38858256053570983,8.950288499921669,0.30622486730084353,0.025428717584574656,0.08241896746807864,0.20370312966025644,85.10658182457291,0.8890881435085779,0.707641034782317,1.231376589164195,0.1456645939043818,0.6375502008032221,0.24698795180721791,0.11546184738955992,0.6375502008032221,0.2566686165922307,WIN,33,0.5,0.4,0.5472,-0.3162,FINAL_HOLDOUT
99848,2026-09-18 10:10:00+00:00,LONG,UPTREND,78158.6,57.419842788032156,2.345715864299315,-1.1700084413214498,-20.08517036063367,3.345394532400533,5.8247938740427685,0.2559207251510035,0.010597168099102383,0.025621118217933336,0.49357547077444697,144.76349020771744,0.5588256765925788,0.7129327563724328,0.8780536089613248,0.2578507035694103,0.5617673579801443,0.01983769161403892,0.41839495040581676,0.9801623083859611,0.14189097552925553,WIN,41,0.5,0.4,1.0009,-0.3008,FINAL_HOLDOUT
99917,2026-09-18 15:55:00+00:00,LONG,UPTREND,80688.7,61.05729352044546,0.39425911753649956,1.7956830437177516,-107.83547308130863,1.614721754153038,-7.956942611627085,0.920265470378914,0.01891169154246697,0.05485895003392027,0.947879013658638,301.97181510437895,0.3769140221553913,0.6727949160145815,0.48635085068533235,0.1315518777722363,0.6110044785668473,0.2853486884197376,0.10364683301341515,0.7146513115802624,0.19370742123742596,WIN,7,0.5,0.4,0.6863,-0.071,FINAL_HOLDOUT
99923,2026-09-18 16:25:00+00:00,LONG,UPTREND,81018.7,68.65960745530029,1.465822983541699,2.020631558890912,-47.93099713119676,9.440433530422695,28.383351758044114,0.8321234768580269,0.040075521485505305,0.11278526057481031,1.095474541545641,334.8670308064211,0.8719730885496741,0.7022029018044328,1.0983678768129312,0.28521810396857417,0.7144226161954641,0.00047915668426364233,0.28509822712027233,0.9995208433157363,0.2575948515589575,LOSS,11,-0.5,-0.6,0.2762,-0.5112,FINAL_HOLDOUT
99977,2026-09-18 20:55:00+00:00,LONG,UPTREND,81085.7,52.24045399068579,1.1736926060551056,-1.9944203851357614,-11.382012014676533,3.401271712745931,8.09865804668916,0.1847437740949513,0.003719288818126998,0.005556996005151582,1.5526888317334513,268.28050231938096,0.4855968182133362,0.4353725169296945,0.34922886795902913,0.16305587791683498,0.4044943820224719,0.0022471910113667586,0.5932584269661614,0.9977528089886333,0.05488020699087509,WIN,48,0.5,0.4,0.6885,-0.3491,FINAL_HOLDOUT
99987,2026-09-18 21:45:00+00:00,LONG,UPTREND,81195.2,54.9593940889005,0.543516924270115,2.912222189719863,4.107053482411601,0.06378728512903109,4.1001923637969355,0.16654091747108082,0.00869392247655476,0.03048731565689078,1.6246123584834726,223.42677926943975,0.7690077161047139,0.3937618929180896,0.6823157780439033,0.07607284667074131,0.8160919540229885,0.05287356321845771,0.13103448275855378,0.9471264367815423,0.1071491910851873,WIN,38,0.5,0.4,0.5527,-0.4835,FINAL_HOLDOUT
100041,2026-09-19 02:15:00+00:00,LONG,UPTREND,81319.8,55.51235736073079,-1.4300564139810064,3.462778610625861,3.5211861629631755,0.6424135737147552,10.7755171534888,0.09197216319263492,0.009975155880237452,0.037876457970509314,1.8282351749895644,26.364399942993487,0.5677392564832117,0.6355594846140348,0.18480917161534544,0.3016362558687965,0.5559701492537252,0.0,0.4440298507462747,0.5559701492537252,0.06591260676982214,LOSS,28,-0.5,-0.6,0.1146,-0.5301,FINAL_HOLDOUT
100605,2026-09-21 01:15:00+00:00,LONG,UPTREND,81796.1,68.48587312603694,1.076857650747968,8.533535296990578,5.353935583972174,2.3892148724814604,9.946577138098718,0.25037536904741875,0.030085455369932568,0.08928485016661547,0.46232015181232494,75.35617877262827,0.7878061521378432,1.038375556923753,0.5098156651936717,0.1312654270802763,0.7912727272726426,0.0,0.2087272727273574,1.0,0.1681009241271894,LOSS,3,-0.5,-0.6,0.3714,-0.6933,FINAL_HOLDOUT
100720,2026-09-21 10:50:00+00:00,LONG,UPTREND,84246.8,57.9314118132827,1.520299466523852,2.618685099499565,-141.1651280941291,6.711777879052363,3.64484951595756,0.8904896832939937,0.006073111787463503,0.010872781027981837,0.8299461261869898,311.5201502376449,0.3116342314449178,1.3568615533496766,0.2498749079451076,0.7950272295208708,0.5349329569512822,0.08680310515174242,0.37826393789697543,0.9131968948482576,0.1681962994440283,WIN,7,0.5,0.4,0.5092,-0.0145,FINAL_HOLDOUT
100761,2026-09-21 14:15:00+00:00,LONG,UPTREND,85374.9,60.43290172024943,3.3672619866423332,3.351178340861317,-9.543766983677955,5.78591791169552,-1.6173587476741318,0.4657468865426024,0.02342198297309306,0.043266966781563276,1.4026712617308021,415.29577506413693,0.792776052934263,0.6604472828508494,1.1357547576012006,0.09832515177176482,0.36688051323174337,0.21210906174822325,0.4210104250200334,0.7878909382517767,0.2921233289878041,WIN,3,0.5,0.4,0.6853,-0.0877,FINAL_HOLDOUT
100813,2026-09-21 18:35:00+00:00,LONG,UPTREND,85910.7,53.06989184039505,2.6076645638295233,0.7706814454538957,0.03738195543827061,0.42654149409977293,-7.705531631803375,0.16074388374102427,0.004928192783593133,0.005583730352776151,1.8305475437641352,282.8293883449146,0.6361675572818063,0.38256406292121786,1.6608068483569332,0.12633467076858754,0.6578818936065992,0.08687164470475069,0.25524646168865006,0.9131283552952493,0.23850346930009203,WIN,9,0.5,0.4,0.6109,-0.0814,FINAL_HOLDOUT
100815,2026-09-21 18:45:00+00:00,LONG,UPTREND,85949.1,54.933929700302876,3.1573130126711533,4.471702423737348,1.4149968827686834,2.832143201860397,1.8041564214301857,0.15441111116246214,0.008535676247878321,0.015372261356838557,1.829729698950396,282.8293883449146,0.7707198350310527,0.3639242096023873,0.7523875200973446,0.17609259433781832,0.43397968605723675,0.0,0.5660203139427633,1.0,0.12600480982349194,WIN,7,0.5,0.4,0.5659,-0.0408,FINAL_HOLDOUT
101473,2026-09-24 01:35:00+00:00,SHORT,DOWNTREND,84247.4,45.50673819201645,-6.047308832451982,-0.8383707104196603,2.885826453521645,-0.6504355688554355,3.7193661717356648,-0.05205189792664753,-0.006219128283857511,-0.015609440253894213,-0.1844096994353304,-53.221017588804784,0.3078560457410671,0.2957985458225454,1.9703316261781771,0.042446413776578644,0.03192019950121785,0.5042394014962884,0.46384039900249374,0.03192019950121785,0.23798954033002803,WIN,6,0.5025,0.4025,0.6167,-0.0,FINAL_HOLDOUT
101477,2026-09-24 01:55:00+00:00,SHORT,DOWNTREND,84070.7,37.52179406358398,-2.1129104611627127,-0.49019713420776867,-16.310217537144986,-2.1029565426326897,-9.740468734078824,-0.08930261482962583,-0.019777951184096754,-0.05892909725724316,-0.18479729218631527,-53.221017588804784,0.020039151461363525,0.41481638969088663,1.0363695166811384,0.29219751946872874,0.1286727456939966,0.43870314083084283,0.43262411347516055,0.1286727456939966,0.11740118733399042,TIME_EXIT,48,0.1583,0.0583,0.4333,-0.4532,FINAL_HOLDOUT
101596,2026-09-24 11:50:00+00:00,SHORT,DOWNTREND,83397.8,45.939915940721946,0.13811338207042212,-2.5696639196918625,6.515193528370748,-4.419299405604438,-18.02237753597366,-0.13978916824937787,-0.004365346518120372,-0.012059229858119025,-0.5188228647890732,-29.802232836869393,0.46168862545063366,0.5164725676365572,0.5618365650532868,0.1402614937084741,0.43222748815171397,0.5516587677724842,0.016113744075801798,0.44834123222751576,0.12650213794608492,LOSS,17,-0.4975,-0.5975,0.1162,-0.5604,FINAL_HOLDOUT
101928,2026-09-25 15:30:00+00:00,SHORT,DOWNTREND,83704.1,44.96053807152358,-0.6840038007561446,-0.7648457834574103,25.179001797385865,-8.089220539576345,-19.826025577750613,-0.2349764481807516,-0.014495287036686566,-0.029048591384706057,-0.14847292271910897,-16.894684708836778,0.48516533145639507,0.8720626595552179,0.48490685208821455,0.018284647944357583,0.06628242074927954,0.7815561959654515,0.15216138328526904,0.06628242074927954,0.20727777970254743,TIME_EXIT,48,-0.3104,-0.4104,0.4567,-0.4613,FINAL_HOLDOUT
102356,2026-09-27 03:10:00+00:00,LONG,UPTREND,84449.8,57.26813556418915,1.2553964909818305,4.5487164723475075,-6.21136119418869,0.6790421497533075,1.8358647336216407,0.07690262624685186,0.0033847330011216314,0.010059618297897366,0.012440492713153183,47.71343823219938,0.5612472010551787,0.20776711483180454,0.45565580520321647,0.05155429616175032,0.43209876543178827,0.018518518518684864,0.5493827160495269,0.9814814814813151,0.0191829939206625,TIME_EXIT,48,0.0477,-0.0523,0.2252,-0.2257,FINAL_HOLDOUT
102697,2026-09-28 07:35:00+00:00,SHORT,DOWNTREND,82887.0,38.358093022978544,-3.1757784053697407,-0.7629419859390012,-13.972262752074428,-4.420606042678777,-13.874132704355368,-0.19160325845251847,-0.021919633312172948,-0.05963871549904409,-0.2537721136431384,-160.98749730250003,0.000594672116165296,0.4605487524699966,1.3477735226987995,0.23538069902397943,0.059413027916986993,0.41803865425909376,0.5225483178239193,0.059413027916986993,0.16854271478036012,TIME_EXIT,48,-0.1818,-0.2818,0.4063,-0.2811,FINAL_HOLDOUT
102701,2026-09-28 07:55:00+00:00,SHORT,DOWNTREND,82914.4,41.75677345827267,-4.959766442997633,2.1235790034888,-3.8850226381188406,-0.6143373223201962,10.42865995993671,-0.18855026118575796,-0.01361176527362451,-0.028336910068538224,-0.2536882517818233,-160.98749730250003,0.19263919705242055,0.4697414837059234,1.7055369213590654,0.027709300193941973,0.0814383923849482,0.4040190375463055,0.5145425700687463,0.0814383923849482,0.22806653609023986,TIME_EXIT,48,-0.1687,-0.2687,0.4395,-0.248,FINAL_HOLDOUT
102930,2026-09-29 03:00:00+00:00,SHORT,DOWNTREND,82882.2,41.39505656939833,-2.7804171108461304,-5.041487013299047,12.287543293086259,-4.319714548444011,-7.684427905940069,-0.17521807983021848,-0.012525110800765127,-0.02786134320365008,-0.36317267015836263,-13.63362034442585,0.3104876926595339,0.3473507192989053,1.5612821661562624,0.05047826915792382,0.12231620039038052,0.5289525048796145,0.34873129473000497,0.12231620039038052,0.1854439192010005,LOSS,27,-0.4975,-0.5975,0.0619,-0.5136,FINAL_HOLDOUT
103106,2026-09-29 17:40:00+00:00,SHORT,DOWNTREND,83088.8,44.00126920569109,-0.5658660318302111,-3.130779376887098,32.70980663429066,-3.791926009828572,-7.376975456998423,-0.27614441916992505,-0.00490339117691363,-0.008582002747659079,-0.08676521970245984,-55.818977463184844,0.5193039769890891,0.38751127321044987,0.24480336029692137,0.10574529900540496,0.0,0.8374384236454002,0.16256157635459975,0.0,0.07329507707415943,LOSS,10,-0.4975,-0.5975,0.1868,-0.5551,FINAL_HOLDOUT
103620,2026-10-01 12:30:00+00:00,LONG,UPTREND,83929.3,56.07130850239167,4.709093140114348,-0.16700105410118482,-6.214640683523648,1.322776154287574,-6.857051177561949,0.07630991487376576,0.006856424191603594,0.009070683912271171,0.05068849813600167,3.4384009640318887,0.7162188540346323,0.25814670504879295,1.5050716894070522,0.03739754769788034,0.533952823445368,0.0,0.466047176554632,1.0,0.16668791470917632,LOSS,7,-0.5,-0.6,0.1195,-0.519,FINAL_HOLDOUT
103666,2026-10-01 16:20:00+00:00,LONG,UPTREND,84294.0,58.325858406958396,-0.8577443445888022,3.9870011009342434,23.648755018302623,0.522366328675659,14.550268246622096,0.147927799018808,0.02505845588811617,0.08451427475928419,0.08424662424650432,28.93700609095516,0.8600167470149354,0.7598516437963357,0.6911103936798524,0.2694230906114466,0.7468694096600879,0.05187835420396028,0.20125223613595183,0.7468694096600879,0.1326310294920195,WIN,11,0.5,0.4,0.517,-0.3197,FINAL_HOLDOUT
103676,2026-10-01 17:10:00+00:00,LONG,UPTREND,84400.9,58.02420887477577,1.0595548358299567,6.74948699324684,4.516156797644186,4.102315239579767,18.97826701221169,0.17471308893086016,0.022133286295034083,0.06808784617609032,0.10301122600293489,38.023691112476904,0.8024303216854978,0.7305316853705833,1.2423382368793003,0.0791668098326021,0.5615962984383721,0.22903412377100726,0.20936957779062063,0.7709658762289927,0.2048556354256817,WIN,3,0.5,0.4,0.5782,0.0001,FINAL_HOLDOUT
103738,2026-10-01 22:20:00+00:00,LONG,UPTREND,84693.1,56.80232161232198,0.3371684130871131,2.8573134570584884,24.197223890611344,1.02477041181319,10.655738836182177,0.018518559298662356,0.010042630304130107,0.03376624926418881,0.2792010425064257,71.24949838898394,0.8862836739621457,0.35027625320704564,0.6366286597873885,0.23295876523589631,0.5726315789473071,0.32421052631566694,0.10315789473702591,0.6757894736843331,0.0560848522488845,TIME_EXIT,48,0.1648,0.0648,0.4581,-0.2605,FINAL_HOLDOUT
103755,2026-10-01 23:45:00+00:00,LONG,UPTREND,84800.0,60.74291022161352,0.3986314894952727,2.0029404208427906,13.460033491650954,0.2876114240233072,4.318279688021754,0.060204521614805176,0.011958255190047673,0.03740807382079936,0.3030220844180323,67.59119473047846,0.9336866917345776,0.2718376247357977,1.0093318763488903,0.1438974056603705,0.9087947882735122,0.0,0.09120521172648781,1.0,0.07240566037735163,WIN,39,0.5,0.4,0.8123,-0.3862,FINAL_HOLDOUT
104246,2026-10-03 16:40:00+00:00,LONG,UPTREND,84812.0,53.87344442600119,0.6688516130434223,6.432856406067891,-1.3168303665352523,1.563455364195316,4.378011844949706,0.026593332580991082,0.001965449614260706,0.0032256275072084506,0.015321225957181018,48.93047688701782,0.6367971629873493,0.09766827909554912,0.6595635553622728,0.056153610338159694,0.7849829351535056,0.09215017064835568,0.12286689419813868,0.9078498293516443,0.0345469980663148,TIME_EXIT,48,0.0,-0.1,0.2157,-0.1903,FINAL_HOLDOUT
104361,2026-10-04 02:15:00+00:00,LONG,UPTREND,84790.6,56.5539479073763,0.9838748835165916,-4.687728194940661,5.751690819963953,0.14663615731414126,-0.03171664468614921,0.007587919639272166,0.0036922077767176376,0.009523043918502339,0.012711873629834829,9.597600556575792,0.7921303998294743,0.1531372491589108,0.6781796456304254,0.0035440249272969604,0.7307692307692307,0.11538461538461539,0.15384615384615385,0.8846153846153846,0.04599566461376615,TIME_EXIT,48,0.1171,0.0171,0.1172,-0.0599,FINAL_HOLDOUT
104449,2026-10-04 09:35:00+00:00,LONG,UPTREND,85194.5,65.32140326738177,1.183607567952393,-0.24161499533683184,9.660221270806026,0.1526830428928676,5.787459206834271,0.10070790594306388,0.012493428407900353,0.04245186691533842,0.0644654286080941,40.70555835302339,0.9310693389086392,0.2721793242466034,0.8430473446381125,0.11574690854458344,0.6481876332623256,0.04477611940310085,0.3070362473345735,0.9552238805968991,0.05505050208641254,TIME_EXIT,48,0.0223,-0.0777,0.2298,-0.1758,FINAL_HOLDOUT
104566,2026-10-04 19:20:00+00:00,LONG,UPTREND,85364.1,60.06339849749433,2.0444446426780374,2.9153339017692446,5.5749949682672035,0.9478977428619864,2.4320707917826265,0.033686019175053275,0.005671733056877848,0.014557807023329872,0.18607348721832848,22.833743262181798,0.9795441539923012,0.13428417543207377,1.0224269975270828,0.08705357404342105,0.40517241379327645,0.0,0.5948275862067235,1.0,0.02717770116478899,WIN,17,0.5,0.4,0.5689,-0.0112,FINAL_HOLDOUT
104579,2026-10-04 20:25:00+00:00,LONG,UPTREND,85430.2,58.02855744439317,0.35205150763949433,2.552549383208131,0.5692540313934948,0.34274120908514405,4.147836174619346,0.055497108055331326,0.005259421546566223,0.01886517887690342,0.19775322888531352,23.871173700845077,0.7065142754721354,0.23885868454676012,0.781849740453888,0.0707536679066735,0.6505190311421002,0.2422145328720211,0.10726643598587866,0.7577854671279789,0.033828786541520654,WIN,7,0.5,0.4,0.5072,-0.0352,FINAL_HOLDOUT
105035,2026-10-06 10:25:00+00:00,LONG,UPTREND,86092.9,63.02657417449424,2.0058290021533054,-3.4398944898153445,2.4401342136451234,1.9634578841094168,2.6272077608151108,0.18253118737417046,0.019007247572710995,0.0508875626961558,0.10515397007864978,20.71289500550104,0.8949652136946983,0.41877837503978266,0.7299169960298579,0.33194665297603076,0.623353819139628,0.0,0.376646180860372,1.0,0.13229894683533042,TIME_EXIT,48,-0.1285,-0.2285,0.4264,-0.2138,FINAL_HOLDOUT
105050,2026-10-06 11:40:00+00:00,LONG,UPTREND,86280.1,63.547023394747406,-1.3962545444823675,5.305096641567204,5.366377453961235,0.32967678914397425,7.391227345270337,0.20349011210253287,0.018157538401530893,0.05922903560562354,0.1289641068458383,45.23435627855057,0.897271125899391,0.4335188159869414,0.716236227532707,0.05662661494366929,0.8329135180521141,0.02686817800165351,0.14021830394623236,0.8329135180521141,0.13803878298704544,TIME_EXIT,48,-0.2749,-0.3749,0.446,-0.4303,FINAL_HOLDOUT
