DATA_INDEX,PAIR,TIME,SIDE,REGIME,ENTRY_PRICE,RSI_5M,RSI_CHANGE_3,MACD_HIST_5M,MACD_CHANGE_1,MACD_CHANGE_3,EMA_DISTANCE_PCT,EMA20_SLOPE_1,EMA20_SLOPE_3,H1_EMA_DISTANCE_PCT,MACD_HIST_1H,BB_POSITION,VOLUME_RATIO,POC_DISTANCE_PCT,LOWER_WICK_RATIO,UPPER_WICK_RATIO,CLOSE_POSITION,OUTCOME,EXIT_PRICE,EXIT_BARS,RAW_RETURN_%,NET_RETURN_%,MFE_%,MAE_%,DATASET
116,B-BTC_USDT,2025-10-07 02:45:00+00:00,SHORT,DOWNTREND,124379.6,37.83112170918739,-5.095236223173714,-13.507187878736062,-1.0569594514178533,-4.434292282124133,-0.11618471039764305,-0.014060349271005634,-0.04117151263415275,-0.10375341035028837,-85.13567665439513,0.12351897784946712,0.3507451440805045,0.05301507609439075,0.0,0.7317275747509143,0.0,WIN,123757.702,46,0.5025,0.4025,0.5329,-0.2028,DISCOVERY
155,B-BTC_USDT,2025-10-07 06:00:00+00:00,SHORT,DOWNTREND,124357.4,48.54653552380823,2.1238025627371044,-8.548313112142514,-0.44071576381276323,-11.867727693062717,-0.0351823253020918,-0.0019584592993782124,-0.012792234181779882,-0.21329777250483536,-96.87714142805174,0.3065742986814346,0.490311030911527,-0.16259242288400078,0.288702928870264,0.5941422594143312,0.40585774058566876,WIN,123735.613,7,0.5025,0.4025,0.515,-0.0425,DISCOVERY
292,B-BTC_USDT,2025-10-07 17:25:00+00:00,SHORT,DOWNTREND,121246.4,38.4150873802876,-2.150101919035876,27.04988657217342,-9.04262635798625,-43.95890683517297,-0.5229797182602626,-0.030457359087654456,-0.09811071978598207,-0.5931279154115928,-245.14980989817298,0.2417568722715012,0.33567080795861176,-0.2713727364270987,0.40278444551124826,0.3821411425828359,0.40278444551124826,WIN,120640.168,12,0.5025,0.4025,0.6061,-0.2398,DISCOVERY
709,B-BTC_USDT,2025-10-09 04:10:00+00:00,SHORT,DOWNTREND,121850.1,41.05868258274724,-6.513540357497547,36.53644918792858,-9.052637219828824,-21.67096964807567,-0.23271874491163397,-0.008461488783395588,-0.015133612815088071,-0.2854663628800131,-103.96895395955755,0.5185781112302223,0.9949929658509279,-0.1192727369302968,0.0006849315068891834,0.726027397260274,0.0006849315068891834,TIME_EXIT,121675.0,48,0.1439,0.0439,0.1871,-0.3044,DISCOVERY
734,B-BTC_USDT,2025-10-09 06:15:00+00:00,SHORT,DOWNTREND,121888.0,44.63348028110636,-4.210139548528794,-3.3560853985784718,-1.971628307089695,-11.640456401286837,-0.09532637854562998,-0.0055075792071646035,-0.018714375909423264,-0.3100372572376203,-110.23602687409445,0.27833480354368495,0.9336460412566848,-0.0003035564426658125,0.1414342629481864,0.789840637450274,0.1414342629481864,WIN,121278.56,26,0.5025,0.4025,0.6208,-0.206,DISCOVERY
746,B-BTC_USDT,2025-10-09 07:15:00+00:00,SHORT,DOWNTREND,121923.3,46.73219354889324,-4.118476286214523,-3.4522121213188637,-1.2419263108651322,-3.50515032694483,-0.05825319164842462,-0.003157760986016722,-0.007040190241869304,-0.32597891922957345,-114.14183050776371,0.34032979766646715,0.7887145963789217,0.0007525279453884732,0.28826728826734,0.6480186480186174,0.35198135198138253,WIN,121313.6835,14,0.5025,0.4025,0.6499,-0.0188,DISCOVERY
858,B-BTC_USDT,2025-10-09 16:35:00+00:00,SHORT,DOWNTREND,121128.7,43.959422695327525,3.4504816304815975,65.18379627615346,-3.45687814347653,-6.79592859664362,-0.3362670027728318,-0.009177272309623952,-0.02652832368987834,-0.3536924765500578,-70.06270648427233,0.49929207866348524,0.31222809140641133,0.12530055787824534,0.0,0.8919342208300576,0.10806577916994246,WIN,120523.0565,3,0.5025,0.4025,0.7365,-0.0243,DISCOVERY
1171,B-BTC_USDT,2025-10-10 18:40:00+00:00,SHORT,DOWNTREND,117411.2,32.55208618395898,-2.2763952638899525,47.88696590114915,-1.5763012402081245,-8.489416902540995,-0.7363008694911106,-0.03486516576738374,-0.10902489270718796,-0.7169874099609129,-364.8304374870845,0.1608286722048187,0.4329605714569612,-0.36572643174116093,0.22306238185259064,0.6798991808443656,0.32010081915563443,WIN,116824.144,6,0.5025,0.4025,0.6649,-0.16,DISCOVERY
1278,B-BTC_USDT,2025-10-11 03:35:00+00:00,SHORT,DOWNTREND,111850.0,43.1714415846571,-2.043973134411452,-80.25123519033279,-12.217181497204962,-59.08447432949161,-0.2253532109019155,-0.03522059059178906,-0.10506120847730838,-2.4339265279412756,-578.079320890763,0.27443385665027104,0.5815766930959774,-1.1284855219860237,0.18176885512750662,0.44438415626695693,0.18176885512750662,LOSS,112409.25,7,-0.4975,-0.5975,0.0895,-0.5663,DISCOVERY
1316,B-BTC_USDT,2025-10-11 06:45:00+00:00,SHORT,DOWNTREND,111985.6,43.59786283632873,-5.867294178361703,-30.962193488442573,-15.29686788389314,-52.51376142619526,-0.05091957261519702,-0.024886786109978853,-0.06117847429908396,-2.652984489768009,-238.8003458280309,0.19409161621156007,1.667020996331127,-0.0948329005039511,0.010946327683636485,0.6059322033898059,0.010946327683636485,WIN,111425.672,3,0.5025,0.4025,0.57,-0.0707,DISCOVERY
1912,B-BTC_USDT,2025-10-13 08:25:00+00:00,LONG,UPTREND,115217.6,53.18161025183017,-1.7672086957818323,-29.521569309056105,0.11443584707700438,-6.307582787011327,0.10833936388427468,0.0018727324970990722,0.004042636614798312,0.2494035488048197,17.95740977782475,0.3923762606534721,0.5280670976086992,0.07794811785782406,0.6795291039895539,0.10595160235445497,0.894048397645545,LOSS,114641.512,31,-0.5,-0.6,0.1377,-0.7222,DISCOVERY
2065,B-BTC_USDT,2025-10-13 21:10:00+00:00,LONG,UPTREND,115570.8,56.68087903193527,-5.424210890751041,-25.33300427227138,2.275551587697322,5.005235948327396,0.21779190890613606,0.007091431360284339,0.019009263492408834,0.36138093332055204,5.9763091770164465,0.5085305787007637,0.5508875534127109,0.023343955781630562,0.7931726907631217,0.12048192771085393,0.7931726907631217,LOSS,114992.946,31,-0.5,-0.6,0.1786,-0.5544,DISCOVERY
2077,B-BTC_USDT,2025-10-13 22:10:00+00:00,LONG,UPTREND,115684.5,57.83410369185441,-0.46910642099166466,-4.319618404646192,1.136835904655456,10.466560379478153,0.17572554960615633,0.008361922421551427,0.031146875346266256,0.3899807951168104,22.20860138744024,0.7867418049087137,1.1028467149921373,0.08647565973298808,0.4034917555770591,0.30746847720659337,0.6925315227934067,LOSS,115106.0775,18,-0.5,-0.6,0.0307,-0.5917,DISCOVERY
2212,B-BTC_USDT,2025-10-14 09:25:00+00:00,SHORT,DOWNTREND,111703.1,44.312912173741765,0.20257696246041945,12.47622759927323,-2.694458831266445,-21.254074171107973,-0.28940244335665716,-0.008606053351511989,-0.0336909872559632,-0.32765061289478314,-413.606240678489,0.40389167428202727,0.8226978627414931,0.09095748546235705,0.13673177703673392,0.6441162458313076,0.3558837541686924,WIN,111144.5845,4,0.5025,0.4025,0.5265,-0.1211,DISCOVERY
2213,B-BTC_USDT,2025-10-14 09:30:00+00:00,SHORT,DOWNTREND,111602.3,41.04265054150549,-2.6476464937818704,4.525457253159232,-7.950770346113998,-19.710222544447447,-0.2879529877304107,-0.016374283271125556,-0.038806980133254676,-0.32794654928480194,-413.606240678489,0.2132869125090394,0.7510574313890576,0.0006361916528307552,0.0,0.5730622617534662,0.0,WIN,111044.2885,4,0.5025,0.4025,0.5401,-0.0875,DISCOVERY
2261,B-BTC_USDT,2025-10-14 13:30:00+00:00,SHORT,DOWNTREND,110458.1,39.18160140025513,5.380401147062955,-38.99264659190939,-0.3461384088885353,16.90239359147725,-0.24639318393139573,-0.031092425451895167,-0.08026890559151845,-0.7248649366086849,-346.9852013901717,0.12084867831009712,2.2086991636911866,-0.10363092603677031,0.07917308115240869,0.3521002859028081,0.07917308115240869,WIN,109905.8095,1,0.5025,0.4025,0.5975,-0.0187,DISCOVERY
2545,B-BTC_USDT,2025-10-15 13:10:00+00:00,SHORT,DOWNTREND,111422.4,34.355018350776405,-6.554198223357247,-5.261819478377845,-0.7915803318413168,-10.511461382310955,-0.2672665242986839,-0.026560859574920048,-0.08462484185224328,-0.4006285208145476,-47.45598570582271,0.16284788064554462,0.42339915298424374,-0.4070178825752056,0.11697127937333775,0.8689295039164187,0.11697127937333775,WIN,110865.288,7,0.5025,0.4025,0.6835,-0.4838,DISCOVERY
2548,B-BTC_USDT,2025-10-15 13:25:00+00:00,SHORT,DOWNTREND,111379.5,34.311456008360935,-0.04356234241546986,2.6876890134570885,-1.8219318735568208,7.9495084918349335,-0.2717701513831625,-0.024213510521398085,-0.06085611803381408,-0.4007828307507831,-47.45598570582271,0.18328830331492404,0.6117687819576204,-0.1080896667103643,0.12787169484178748,0.46770697876027545,0.12787169484178748,LOSS,111936.3975,2,-0.4975,-0.5975,0.2516,-0.5225,DISCOVERY
2885,B-BTC_USDT,2025-10-16 17:30:00+00:00,SHORT,DOWNTREND,108627.8,46.845799982205634,-1.8110189307722422,130.46154588713017,-6.91872115612648,-10.061075088944335,-0.6288479716310378,-0.005087699367767318,-0.016181115398605783,-0.6825457934997534,-173.59740995509515,0.669992927744448,0.2564791887776351,-0.09489935182689431,0.18190298507463182,0.44340796019898987,0.18190298507463182,WIN,108084.661,6,0.5025,0.4025,0.7526,-0.1311,DISCOVERY
2893,B-BTC_USDT,2025-10-16 18:10:00+00:00,SHORT,DOWNTREND,107849.9,36.82025372436503,-4.379723891610709,-18.936209312501887,-9.394690274892127,-67.18378428260792,-0.6099834005164708,-0.05143676411291098,-0.17239618982831661,-0.7896093395656102,-250.43334194549846,0.13308897360073033,0.9373635089246963,-0.5864781031145125,0.2137268847794875,0.6084637268848065,0.3915362731151935,LOSS,108389.1495,6,-0.4975,-0.5975,0.2087,-0.681,DISCOVERY
2894,B-BTC_USDT,2025-10-16 18:15:00+00:00,SHORT,DOWNTREND,107761.1,35.60272527118285,-1.1867845969215978,-27.002029154699983,-8.065819842198096,-42.25311972543267,-0.618708566242938,-0.054365223257590856,-0.16737562520218185,-0.7902600132257104,-250.43334194549846,0.08457269401939119,1.0674616280330633,-0.6683318715875688,0.30285459411241006,0.49933095450489984,0.30285459411241006,LOSS,108299.9055,4,-0.4975,-0.5975,0.1251,-0.5255,DISCOVERY
2910,B-BTC_USDT,2025-10-16 19:35:00+00:00,SHORT,DOWNTREND,107751.8,40.07886123380893,-5.913711795948444,-20.921161650859347,-7.847848174335638,-41.07700958251283,-0.4248307766464525,-0.03394648959643698,-0.1032475421451795,-0.8565151012863419,-257.9607113472699,0.23851801446940654,0.7393919138576668,-0.057110262458392874,0.2437211686314505,0.6975909789851336,0.30240902101486644,LOSS,108290.559,3,-0.4975,-0.5975,0.03,-0.6944,DISCOVERY
2960,B-BTC_USDT,2025-10-16 23:45:00+00:00,SHORT,DOWNTREND,107992.2,48.84278955090474,-6.537916382405037,5.815929017079661,-4.9584382489535805,-32.619048101084765,-0.06321680937603429,-0.0027686444503460805,-0.018368870755547384,-1.1140339492023124,-231.19098316822783,0.5287811112020039,0.4744599384071274,-0.2601827162240579,0.05029745808546496,0.805300162249874,0.194699837750126,LOSS,108532.161,10,-0.4975,-0.5975,0.0988,-0.5777,DISCOVERY
3134,B-BTC_USDT,2025-10-17 14:15:00+00:00,SHORT,DOWNTREND,105291.1,47.127488566022976,-3.2285547454543817,-26.89285529535335,-6.9647076449267935,-45.7652273471848,-0.03245213176688938,-0.015708091111721334,-0.060963367394661905,-1.7693859983308438,-134.54668253081354,0.3657571146833542,0.49611056374568424,-0.06611569620415508,0.3081834010447181,0.5034822983168806,0.3081834010447181,WIN,104764.6445,3,0.5025,0.4025,0.6607,-0.0439,DISCOVERY
3738,B-BTC_USDT,2025-10-19 16:35:00+00:00,LONG,UPTREND,108369.5,56.60861211690548,4.6379307292415675,-29.107440129739985,8.120549416344787,11.953981961970086,0.1888765060314036,0.006688445161961987,0.0045745785147488505,0.031388384802721575,162.77340641460768,0.512006900791205,0.5789356805866102,-0.026361169236641554,0.41180124223595255,0.0006211180124585141,0.9993788819875414,WIN,108911.3475,6,0.5,0.4,0.5776,-0.0153,DISCOVERY
3765,B-BTC_USDT,2025-10-19 18:50:00+00:00,LONG,UPTREND,109332.0,66.13801953980166,3.7873419839066216,-3.646057539389119,3.410758048412987,9.500763345643009,0.30967566586798084,0.02386686412974015,0.0678199070137886,0.16304189407655442,194.01715478077162,1.0200384917112708,0.6764369499551288,0.1987487803593931,0.4437716262975807,0.15224913494813958,0.8477508650518605,LOSS,108785.34,9,-0.5,-0.6,0.0458,-0.5662,DISCOVERY
3931,B-BTC_USDT,2025-10-20 08:40:00+00:00,LONG,UPTREND,111256.3,56.40590858415216,-1.0367448888626356,-8.357131961289667,2.7114555509379983,31.460590436185413,0.3185888859925774,0.01053739098701989,0.05059805923985916,0.7846851600337083,240.14414056220983,0.7069691324267757,0.8538868130911015,-0.0969341597505457,0.8865030674846626,0.04110429447850975,0.9588957055214903,LOSS,110700.0185,7,-0.5,-0.6,0.0839,-0.545,DISCOVERY
3948,B-BTC_USDT,2025-10-20 10:05:00+00:00,LONG,UPTREND,110910.0,49.26158468588909,4.7830477936612965,2.5166587259176936,7.612687232161434,34.15552654056472,0.07212290404738798,5.5487635797213386e-05,0.0007460680183868362,0.8894631412323013,182.30440865740854,0.45586491862389317,0.6256462307745083,-0.41750841750841755,0.5845744680851528,0.39308510638294775,0.6069148936170522,TIME_EXIT,111023.9,48,0.1027,0.0027,0.31,-0.349,DISCOVERY
4007,B-BTC_USDT,2025-10-20 15:00:00+00:00,LONG,UPTREND,111230.0,60.02854042410693,-0.23729379411431495,27.828871123355015,0.5267111873889405,2.571826939971544,0.08821841612536611,0.02003762618691951,0.059358672475240404,0.996538121183011,22.714428095872904,0.833486031760191,0.8225443253784566,0.13396282183412403,0.4772727272727435,0.051597051597019536,0.9484029484029805,LOSS,110673.85,12,-0.5,-0.6,0.3767,-0.6563,DISCOVERY
4015,B-BTC_USDT,2025-10-20 15:40:00+00:00,LONG,UPTREND,111316.0,57.92798454941476,2.4105849039568668,8.28270831956462,0.8530836259691768,0.5231361268231183,0.12187338193005252,0.016229660428002113,0.04495279140974695,0.9957682203743065,22.714428095872904,0.7640704846903551,0.46661731749072166,0.12936689736587606,0.8029146426093275,0.0603747397640362,0.9396252602359638,LOSS,110759.42,4,-0.5,-0.6,0.2991,-0.733,DISCOVERY
4345,B-BTC_USDT,2025-10-21 19:10:00+00:00,LONG,UPTREND,112110.4,51.11502687048086,4.143176993905449,34.13111368661225,14.765680669134184,46.83718310291445,0.13441317700707978,0.007516209205915558,0.00513882854991099,0.5292338759076851,463.6069295046909,0.6471899946971018,0.30891817449080633,0.007841100587233448,0.5283505154639175,0.0,1.0,LOSS,111549.848,4,-0.5,-0.6,0.033,-0.5429,DISCOVERY
4469,B-BTC_USDT,2025-10-22 05:30:00+00:00,SHORT,DOWNTREND,107925.2,33.3526253946487,-10.268320742084391,-60.51844664404338,-10.900619134109746,-44.80840348727498,-0.10170297385340255,-0.03166205425401136,-0.0865772251886221,-0.06526976037318981,-288.27191565128675,-0.045660148038511456,1.435280524959299,-0.044420760575568194,0.14676761793824994,0.4338963308095589,0.14676761793824994,TIME_EXIT,108143.3,48,-0.2017,-0.3017,0.3413,-0.3601,DISCOVERY
4547,B-BTC_USDT,2025-10-22 12:00:00+00:00,SHORT,DOWNTREND,107422.5,40.74807556825545,-0.2476513783134564,-24.07529891473324,-6.139473049700399,-22.127321243356448,-0.14100083018257625,-0.02601668865386264,-0.07278650294376687,-0.4164200215953261,-146.16001937291765,0.22633469668721187,0.39721083295881043,0.35169451644748684,0.024739583333321328,0.6315104166666826,0.024739583333321328,LOSS,107959.6125,3,-0.4975,-0.5975,0.0308,-0.5927,DISCOVERY
4900,B-BTC_USDT,2025-10-23 17:25:00+00:00,LONG,UPTREND,110148.4,57.13523138368908,5.452157811108144,1.3277544530060652,7.168224834951701,18.12042154683219,0.1894876238546156,0.021811155037454455,0.05546800660225504,0.18697084156392338,134.71232505668513,0.7866725395359062,0.3656631908422851,-0.16160639997419735,0.5486005089058672,0.008142493638706467,0.9918575063612936,WIN,110699.142,2,0.5,0.4,0.6654,-0.0925,DISCOVERY
5049,B-BTC_USDT,2025-10-24 05:50:00+00:00,LONG,UPTREND,111195.5,59.86812603492169,2.800474741613158,-6.0482261343834125,0.1115836572565172,5.3097158959829756,0.23505185162546524,0.01837362974546064,0.05783830778578469,0.4826043714157603,51.99794334718217,0.6971685355515812,0.657652036229586,-0.01747966595135719,0.5919637804187828,0.1403508771929897,0.5919637804187828,TIME_EXIT,111266.9,48,0.0642,-0.0358,0.2728,-0.492,DISCOVERY
5063,B-BTC_USDT,2025-10-24 07:00:00+00:00,LONG,UPTREND,111438.2,64.1888835515781,5.338349306666707,1.6010168701320424,0.911184588443632,3.0492695501170317,0.236164242064879,0.018452661246226576,0.05450686760126722,0.5680415622724877,91.67326060356129,0.8780245361600221,0.7734107849495719,0.2840670372560483,0.6651501364876719,0.10737033666973189,0.892629663330268,LOSS,110881.009,8,-0.5,-0.6,0.0544,-0.5341,DISCOVERY
5335,B-BTC_USDT,2025-10-25 05:40:00+00:00,LONG,UPTREND,111229.1,59.25192538790939,8.439442493997525,-2.509386688368096,3.739142610447523,17.046441655403513,0.06890529730516556,0.007028585228519013,0.021755949536550467,0.4213089533147258,0.060523445358967365,0.6157543272524888,0.4526686531846366,-0.09588555277184035,0.7794486215541443,0.19799498746855468,0.7794486215541443,WIN,111785.2455,40,0.5,0.4,0.5017,-0.0262,DISCOVERY
5338,B-BTC_USDT,2025-10-25 05:55:00+00:00,LONG,UPTREND,111334.7,66.94822161112725,7.696296223217864,9.826291251088016,5.229747543961629,12.335677939456112,0.0792245963016654,0.01365642433530656,0.03200960028764133,0.4209093454164692,0.060523445358967365,0.927526088803747,1.9461564398161866,0.01601060000986352,0.3979963570127134,0.019125683060161797,0.9808743169398382,TIME_EXIT,111471.0,48,0.1224,0.0224,0.4084,-0.121,DISCOVERY
5340,B-BTC_USDT,2025-10-25 06:05:00+00:00,LONG,UPTREND,111357.0,68.41070429453023,5.989617769397576,14.68162033743274,1.4785612507366892,10.085076630306354,0.0884431109256167,0.012961026519309193,0.04028747627451423,0.43205191050427855,16.74676767891887,0.919030188425683,1.2146004882134653,0.03669728067311511,0.9174528301886821,0.0,1.0,TIME_EXIT,111404.0,48,0.0422,-0.0578,0.3883,-0.141,DISCOVERY
5353,B-BTC_USDT,2025-10-25 07:10:00+00:00,LONG,UPTREND,111399.9,62.243826954577614,6.366342183887795,4.2943098564385025,0.7423758164779315,7.433298143088265,0.09047161567881293,0.008678456148536462,0.029279330847531426,0.4387205178965243,22.82234471190793,0.8432524182643985,0.5335119219147186,0.09771666480218777,0.7876447876447399,0.003861003861229469,0.9961389961387705,TIME_EXIT,111485.4,48,0.0768,-0.0232,0.3496,-0.0645,DISCOVERY
5356,B-BTC_USDT,2025-10-25 07:25:00+00:00,LONG,UPTREND,111588.0,69.20515744234639,6.961330487768777,24.828097658310185,2.209588195134046,20.533787801871682,0.11603323632545383,0.019765297674556592,0.06357594081838336,0.4379809820197604,22.82234471190793,1.014322807674095,2.2083265451534055,0.060331839238750566,0.6069686411150231,0.0,0.6069686411150231,TIME_EXIT,111589.9,48,0.0017,-0.0983,0.1805,-0.233,DISCOVERY
5358,B-BTC_USDT,2025-10-25 07:35:00+00:00,LONG,UPTREND,111617.5,68.69859229457089,-6.664504768550671,22.60651460038156,0.6844468183154646,-0.011994862794580285,0.12650407878086786,0.019003280752061258,0.05343371220989379,0.43786522562878594,22.82234471190793,0.949928257581498,2.0627712864451007,0.000987758093512736,0.5078344716753601,0.2217758135797444,0.7782241864202556,TIME_EXIT,111573.9,48,-0.0391,-0.1391,0.154,-0.2594,DISCOVERY
5686,B-BTC_USDT,2025-10-26 10:55:00+00:00,LONG,UPTREND,112425.2,61.425633596214944,1.3808380932203832,-10.606529371267897,0.5265844838815497,8.171937377391998,0.21355424417506202,0.014447578382292825,0.049684723810150544,0.35708203640798714,45.513177794822184,0.6732995911170085,0.1900791597092817,-0.07930094296798461,0.8291873963515355,0.056384742952049205,0.9436152570479508,WIN,112987.326,9,0.5,0.4,0.8276,-0.0502,DISCOVERY
5688,B-BTC_USDT,2025-10-26 11:05:00+00:00,LONG,UPTREND,112448.8,62.37237793983013,1.2013327804356635,-9.857004426471406,0.16054995743451173,1.2761094286780406,0.21325157515023752,0.013700565499097372,0.0425302618354273,0.38510315737665995,72.98819154027984,0.7969247541807617,0.5635646188606982,-0.05832585466263548,0.5272058823529198,0.4117647058823529,0.5882352941176471,WIN,113011.044,7,0.5,0.4,0.8064,-0.0383,DISCOVERY
5718,B-BTC_USDT,2025-10-26 13:35:00+00:00,LONG,UPTREND,113596.2,63.24988093664323,0.8422734057842618,-36.18653937571105,4.467491881767359,14.389649899796694,0.37127154420893455,0.016951403259812814,0.051202964548369145,0.5113321914045692,186.61671767179126,0.6933140976629681,0.2804453211536095,0.35838462387437237,0.6207770270270575,0.023648648648674393,0.9763513513513256,TIME_EXIT,113550.0,48,-0.0407,-0.1407,0.3555,-0.3213,DISCOVERY
5726,B-BTC_USDT,2025-10-26 14:15:00+00:00,LONG,UPTREND,113814.7,65.10687737835664,3.6132002160393384,-11.53112827856745,5.7398734985866895,10.806525409120155,0.34307051103037595,0.021906083036205004,0.05542394794357808,0.5737652050590207,214.85708467720934,0.9358326903907573,1.742861559563371,0.22955592152915952,0.5409370563180376,0.1670610506389135,0.8329389493610865,LOSS,113245.6265,24,-0.5,-0.6,0.0293,-0.5127,DISCOVERY
5762,B-BTC_USDT,2025-10-26 17:15:00+00:00,LONG,UPTREND,113638.7,55.96172781976919,5.55651901492174,18.58614555461002,0.4417960293797165,6.4496275067977145,0.08269007360680553,0.008526022750987572,0.02735369344339933,0.6903176010566382,167.88479319645336,0.7465195607743754,0.5086161690422649,-0.026007699378707404,0.934814814814901,0.0,1.0,TIME_EXIT,113322.1,48,-0.2786,-0.3786,0.1195,-0.3472,DISCOVERY
5843,B-BTC_USDT,2025-10-27 00:00:00+00:00,LONG,UPTREND,114702.3,62.06810815315253,5.7958405717702846,-31.16794678432484,14.484239636448535,7.102129811375505,0.2729524205476851,0.02471411845919036,0.033787817857033886,0.831057231471124,90.63959440787698,0.8839034145681757,1.7912404555146724,0.023976495970505378,0.48767865943812905,0.00862493839329713,0.9913750616067029,WIN,115275.8115,19,0.5,0.4,0.556,-0.0892,DISCOVERY
5861,B-BTC_USDT,2025-10-27 01:30:00+00:00,LONG,UPTREND,115072.1,63.70408182707918,3.4849915670597653,10.129459775384106,1.2770910544686274,22.6720482864784,0.27552538198097914,0.022605346875814725,0.08015864633108549,0.8703114967908053,105.08440707959903,0.8956339548052121,0.8061312871758212,0.2610381406695905,0.6397515527950992,0.13930789707185,0.6397515527950992,TIME_EXIT,115484.2,48,0.3581,0.2581,0.4289,-0.2631,DISCOVERY
5927,B-BTC_USDT,2025-10-27 07:00:00+00:00,LONG,UPTREND,116030.3,69.06248880124232,1.5072253447487753,36.229559229271786,3.1106305495651156,16.353725498888693,0.2345181446665919,0.033636554672855645,0.09885321596929675,1.099172935441892,124.28330036612124,0.998998274170781,1.9014921671969622,0.1285625672886799,0.7498799807969031,0.14738358137300364,0.8526164186269963,LOSS,115450.1485,14,-0.5,-0.6,0.3016,-0.5426,DISCOVERY
6268,B-BTC_USDT,2025-10-28 11:25:00+00:00,LONG,UPTREND,114500.0,56.35749966447152,2.1208579200002546,-7.113300687370824,0.6992419494125031,2.159576977578361,0.09737493834658079,0.004345333173927379,0.013765906813145712,0.300998989646867,4.850348078355154,0.6907827695829558,0.9020293689128964,0.008516009005133626,0.6774611398964363,0.0,1.0,WIN,115072.5,23,0.5,0.4,0.5223,-0.3661,DISCOVERY
6331,B-BTC_USDT,2025-10-28 16:40:00+00:00,LONG,UPTREND,115033.4,54.207031775107104,0.1825694537907765,39.13051603811233,4.63885214338103,34.43105873045516,0.027753751734903173,0.011088026181171884,0.04020253218521841,0.32843445978610797,77.99252086857807,0.6670806733089905,0.5254626387059519,0.3873718373660043,0.8769601930035683,0.0006031363088408867,0.8769601930035683,LOSS,114458.233,31,-0.5,-0.6,0.453,-0.8958,DISCOVERY
6457,B-BTC_USDT,2025-10-29 03:10:00+00:00,SHORT,DOWNTREND,112397.8,44.43059411670335,-9.385008403203159,-1.2670196540369965,-7.248969360154113,-35.77748190279665,-0.11981989840142017,-0.009296999334895695,-0.03183470191360227,-0.1987747459590294,-219.3044421615815,0.24579422826174122,0.8899034988739628,-0.05487752637027739,0.04946524064176767,0.8201871657753497,0.04946524064176767,LOSS,112959.789,25,-0.4975,-0.5975,0.0751,-0.5447,DISCOVERY
6462,B-BTC_USDT,2025-10-29 03:35:00+00:00,SHORT,DOWNTREND,112455.1,47.648229642379526,0.13861159328763506,0.2978029875253867,-0.6804245446443424,0.5059992592871723,-0.10361253573065335,-0.002865677067909189,-0.0070275633201943855,-0.19867346293190608,-219.3044421615815,0.3824568757382217,0.8598862342716141,0.01569761676380439,0.1587608906099542,0.3833494675702295,0.1587608906099542,LOSS,113017.3755,21,-0.4975,-0.5975,0.0134,-0.5251,DISCOVERY
6465,B-BTC_USDT,2025-10-29 03:50:00+00:00,SHORT,DOWNTREND,112456.8,47.647540033116975,-0.0006896092625510164,2.3440360384656103,-1.378690860793295,2.0462330509402236,-0.09289931760642806,-0.0025313690401262967,-0.0016651952402080283,-0.19867045960185414,-219.3044421615815,0.36555749196404075,0.47538950268248764,0.004946588515755551,0.0012771392082479827,0.5389527458492404,0.0012771392082479827,LOSS,113019.084,18,-0.4975,-0.5975,0.0149,-0.5236,DISCOVERY
6929,B-BTC_USDT,2025-10-30 18:30:00+00:00,SHORT,DOWNTREND,107198.6,42.32228266474927,1.8309682475952158,13.75925947079952,-2.7703717522825,9.059029338139311,-0.30578912428204225,-0.017900508301449403,-0.03870304514658196,-1.428685026893096,-176.27810202657952,0.37089289891621635,0.534825820152476,0.19392029464875288,0.04212399881344229,0.632453277959043,0.04212399881344229,WIN,106662.607,10,0.5025,0.4025,0.5562,-0.0189,DISCOVERY
6941,B-BTC_USDT,2025-10-30 19:30:00+00:00,SHORT,DOWNTREND,106827.2,40.60857965917669,2.387587209974832,2.4911279147543723,-1.1871809424496291,12.2729741093558,-0.3301489148193369,-0.022873190105854313,-0.056774513830193385,-1.5165264948894748,-204.0719053149894,0.1907001671390068,0.7377838814171312,-0.11631196065117812,0.1470155836518646,0.4378124081152784,0.1470155836518646,WIN,106293.064,2,0.5025,0.4025,0.5906,-0.0143,DISCOVERY
7270,B-BTC_USDT,2025-10-31 22:55:00+00:00,SHORT,DOWNTREND,109543.0,48.04308378085701,-1.8751626969555844,-5.039865951927853,-3.6968591970796663,-13.297870358216656,-0.00038277145913721296,-0.004221057470865652,-0.010308447639539864,-0.32794778812998643,-22.612314649267603,0.3641879289877178,0.5730511469459877,-0.01637901169984157,0.0,0.4953789279112759,0.0,TIME_EXIT,109750.0,48,-0.1886,-0.2886,0.1751,-0.4651,DISCOVERY
7286,B-BTC_USDT,2025-11-01 00:15:00+00:00,SHORT,DOWNTREND,109412.1,41.35198864420372,1.039474611249915,-17.687809790330597,-0.881293915192451,-8.5002573410542,-0.03159051345548575,-0.010190306181012687,-0.03316531892720853,-0.30283385241982813,-24.214442689569744,0.058133393594887464,1.298131040147651,-0.13093814051408856,0.024447031431966974,0.7683352735739752,0.024447031431966974,LOSS,109959.1605,15,-0.4975,-0.5975,0.0554,-0.5853,DISCOVERY
7643,B-BTC_USDT,2025-11-02 06:00:00+00:00,LONG,UPTREND,110438.7,56.61711563870249,4.506543078773895,-12.588945095371542,1.2165226357762151,8.850624048324349,0.12134695135886557,0.00834674435621352,0.0290217229484524,0.06856142563816363,18.984447533037965,0.5778512228800949,0.42884544206289427,-0.014010335055231068,0.6724821570182316,0.21332275971445627,0.6724821570182316,WIN,110990.8935,40,0.5,0.4,0.5082,-0.1756,DISCOVERY
7678,B-BTC_USDT,2025-11-02 08:55:00+00:00,LONG,UPTREND,110805.7,59.33125934009661,0.6756175576140748,-7.321269798028936,1.5685526152797138,-1.5928346093448482,0.1436154809088565,0.009906428582762139,0.023854457360461545,0.12171279640157726,60.31757925066319,0.6719310925886205,0.4812937507258475,-0.06766279711826265,0.5228915662649901,0.0012048192771785635,0.9987951807228215,TIME_EXIT,110690.8,48,-0.1037,-0.2037,0.3703,-0.4545,DISCOVERY
7681,B-BTC_USDT,2025-11-02 09:10:00+00:00,LONG,UPTREND,110930.2,65.27783519514934,5.946575855052728,4.995926859411853,3.983920830236059,12.317196657440789,0.15322852950641436,0.016904935341188754,0.04592284207503017,0.14607715539434546,68.39076553347735,0.8816551616526561,0.3832988023619064,0.044620018492836575,0.5259009009008508,0.1328828828829113,0.8671171171170887,LOSS,110375.549,16,-0.5,-0.6,0.0628,-0.5662,DISCOVERY
7923,B-BTC_USDT,2025-11-03 05:20:00+00:00,SHORT,DOWNTREND,107815.5,41.40309263119653,-2.2251960046598356,64.47868217701063,-4.446628055298845,-14.78549371957439,-0.4789199294009043,-0.011565005162939013,-0.034946319817752425,-0.2755173799028113,-268.6271446628195,0.5315296557962322,1.0620322488654965,0.11944584981795467,0.0,0.8155774395702721,0.18442256042972796,WIN,107276.4225,10,0.5025,0.4025,0.5373,-0.1414,DISCOVERY
7932,B-BTC_USDT,2025-11-03 06:05:00+00:00,SHORT,DOWNTREND,107544.2,37.36127538431932,-0.21010185121517821,11.175438704321238,-0.0704840648984657,0.18849911452619494,-0.42655681484207714,-0.019382392851163832,-0.05935339176064147,-0.3738119471065699,-301.128298675126,0.16989682360280137,0.42552340790614923,-0.31215426300221816,0.0,0.7068965517241689,0.0,WIN,107006.479,8,0.5025,0.4025,0.5587,-0.0761,DISCOVERY
7946,B-BTC_USDT,2025-11-03 07:15:00+00:00,SHORT,DOWNTREND,107328.0,39.932374509295734,3.7702112605275317,20.15149006268632,-1.9220804656015673,3.8699725382410293,-0.35619321438614376,-0.013495078545067152,-0.0335186350120531,-0.46361208057791226,-310.1038686906288,0.23635020794439854,0.6347784455642925,-0.043760191357403756,0.09047619047621028,0.3857142857142659,0.09047619047621028,LOSS,107864.64,22,-0.4975,-0.5975,0.3762,-0.5156,DISCOVERY
7954,B-BTC_USDT,2025-11-03 07:55:00+00:00,SHORT,DOWNTREND,107420.5,45.19018172429438,-0.1555961247401001,23.19234196132581,-7.192171024655849,-14.19538380052876,-0.2498640776170817,-0.006739498519270359,-0.009339797202434497,-0.463212863320001,-310.1038686906288,0.4449095242290398,0.620044892202231,0.06312834335930677,0.0,0.6444444444444191,0.0,WIN,106883.3975,36,0.5025,0.4025,0.752,-0.4291,DISCOVERY
7973,B-BTC_USDT,2025-11-03 09:30:00+00:00,SHORT,DOWNTREND,107264.4,43.25123756636493,-10.743380429336788,-2.338092120891755,-15.745343431131019,-55.43970696176643,-0.13055466229490778,-0.017215222228927907,-0.040657510782227124,-0.5998709114021852,-263.88093339898404,0.31462925170950573,0.47497967016091874,-0.1961638090042651,0.22727272727271747,0.4337944664031577,0.22727272727271747,WIN,106728.078,17,0.5025,0.4025,0.6056,-0.2919,DISCOVERY
8236,B-BTC_USDT,2025-11-04 07:25:00+00:00,SHORT,DOWNTREND,104328.3,35.494969441208696,0.7555480327945361,52.61839170885304,-9.75393770419123,-3.2465000747081945,-0.6302391959153903,-0.04138693583647379,-0.09651943729334089,-1.1393140095612528,-118.81938548789321,0.2028070245492369,0.47218179055480153,-0.34183127376447725,0.1419931632921367,0.4535892716276589,0.1419931632921367,WIN,103806.6585,9,0.5025,0.4025,0.509,-0.3592,DISCOVERY
8256,B-BTC_USDT,2025-11-04 09:05:00+00:00,SHORT,DOWNTREND,103833.8,38.42710181180485,-1.5166755045329197,0.20331098827162464,-11.42289976531427,-33.32243831298058,-0.4920571505619001,-0.038655301786838514,-0.10106169616680427,-1.300207269842863,-197.0919653969056,0.14737989430703546,0.8079916130454808,-0.08855353861497599,0.322672577580772,0.4265357821405822,0.322672577580772,LOSS,104352.969,26,-0.4975,-0.5975,0.2741,-0.553,DISCOVERY
8269,B-BTC_USDT,2025-11-04 10:10:00+00:00,SHORT,DOWNTREND,103650.1,40.34982642562207,-3.2446352792883886,6.336894409396535,-3.3368133655785925,-7.592053086394486,-0.43346831507892547,-0.025338868127078307,-0.07201838998782684,-1.3797549755485392,-216.1971308953381,0.21589762317868325,0.7304911522265592,-0.16666083543568785,0.0853595447490998,0.49612002069322275,0.0853595447490998,LOSS,104168.3505,12,-0.4975,-0.5975,0.0967,-0.5469,DISCOVERY
8303,B-BTC_USDT,2025-11-04 13:00:00+00:00,SHORT,DOWNTREND,103842.9,40.50854100312258,-5.762431535585129,-52.753315912443554,-0.20633400212673791,4.863505872091402,-0.0905708514945559,-0.022673600268208194,-0.05743400081255068,-1.4877710324565696,-123.74537178056721,0.16113647548074245,0.6759052210138274,-0.16903206610157126,0.05576382380503516,0.6424554826616449,0.05576382380503516,WIN,103323.6855,18,0.5025,0.4025,0.5994,-0.3352,DISCOVERY
8317,B-BTC_USDT,2025-11-04 14:10:00+00:00,SHORT,DOWNTREND,103848.1,46.47464488998508,-0.09756711584196864,2.410566515543934,-1.4826987354081211,-8.56078441274883,-0.10755311172417129,-0.008113675334597836,-0.02830454945463856,-1.516187757267042,-99.3534612217843,0.4063768178876044,0.6444995310348572,-0.14985007780953633,0.0,0.7044400265076673,0.0,WIN,103328.8595,4,0.5025,0.4025,0.6044,-0.0794,DISCOVERY
8370,B-BTC_USDT,2025-11-04 18:35:00+00:00,SHORT,DOWNTREND,100310.7,30.784824126476167,-3.8622730915133587,1.9339148555229713,-2.07252865627936,6.712834396657399,-0.9734690140794521,-0.08477577019949667,-0.23740775586883478,-1.846004926768711,-229.59129002262648,0.08603531043572656,1.2532630555153654,-0.7517524895988473,0.4133749999999964,0.5102499999999963,0.4133749999999964,LOSS,100812.2535,1,-0.4975,-0.5975,0.0747,-0.9201,DISCOVERY
8814,B-BTC_USDT,2025-11-06 07:35:00+00:00,SHORT,DOWNTREND,103072.9,44.03074583398868,-9.393122071434831,-7.261547575025581,-10.741063594464038,-15.625868534730891,-0.08635269953193575,-0.02113237946547164,-0.03222758244313395,-0.344371586096033,-30.883441396316783,0.18111092043610164,1.635111508208275,-0.24851280035082446,0.00025826446278736986,0.8907541322313967,0.00025826446278736986,TIME_EXIT,103147.3,48,-0.0721,-0.1721,0.4497,-0.3232,DISCOVERY
8877,B-BTC_USDT,2025-11-06 12:50:00+00:00,SHORT,DOWNTREND,102457.1,33.962251816887076,-8.21290859830679,-64.81597562854395,-2.7492532044020948,-32.440022483386436,-0.12718811311791756,-0.03821578147549243,-0.12739516547638496,-0.33589374470714656,-77.62932686631342,0.011829896030175797,1.039981023809062,-0.36488285893196837,0.057424593967565135,0.6624129930394771,0.057424593967565135,LOSS,102969.3855,5,-0.4975,-0.5975,0.0001,-0.6518,DISCOVERY
8958,B-BTC_USDT,2025-11-06 19:35:00+00:00,SHORT,DOWNTREND,101536.2,48.056408275711455,-2.93433682790878,-10.96210612410728,-15.161646335803553,-39.099949283302905,-0.07420507687377788,-0.010392105231915583,-0.004497638069622667,-0.6015494282695052,-204.41834977094447,0.4403925312546038,0.40703230078466024,-0.29259336945481396,0.0,0.7710027100270783,0.0,WIN,101028.519,10,0.5025,0.4025,0.539,-0.0624,DISCOVERY
9451,B-BTC_USDT,2025-11-08 12:40:00+00:00,SHORT,DOWNTREND,101847.2,39.04624262523589,-3.134422402561114,0.6992963733981696,-0.03189860998574545,26.75710785030938,-0.1646327328003446,-0.018765799651299098,-0.03357470187311806,-0.011365597600462015,-102.06275911334447,0.31081265540119196,0.782605486881876,0.03329378300051352,0.0,0.42829643888353586,0.0,TIME_EXIT,101704.9,48,0.1399,0.0399,0.4409,-0.2903,DISCOVERY
9463,B-BTC_USDT,2025-11-08 13:40:00+00:00,SHORT,DOWNTREND,101935.9,45.25407917895068,-6.189322535605207,25.07538398004685,-8.302973058493436,-12.471211807274102,-0.11331828169453527,-0.006369308568210386,-0.0022851713385230177,-0.028286668127364367,-106.7281515258882,0.49905387312658905,1.7041440830785057,0.0033944051569763764,0.15716612377847167,0.42874592833873004,0.15716612377847167,WIN,101426.2205,7,0.5025,0.4025,0.5284,-0.0138,DISCOVERY
9482,B-BTC_USDT,2025-11-08 15:15:00+00:00,SHORT,DOWNTREND,101681.3,41.26800773114958,-7.735307441340176,7.866375779998009,-10.601135188998178,-14.400918170952203,-0.11601677337769664,-0.013998181131713583,-0.015727369220852605,-0.08005916325343404,-123.43925701313705,0.30732167050796416,0.7409624949310631,-0.14329175865663898,0.13501646542264303,0.37980241492865646,0.13501646542264303,TIME_EXIT,101725.4,48,-0.0434,-0.1434,0.2424,-0.4931,DISCOVERY
9485,B-BTC_USDT,2025-11-08 15:30:00+00:00,SHORT,DOWNTREND,101504.0,36.39636882020643,-4.8716389109431475,-23.666376274443067,-5.860014160261869,-31.532752054441076,-0.14653498141808927,-0.024249160304201656,-0.07689204968369667,-0.08019900493105102,-123.43925701313705,0.13149819240482818,0.5136452523576416,-0.3174102482037875,0.22861710631498394,0.36450839328540124,0.22861710631498394,LOSS,102011.52,36,-0.4975,-0.5975,0.0676,-0.5546,DISCOVERY
9629,B-BTC_USDT,2025-11-09 03:30:00+00:00,SHORT,DOWNTREND,101495.4,36.09750502999233,-9.896158460330561,-20.4356602696772,-0.6274299906112617,-15.544202669316306,-0.1420016726666532,-0.021175083082281,-0.0718497929501627,-0.12507016277602348,-30.3165756288858,0.10338314409856106,1.1340485095206525,-0.09181633681117381,0.06343283582092439,0.6697761194030304,0.3302238805969696,LOSS,102002.877,9,-0.4975,-0.5975,0.0672,-0.5539,DISCOVERY
9648,B-BTC_USDT,2025-11-09 05:05:00+00:00,SHORT,DOWNTREND,101637.0,42.19881052744499,-1.6875725218766249,-16.070218825686908,-6.004445259669517,-21.862606915897356,-0.047523869882542,-0.011587831233295098,-0.02962863655179282,-0.15511545242303965,-43.901962895168936,0.3478834466280738,1.1459256736577341,-0.04088865328806692,0.06944444444444296,0.603801169590673,0.06944444444444296,TIME_EXIT,101966.6,48,-0.3232,-0.4232,0.0184,-0.3662,DISCOVERY
9802,B-BTC_USDT,2025-11-09 17:55:00+00:00,LONG,UPTREND,103607.6,53.447092660547,4.283993181005968,-19.111757011981595,3.0168238103977387,7.798420424094289,0.21903686638740433,0.0042774328963712804,0.010573030323013377,0.15524378924730375,230.48721335091716,0.5700144901719467,0.28989722743530505,0.19673772328222722,0.6242424242423802,0.0030303030302589336,0.996969696969741,WIN,104125.638,10,0.5,0.4,0.7001,-0.1299,DISCOVERY
9845,B-BTC_USDT,2025-11-09 21:30:00+00:00,LONG,UPTREND,104564.2,54.459306569636674,1.99357942636788,-24.079438126144964,4.251735661504682,20.62331235567936,0.24314828863249718,0.005779729508614828,0.02060721596539583,0.47946246731368397,282.52089083975966,0.5169691963063681,0.3840453250195696,-0.16328557297358146,0.5623471882640386,0.024449877750610378,0.5623471882640386,LOSS,104041.379,7,-0.5,-0.6,0.2324,-0.5401,DISCOVERY
9917,B-BTC_USDT,2025-11-10 03:30:00+00:00,LONG,UPTREND,105986.6,55.43432112258458,0.12653634746116893,-6.375749138684952,3.503312431619392,-1.9106258112368835,0.24485870278464533,0.011179062469568457,0.019814026114750583,0.9050914174094016,236.55319492359376,0.7730157061619888,1.1479051035008745,0.18999985418623433,0.5288115246098604,0.038415366146422304,0.9615846338535777,TIME_EXIT,106270.1,48,0.2675,0.1675,0.4835,-0.1761,DISCOVERY
9920,B-BTC_USDT,2025-11-10 03:45:00+00:00,LONG,UPTREND,106099.9,58.017348982097225,2.5830278595126472,10.925367775303329,0.6205677555728357,17.30111691398828,0.2501143125381292,0.016228450310507014,0.05896688814364115,0.9041249051168123,236.55319492359376,0.8382369667885179,0.6621726614552071,0.2971032708773833,0.7115384615384616,0.0006410256409696721,0.7115384615384616,TIME_EXIT,106377.0,48,0.2612,0.1612,0.3762,-0.2827,DISCOVERY
9959,B-BTC_USDT,2025-11-10 07:00:00+00:00,LONG,UPTREND,106263.3,57.67007852149255,-0.4769722254246034,7.3874518167805086,5.491421197826387,5.052219089626362,0.10757180734505309,0.012228079112541757,0.02076854108079562,1.1070880785598407,120.20879272269303,0.9569831181254438,1.0985147708839615,0.15045427861643992,0.40403458213251453,0.039193083573503804,0.9608069164264962,TIME_EXIT,106019.5,48,-0.2294,-0.3294,0.2886,-0.4547,DISCOVERY
10424,B-BTC_USDT,2025-11-11 21:45:00+00:00,SHORT,DOWNTREND,102442.6,33.031532108418986,-3.3280262854059117,-29.357123729924695,-5.433360339890214,-23.908367486338506,-0.24867253528856914,-0.03452481957247899,-0.10213618491154985,-0.2657332980866239,-233.63242289471486,0.01702919008243805,0.7740773501518755,-0.3120763930313615,0.09207317073174281,0.3981707317073348,0.09207317073174281,LOSS,102954.813,7,-0.4975,-0.5975,0.0013,-0.5382,DISCOVERY
10462,B-BTC_USDT,2025-11-12 00:55:00+00:00,SHORT,DOWNTREND,102838.4,45.24841374582763,-4.025975043088863,-24.44274832652446,-3.878098562707237,-6.844750586140776,-0.014324927854550851,-0.011154070621932632,-0.02112462758915301,-0.4358624418400803,-142.6509928720443,0.15446561759580016,1.1059961992993543,-0.20605867526722021,0.2513303315595311,0.6197298403602413,0.2513303315595311,LOSS,103352.592,16,-0.4975,-0.5975,0.2035,-0.5074,DISCOVERY
10670,B-BTC_USDT,2025-11-12 18:15:00+00:00,SHORT,DOWNTREND,101597.1,42.353969263915275,-4.4233820206760015,76.35258447626325,-9.551657534139053,-38.760117065174256,-0.6641681154456143,-0.01728203452454613,-0.05829144713839218,-0.43438484470251687,-206.38360275903705,0.47187383481953565,0.43031986380242065,-0.06708286898281178,0.2931754874652097,0.576601671309189,0.2931754874652097,WIN,101089.1145,10,0.5025,0.4025,0.5912,-0.1998,DISCOVERY
10678,B-BTC_USDT,2025-11-12 18:55:00+00:00,SHORT,DOWNTREND,101493.6,42.87557085114194,1.6996093232473086,26.79843125968094,-1.2376310209763233,-22.054727825330502,-0.5464917655574427,-0.015308895827870206,-0.06356657640418373,-0.4348278167857488,-206.38360275903705,0.2815804576023593,0.44157432031816146,-0.39394959606217594,0.0009661835747948681,0.6396135265700202,0.3603864734299798,WIN,100986.132,6,0.5025,0.4025,0.7771,-0.029,DISCOVERY
10931,B-BTC_USDT,2025-11-13 16:00:00+00:00,SHORT,DOWNTREND,101145.9,32.87902230169824,-0.38756847737030853,-109.13174797424682,-2.672434165945475,-10.314747453250789,-0.39606416703754477,-0.08020322365343002,-0.22987567497773087,-0.4127636875568788,-33.34771402836897,0.07411842316770065,0.7645875563089857,-1.158848322471125,0.13948339483394118,0.38794587945878745,0.13948339483394118,WIN,100640.1705,5,0.5025,0.4025,0.5157,-0.234,DISCOVERY
10944,B-BTC_USDT,2025-11-13 17:05:00+00:00,SHORT,DOWNTREND,100390.1,31.728764384608823,-4.830500032949722,-28.739416604618555,-10.404783277905835,-22.380827651002278,-0.6088183592973365,-0.0762433411185981,-0.2079097860829604,-0.5137448275364753,-144.1500317939823,0.045702477710121425,0.9474309765638469,-0.1922631732237104,0.0002601456815968322,0.41805411030176776,0.0002601456815968322,WIN,99888.1495,7,0.5025,0.4025,0.602,-0.3563,DISCOVERY
11125,B-BTC_USDT,2025-11-14 08:10:00+00:00,SHORT,DOWNTREND,96864.5,43.478708610502345,-3.7512695851831097,-3.227059837316162,-12.80002177807863,-45.04904264365271,-0.37774320083536195,-0.028616281509952213,-0.07395533249917596,-1.7087556630186045,-159.22131095538407,0.31277429757973607,0.5212856754857242,0.5276705099728729,0.2753846153846154,0.6193846153846243,0.2753846153846154,LOSS,97348.8225,1,-0.4975,-0.5975,0.0557,-0.5965,DISCOVERY
11147,B-BTC_USDT,2025-11-14 10:00:00+00:00,SHORT,DOWNTREND,96743.8,43.11355226185532,-1.177115255314284,-39.12140458113382,-2.3683686236731916,-9.99820239151061,-0.23031388327949126,-0.028608594958423605,-0.08179286909149042,-1.824144628838193,-139.10246642649577,0.14934024863467552,0.7782171307383079,-0.12979313515818228,0.2467474203678844,0.46433378196501884,0.2467474203678844,LOSS,97227.519,7,-0.4975,-0.5975,-0.0001,-0.5286,DISCOVERY
11295,B-BTC_USDT,2025-11-14 22:20:00+00:00,SHORT,DOWNTREND,94898.9,47.679284617407895,-8.604233350154828,41.502338530031864,-9.736526458291763,-53.723259053023696,-0.27395478895884967,-0.004999856592358132,-0.0341525408886767,-2.283004862484838,-11.725654892872626,0.5847556756747252,0.4215467159398106,0.5723709922498652,0.20025784271590827,0.6446067898581945,0.20025784271590827,LOSS,95373.3945,2,-0.4975,-0.5975,0.0233,-0.5702,DISCOVERY
11791,B-BTC_USDT,2025-11-16 15:40:00+00:00,SHORT,DOWNTREND,95374.4,45.272652620801324,-0.7920819906321768,4.038848830937738,-0.6867757629437392,-4.319616565659203,-0.12964124626268633,-0.0058316855012785496,-0.01931041449159121,-0.6079751291507645,-15.329949949932583,0.33529145375435443,1.047807052309194,0.006107881972648842,0.30832356389205096,0.6471277842907928,0.30832356389205096,WIN,94897.528,2,0.5025,0.4025,0.9069,-0.0242,DISCOVERY
11858,B-BTC_USDT,2025-11-16 21:15:00+00:00,SHORT,DOWNTREND,93657.5,34.32278953746052,-3.7121836728246365,-65.28310533751811,-7.273827106824989,-34.6587227873187,-0.2205530721062264,-0.04851125472468132,-0.1416372296551116,-0.9123940232533635,-179.85457130442654,0.008799592296101033,1.2777216951173462,-0.04335732438616034,0.15351913084553825,0.43032593292391363,0.15351913084553825,WIN,93189.2125,9,0.5025,0.4025,0.5863,-0.1561,DISCOVERY
12072,B-BTC_USDT,2025-11-17 15:05:00+00:00,SHORT,DOWNTREND,94302.8,43.889610266362375,-8.218467392466096,58.97516804904795,-45.991318765562895,-106.95198503307948,-0.24135205450248626,-0.03635627358105076,-0.029700942011379183,-0.4293591966024487,-24.56845602455293,0.4753519418548854,0.9356475587548975,-1.2014821223470664,0.20854359816922768,0.3738997770214699,0.20854359816922768,WIN,93831.286,2,0.5025,0.4025,0.6044,-0.3791,DISCOVERY
12080,B-BTC_USDT,2025-11-17 15:45:00+00:00,SHORT,DOWNTREND,94087.0,43.87291421910078,-1.0182488336540558,-26.66260497991992,-1.7386022874460991,-5.321256267754336,-0.3126523547637865,-0.0321484541166428,-0.09316167950043086,-0.4303439842418337,-24.56845602455293,0.2982943796399165,0.36802571052842203,-1.42757000264328,0.20328891409128916,0.5197051318401033,0.20328891409128916,WIN,93616.565,3,0.5025,0.4025,0.5686,-0.0923,DISCOVERY
12119,B-BTC_USDT,2025-11-17 19:00:00+00:00,SHORT,DOWNTREND,92397.3,34.32573881648983,-7.961221227135923,12.057067168102094,-5.545687901171846,-2.9152854725392103,-0.5985440543696475,-0.04889020670257871,-0.12769268588220806,-0.7295162350725953,-262.61779233943633,0.1928091018177749,0.7008980266820499,-0.5742970591083676,0.2594830480027003,0.38167170191339145,0.2594830480027003,WIN,91935.3135,6,0.5025,0.4025,0.5399,-0.1965,DISCOVERY
12138,B-BTC_USDT,2025-11-17 20:35:00+00:00,SHORT,DOWNTREND,91500.1,34.476367403945005,-8.130071244038781,26.899971284337198,-5.183669973488804,14.027195608132104,-0.7002751473485206,-0.04611568488662732,-0.1063289531721967,-0.8799007541875453,-341.8112047301323,0.20719249492130612,0.5486401177837289,-0.35335587069331836,0.10342777887856239,0.5882702595601385,0.10342777887856239,LOSS,91957.6005,2,-0.4975,-0.5975,0.032,-0.5058,DISCOVERY
12172,B-BTC_USDT,2025-11-17 23:25:00+00:00,SHORT,DOWNTREND,91856.8,43.266901967370195,-3.750488088380415,-34.41295403790682,-6.971773328081419,-33.4565346817118,-0.13054089370071528,-0.017862878684948846,-0.054075968721734036,-1.1239940933922044,-290.58362029960017,0.17541155285884572,0.9445432355536708,-0.24386858110772405,0.27529411764707595,0.36058823529413475,0.27529411764707595,LOSS,92316.084,8,-0.4975,-0.5975,0.1123,-0.521,DISCOVERY
12249,B-BTC_USDT,2025-11-18 05:50:00+00:00,SHORT,DOWNTREND,90111.0,47.00856895972426,2.551775914142553,50.16759424577009,-5.237003989726077,-15.087417834054094,-0.41582155268712095,-0.00588979720567151,-0.020742959046893272,-1.5757220826783491,-239.96948810452318,0.605930426765199,0.34905528396306207,0.5541660372336845,0.1699999999999888,0.4084615384615273,0.1699999999999888,WIN,89660.445,9,0.5025,0.4025,0.6629,-0.125,DISCOVERY
12579,B-BTC_USDT,2025-11-19 09:20:00+00:00,SHORT,DOWNTREND,91134.4,41.22835205082128,-1.8334559645356379,-75.29496482133113,-1.6566047522159266,9.545479944738318,-0.0030697205283377457,-0.030383159049374164,-0.06574633390210582,-0.7245085255972777,-112.96349735201224,0.09082018048964292,1.0829971486095842,-0.7992524110166637,0.1967159277503914,0.42003284072247676,0.1967159277503914,LOSS,91590.072,9,-0.4975,-0.5975,0.0127,-0.5658,DISCOVERY
12690,B-BTC_USDT,2025-11-19 18:35:00+00:00,SHORT,DOWNTREND,89050.0,37.98750954984007,-0.5601988277996881,21.66525962554232,-3.660510591583659,-28.781837918749318,-0.6180563887056609,-0.03569018110008981,-0.12268204663342663,-0.9445123204747904,-196.17521391412993,0.19925048944065943,0.6960735909509344,-0.41019981846250714,0.18548387096772342,0.7741935483871148,0.22580645161288512,WIN,88604.75,14,0.5025,0.4025,0.5079,-0.3359,DISCOVERY
13005,B-BTC_USDT,2025-11-20 20:50:00+00:00,SHORT,DOWNTREND,86456.1,43.92661000259352,-2.361638741567617,29.38250032296486,-12.99699150251945,-35.23529395301176,-0.6510460049475723,-0.0221545030240633,-0.048595295149767015,-1.1790566793829949,-618.4733565041231,0.258480418681142,0.5727973511089117,0.05282925849824202,0.000393545848114201,0.6257378984651568,0.000393545848114201,LOSS,86888.3805,4,-0.4975,-0.5975,0.1463,-0.5192,DISCOVERY
13064,B-BTC_USDT,2025-11-21 01:45:00+00:00,SHORT,DOWNTREND,87114.2,48.17320344813944,2.065971929478735,4.286767671224517,-0.9857488284300402,3.7623706144176268,-0.08125208677726009,-0.005378656251342484,-0.01140703446710356,-1.659726295351955,-271.07204064155974,0.351613616809934,0.4095350561317692,-0.1593350847490098,0.07285429141712421,0.4810379241516815,0.07285429141712421,WIN,86678.629,4,0.5025,0.4025,0.6436,-0.1293,DISCOVERY
13074,B-BTC_USDT,2025-11-21 02:35:00+00:00,SHORT,DOWNTREND,86323.7,35.055333711201754,-6.534066243862711,-58.28156435833071,-2.344961675844388,3.5137839061226117,-0.2737172459202395,-0.05618781415350771,-0.1492083167167424,-1.7299784965676184,-210.35520158256054,0.07252751834343746,0.7557479267197066,-0.27504343501706896,0.1530668127053522,0.4038882803943077,0.1530668127053522,WIN,85892.0815,1,0.5025,0.4025,0.6476,-0.157,DISCOVERY
13090,B-BTC_USDT,2025-11-21 03:55:00+00:00,SHORT,DOWNTREND,85782.5,42.281291696434586,-4.750870898028495,59.23588633725785,-2.634346292738087,20.559739074071956,-0.5236978427279242,-0.02379521840584209,-0.046317003173246274,-1.8884132600303476,-255.45361109554483,0.41635610105841486,0.32542526001093863,-0.2897186213229418,0.01879699248120275,0.4868421052631786,0.01879699248120275,WIN,85353.5875,9,0.5025,0.4025,0.5092,-0.2196,DISCOVERY
13095,B-BTC_USDT,2025-11-21 04:20:00+00:00,SHORT,DOWNTREND,85647.0,40.49351404902253,1.9028916267786542,34.01365598439094,-1.3176182177327291,-9.653854369758108,-0.5084159216307063,-0.025178311081552884,-0.08335063518518648,-1.98752123444509,-235.84017178207273,0.3900566643238661,0.39432554275988485,-0.3977310820145025,0.26434782608696916,0.6565217391304348,0.34347826086956523,LOSS,86075.235,7,-0.4975,-0.5975,0.3504,-0.5219,DISCOVERY
13148,B-BTC_USDT,2025-11-21 08:45:00+00:00,SHORT,DOWNTREND,83700.0,35.14043269911366,-4.365953540781327,0.8709854738281706,-10.110555628016755,-30.38172657092889,-0.7722420473498199,-0.07986127618280214,-0.22325010958443858,-2.3498673346822545,-179.24539382879084,0.2577512460222203,0.3517535124734747,0.47138123121376574,0.0421554252199409,0.7027126099706563,0.0421554252199409,WIN,83281.5,7,0.5025,0.4025,0.53,-0.3092,DISCOVERY
13150,B-BTC_USDT,2025-11-21 08:55:00+00:00,SHORT,DOWNTREND,83609.6,33.98224910649398,-1.9940916196470226,-6.921228008122284,-2.8951240026045184,-17.90276910996721,-0.8016637549173443,-0.07533454309975873,-0.2310798278237547,-2.352408047794807,-179.24539382879084,0.24473368548175928,0.2219595241697157,0.36286733798436144,0.0,0.7535729753140077,0.0,WIN,83191.552,6,0.5025,0.4025,0.7104,-0.4177,DISCOVERY
13187,B-BTC_USDT,2025-11-21 12:00:00+00:00,SHORT,DOWNTREND,82185.1,37.54452462322501,-0.8890404045464706,-26.385479255993147,-9.631182262221273,-41.15806195840048,-0.6543276647755029,-0.050170044647901424,-0.14741336337560362,-3.056217169122262,-318.2806706293886,0.17094986672795162,1.0600371635694932,0.13078757243018257,0.3785058977719757,0.3748361730013106,0.3785058977719757,WIN,81774.1745,4,0.5025,0.4025,1.7971,-0.1944,DISCOVERY
13793,B-BTC_USDT,2025-11-23 14:30:00+00:00,LONG,UPTREND,86833.3,56.75118952131817,6.501483399462387,-6.250732948143408,4.0932693372629245,-4.688742509750654,0.2088248772913452,0.018768520503220643,0.03387992902861292,0.13924206282064952,92.08980975612752,0.7306135068179694,0.7422549646526742,-0.2665096198587541,0.3810055865921625,0.1424581005586592,0.8575418994413407,WIN,87267.4665,18,0.5,0.4,0.5361,-0.492,DISCOVERY
13809,B-BTC_USDT,2025-11-23 15:50:00+00:00,LONG,UPTREND,87019.9,63.780275870430415,1.190070943630019,32.97362295526388,5.140872453005095,16.979807983536958,0.1701392342420655,0.03114375394610569,0.08535123926154409,0.1798907457503199,70.62428260352311,0.9820266960461504,1.4450521873684594,-0.02729664630371622,0.38608010505582263,0.000656598818160334,0.9993434011818396,WIN,87454.9995,3,0.5,0.4,0.5195,0.0,DISCOVERY
13817,B-BTC_USDT,2025-11-23 16:30:00+00:00,LONG,UPTREND,87231.9,64.02464261549127,5.5896664511436995,12.351157284793914,7.223288913915638,-17.315413458622842,0.2321999365561593,0.03373313243031362,0.05011199616211659,0.24836790279888607,83.639858791459,0.8519167776305554,1.5757746454560766,-0.06137046811372656,0.3682556312205468,0.09926663174439089,0.9007333682556091,LOSS,86795.7405,5,-0.5,-0.6,0.1779,-0.6867,DISCOVERY
13855,B-BTC_USDT,2025-11-23 19:40:00+00:00,LONG,UPTREND,87581.4,65.53845612371288,7.176895354902889,52.11328177879773,0.3631080154638511,11.2334292174571,0.22637592787698385,0.04578871907934268,0.1418697133821034,0.35435493911982324,36.27527885191034,0.9469409055325346,0.8177993968885682,0.13874620072976004,0.38683680322359654,0.28274009402288425,0.7172599059771158,LOSS,87143.493,18,-0.5,-0.6,0.0816,-0.5497,DISCOVERY
14152,B-BTC_USDT,2025-11-24 20:25:00+00:00,LONG,UPTREND,88840.9,64.96146002365515,5.424446078777805,-6.82663853151584,16.027957159631427,45.801104025448296,0.49521315981678576,0.040483806843782943,0.10013334944523056,0.49572888632626055,189.2835852552342,0.8675547551600122,1.6740525264921862,0.25385952008181806,0.4371494556251978,0.040250742329301904,0.9597492576706981,LOSS,88396.6955,38,-0.5,-0.6,0.3787,-0.6292,DISCOVERY
14486,B-BTC_USDT,2025-11-26 00:15:00+00:00,LONG,UPTREND,87560.0,56.089886586903106,-0.6257531579529996,-12.813047494325048,8.394613058901214,6.904839899974704,0.14130967022373297,0.017607419463616658,0.02568417596251482,0.14514347196398625,2.1023551014111916,0.6491403195984836,0.9474885450072427,0.10440880692432081,0.40766550522649586,0.0,1.0,WIN,87997.8,16,0.5,0.4,0.5024,-0.3071,DISCOVERY
14718,B-BTC_USDT,2025-11-26 19:35:00+00:00,LONG,UPTREND,89830.0,58.72335086746529,2.0822081542727204,-105.03958869365363,3.6855779879425654,5.956225502200198,0.8150681998706608,0.015977237356779028,0.048801922532382136,0.3276945224871252,292.72947947759985,0.37762136092284637,0.3725376159074724,0.0339283503508204,0.7691850089232506,0.0,0.7691850089232506,WIN,90279.15,23,0.5,0.4,0.7107,-0.4133,DISCOVERY
14783,B-BTC_USDT,2025-11-27 01:00:00+00:00,LONG,UPTREND,90601.9,63.808647516699665,3.5269265324334143,22.56600109750417,12.634292559521825,24.422880215796383,0.188541173872803,0.029826489442830173,0.05820340097453247,0.915982727441606,284.72350525569937,0.9936058306015241,1.2799080244972205,0.17551354906218522,0.368705035971223,0.00035971223023676535,0.9996402877697632,WIN,91054.9095,11,0.5,0.4,0.6547,-0.1209,DISCOVERY
14785,B-BTC_USDT,2025-11-27 01:10:00+00:00,LONG,UPTREND,90630.8,61.84225320558025,4.882148023823532,38.04889634540527,0.21367349780284428,28.117187807422923,0.21269117910795474,0.026054699322175523,0.0974794340904861,0.9156906424018285,284.72350525569937,0.8728558249536114,1.5594446972216491,0.5421997835638469,0.5531574740207925,0.00879296562754412,0.5531574740207925,WIN,91083.954,9,0.5,0.4,0.6226,-0.099,DISCOVERY
14831,B-BTC_USDT,2025-11-27 05:00:00+00:00,LONG,UPTREND,91208.4,52.5974405592756,0.25021787234302906,-3.4009828112341722,1.8317140156728513,12.744862404361967,0.17010488066752316,0.0037550216660520164,0.01561038834148043,1.240661083527186,206.9391945002351,0.7050859589053496,0.5918945146412954,0.06058483426385451,0.7080701754385557,0.12000000000004085,0.7080701754385557,TIME_EXIT,91459.0,48,0.2748,0.1748,0.3416,-0.3997,DISCOVERY
14861,B-BTC_USDT,2025-11-27 07:30:00+00:00,LONG,UPTREND,91391.7,59.73682559349123,3.61710777068312,17.837901017200515,3.08130647158184,13.562118198245685,0.09425064627917318,0.01605612806920842,0.04538668938534052,1.3095944992023494,113.46519573067985,0.8208974732222986,1.036129321630822,0.4600035043279725,0.8632567849686281,0.08663883089773129,0.9133611691022687,WIN,91848.6585,25,0.5,0.4,0.5911,-0.2347,DISCOVERY
14873,B-BTC_USDT,2025-11-27 08:30:00+00:00,LONG,UPTREND,91293.2,51.30540210858073,4.495171642402717,-9.234835332965481,0.4167036398303452,6.272349796082203,0.07421417643950141,0.000512647006445377,0.006713956605985949,1.3504101421332764,88.1697322334295,0.4886675101667028,0.8965390987146767,-0.07961391301835809,0.6921182266009742,0.0,0.6921182266009742,WIN,91749.666,12,0.5,0.4,0.5988,0.0,DISCOVERY
14903,B-BTC_USDT,2025-11-27 11:00:00+00:00,LONG,UPTREND,91559.9,52.1847965395469,3.8141963748467163,-12.350622468522364,3.3746378694367785,15.39491742764977,0.093660700275651,0.0027899033661515915,0.010448788756867167,1.4327937633600294,22.776144448113996,0.45298928495672086,0.4302377625132548,-0.07789098421611211,0.8461538461537799,0.03155818540416885,0.8461538461537799,LOSS,91102.1005,20,-0.5,-0.6,0.0189,-0.5482,DISCOVERY
15244,B-BTC_USDT,2025-11-28 15:25:00+00:00,LONG,UPTREND,92616.6,61.945451156747055,7.466385858356283,8.094763987135593,12.086500264975712,61.4166147941269,0.30980982653658184,0.042367030104006886,0.13432246320874697,0.8670429288724946,38.01331397349742,0.796802100833202,0.39424554955402197,0.43469257879986817,0.8517200474495772,0.1352313167259166,0.8647686832740834,LOSS,92153.517,7,-0.5,-0.6,0.1371,-0.5928,DISCOVERY
15605,B-BTC_USDT,2025-11-29 21:30:00+00:00,LONG,UPTREND,90936.9,64.78451969068873,7.878617652015251,18.193637644336974,0.318487093524773,0.8201498208706965,0.08224173664118005,0.019385939157245957,0.05559745227536883,0.030989461571795895,32.704873876543175,0.8084148051506123,0.296355309004199,0.11748296463983159,0.548437500000091,0.00937500000009095,0.990624999999909,TIME_EXIT,90958.5,48,0.0238,-0.0762,0.0914,-0.3122,DISCOVERY
15635,B-BTC_USDT,2025-11-30 00:00:00+00:00,LONG,UPTREND,90815.5,53.18398902069614,7.5461487307935755,3.6926522491866822,2.913847154267852,3.0450698395653824,0.01971506115337577,0.004540875656355858,0.0042624190465856415,0.03618494451352082,33.616580394922664,0.7493146660720802,2.074511429419269,0.06970902508052393,0.4081871345028559,0.0,1.0,TIME_EXIT,90916.9,48,0.1117,0.0117,0.2208,-0.4421,DISCOVERY
15737,B-BTC_USDT,2025-11-30 08:30:00+00:00,LONG,UPTREND,91137.5,63.00358331511468,1.7408812709167307,21.333790398450773,0.4947744358176749,17.85654813287706,0.0911373475523651,0.018991680854218984,0.07260376184481387,0.047365904750293876,23.823090105837416,0.9461504890380975,2.56706231230098,-0.10051880043562246,0.6618236472945744,0.1748496993987761,0.825150300601224,TIME_EXIT,91168.1,48,0.0336,-0.0664,0.4855,-0.2833,DISCOVERY
15743,B-BTC_USDT,2025-11-30 09:00:00+00:00,LONG,UPTREND,91177.9,59.92428900984971,0.9132692846444499,10.212482250844843,0.10444610552168854,-0.7790967076868114,0.11234704416899927,0.015788518062875845,0.046066908751374314,0.06555377113738599,38.972088144215824,0.8262044698543811,0.8711877105467681,-0.0624651380628515,0.5955357142858182,0.0,1.0,TIME_EXIT,91463.9,48,0.3137,0.2137,0.441,-0.2759,DISCOVERY
15790,B-BTC_USDT,2025-11-30 12:55:00+00:00,LONG,UPTREND,91432.4,64.56869007429101,0.4250751220298383,35.95922575391267,0.7551491031169419,12.395907253808438,0.06949925490911829,0.02063327061057052,0.06717312698223399,0.11008349460534812,44.85383909750426,0.930595314137163,0.5506239264871994,0.10213039616158853,0.7664233576642607,0.0,1.0,WIN,91889.562,5,0.5,0.4,0.549,-0.0827,DISCOVERY
15972,B-BTC_USDT,2025-12-01 04:05:00+00:00,SHORT,DOWNTREND,86150.1,33.04601907199553,-1.3616489819644215,39.05824526330025,-2.217313771442946,2.8968757063465773,-1.0022132358892046,-0.04298181118264077,-0.11885429713864859,-0.7936108141724182,-599.2101500452966,0.19259064248729596,0.5361359983268635,-0.7091507879048051,0.0005521811154379766,0.8564329099944828,0.0005521811154379766,WIN,85719.3495,4,0.5025,0.4025,0.5651,-0.1121,DISCOVERY
16102,B-BTC_USDT,2025-12-01 14:55:00+00:00,SHORT,DOWNTREND,86017.3,49.8043144200116,0.7896519343659918,-2.3526050244334584,-5.240780308851569,-37.389136774950515,-0.051993800295053995,-0.0012848910731722007,-0.018911775099617056,-1.7805477343769291,-83.5245664770132,0.5074248186796144,1.0496309628517426,-0.13310972293091494,0.03689806128831396,0.8545966228893072,0.14540337711069287,WIN,85587.2135,3,0.5025,0.4025,0.5757,-0.0844,DISCOVERY
16148,B-BTC_USDT,2025-12-01 18:45:00+00:00,SHORT,DOWNTREND,84770.2,44.57356148265975,-7.183068236428326,-33.33691627584512,-16.92738449730708,-77.42477844782593,-0.11723570992735254,-0.027854533343141252,-0.08083477617306656,-2.0755184766114096,-70.8981384350941,0.27758552188550684,0.636493981138647,-0.7251194893978354,0.22267573696147763,0.7269841269841402,0.27301587301585983,LOSS,85194.051,2,-0.4975,-0.5975,0.0336,-0.5947,DISCOVERY
16516,B-BTC_USDT,2025-12-03 01:25:00+00:00,LONG,UPTREND,91852.8,61.341385966796814,4.412652596746447,65.67454688158185,1.393543476689203,21.53093799342229,0.07408230319320783,0.03435760914749508,0.11009295346184889,1.112096661018999,210.3687209728182,0.9245726878563537,1.380010072309777,0.36096065620628187,0.5739726027397127,0.40730593607304605,0.5926940639269539,WIN,92312.064,5,0.5,0.4,0.6672,-0.0575,DISCOVERY
16550,B-BTC_USDT,2025-12-03 04:15:00+00:00,LONG,UPTREND,92858.4,61.494962435644396,5.879627277551634,-21.773193490944323,7.340786750608004,26.073945343426175,0.34633078978867016,0.021431734403543068,0.06112649825773531,1.4016930078291518,161.02700563959797,0.9166913263007646,0.6917542783772938,0.022585178667019725,0.5683760683760938,0.253968253968285,0.746031746031715,WIN,93322.692,2,0.5,0.4,0.6141,-0.1706,DISCOVERY
17233,B-BTC_USDT,2025-12-05 13:10:00+00:00,SHORT,DOWNTREND,91068.9,42.55313476040026,-3.730396960684452,-3.9484475181062066,-3.6763839850907303,-8.155578793341896,-0.17013128206196002,-0.014866326635387672,-0.039435056574488314,-0.07747525729084899,-99.00243498292247,0.12479981862505483,1.5294736052225348,-0.06394086593331429,0.014526894385540369,0.5685119748723597,0.014526894385540369,WIN,90613.5555,3,0.5025,0.4025,0.5923,-0.0137,DISCOVERY
17252,B-BTC_USDT,2025-12-05 14:45:00+00:00,SHORT,DOWNTREND,90054.1,31.103697320254682,-10.486693037496252,-25.85250993381905,-6.49658073222858,-24.911518161388415,-0.40343524181010265,-0.0532858373895273,-0.1554961887150097,-0.1691605490255678,-141.97398990022822,0.07507829546016136,1.7014226438367872,-0.3929212510820449,0.17898982139429528,0.6020741309775168,0.17898982139429528,LOSS,90504.3705,3,-0.4975,-0.5975,0.138,-1.244,DISCOVERY
17338,B-BTC_USDT,2025-12-05 21:55:00+00:00,SHORT,DOWNTREND,89145.1,41.108969024786006,-2.383888198194967,-27.233249802855184,-0.4924145202349486,-8.52036701767156,-0.09145910870979805,-0.016604894635785516,-0.05405944591736489,-0.8262946533828607,-185.5554885129368,0.17535409634895324,0.7011137276495525,-0.08650305730809953,0.39509105304835773,0.35866983372923095,0.39509105304835773,TIME_EXIT,89295.7,48,-0.1687,-0.2687,0.3246,-0.3626,DISCOVERY
17394,B-BTC_USDT,2025-12-06 02:35:00+00:00,SHORT,DOWNTREND,89170.5,41.99655292975054,-5.919243426353212,-15.286676693694329,-2.2929259938425055,-2.3376491320677975,-0.00764598836321701,-0.010045715204154426,-0.0205725104511556,-0.9936378685126439,-8.671912559549583,0.08473075208887529,0.4992628392977927,-0.0589589434261568,0.0020040080160028434,0.6032064128257504,0.0020040080160028434,LOSS,89616.3525,6,-0.4975,-0.5975,0.0119,-0.5563,DISCOVERY
17794,B-BTC_USDT,2025-12-07 11:55:00+00:00,SHORT,DOWNTREND,89109.4,42.422866986982214,-4.833094766042471,-7.121012072032656,-1.794261653133347,-8.1219699400703,-0.0613701222648866,-0.008111883077988047,-0.023998514805112503,-0.48160416297695385,-1.8857230997592467,0.15499825487888225,0.4686891272961787,-0.12155079513521874,0.0031545741322169724,0.5173501577285705,0.0031545741322169724,LOSS,89554.947,10,-0.4975,-0.5975,0.0391,-0.5033,DISCOVERY
17954,B-BTC_USDT,2025-12-08 01:15:00+00:00,LONG,UPTREND,90664.8,63.63892865464087,8.249495133783086,53.506562142513104,2.253160628912994,20.586912427512758,0.03175899441652273,0.041021080102909835,0.12816901146976978,0.054915663390872754,54.43314247541227,0.935311001140214,0.8415799898787916,0.37984774757654505,0.4752429430819123,0.36372049976859994,0.6362795002314001,WIN,91118.124,2,0.5,0.4,0.6156,-0.0567,DISCOVERY
17990,B-BTC_USDT,2025-12-08 04:15:00+00:00,LONG,UPTREND,91091.2,52.990179635525415,3.1741760294246575,-29.638394571689375,5.793566938640993,16.847978400494256,0.18206223515519074,0.002267618470308541,0.002069572927543284,0.2201836712291971,102.55295482075468,0.3909448333574427,0.42159111238615243,-0.044591990148335474,0.3796791443851287,0.38502673796793835,0.6149732620320616,WIN,91546.656,28,0.5,0.4,0.5282,-0.0932,DISCOVERY
18008,B-BTC_USDT,2025-12-08 05:45:00+00:00,LONG,UPTREND,91333.8,58.629039651499006,-3.384166953931981,10.713021172517621,0.23506545101881215,-1.1940571490520568,0.15906592397669708,0.01343676450504816,0.03699901932330274,0.2695127526361063,105.33726405019297,0.8137788721206187,0.7519203387225796,0.01921618498306266,0.44109589041111835,0.16575342465741463,0.8342465753425854,WIN,91790.469,22,0.5,0.4,0.5849,-0.1405,DISCOVERY
18029,B-BTC_USDT,2025-12-08 07:30:00+00:00,LONG,UPTREND,91645.2,64.2758029421777,9.349197515112536,10.6570948854405,3.6751392429673615,23.299616009349904,0.18074803473824322,0.02133962679218282,0.06922661863684176,0.3600869476985255,100.36608018372789,0.8889533486925209,1.4153562617486648,0.08866747730174013,0.6556169429096986,0.20902394106823596,0.6556169429096986,WIN,92103.426,19,0.5,0.4,0.6737,-0.2345,DISCOVERY
18063,B-BTC_USDT,2025-12-08 10:20:00+00:00,LONG,UPTREND,91990.2,60.70762684288721,4.450450776765358,-8.063776203529486,2.2914004682488667,15.968158887251732,0.19791338859265964,0.012478273975480292,0.04359137342520025,0.505249588467796,102.81809083459808,0.6962300999365318,0.5923926001221563,-0.08287216530638691,0.7716814159291778,0.0008849557522639006,0.7716814159291778,LOSS,91530.249,36,-0.5,-0.6,0.2083,-0.5459,DISCOVERY
18065,B-BTC_USDT,2025-12-08 10:30:00+00:00,LONG,UPTREND,92106.9,66.60363379161487,3.768452225622312,1.0463227326538913,7.42119573651523,11.401499404432244,0.20244030849837094,0.022209254740923612,0.047009199120640055,0.504609434179961,102.81809083459808,0.9864755753919232,1.334195386343775,0.04388404153204211,0.4015675426463915,0.10557860765333245,0.8944213923466675,LOSS,91646.3655,26,-0.5,-0.6,0.0813,-0.5202,DISCOVERY
18442,B-BTC_USDT,2025-12-09 17:55:00+00:00,LONG,UPTREND,93884.5,61.57015815794711,1.0203878808219642,-128.8256824634093,6.243653783689524,36.42005514622497,1.0234269305159371,0.029618914175322253,0.11184459480622078,0.3062585660826636,352.86437934174387,0.4781228094413087,0.27005291210661514,-0.3590029532407433,0.5569007263922519,0.04309927360771999,0.5569007263922519,LOSS,93415.0775,28,-0.5,-0.6,0.3587,-0.7113,DISCOVERY
18453,B-BTC_USDT,2025-12-09 18:50:00+00:00,LONG,UPTREND,93933.3,57.31895283780723,0.008790526185812553,-79.72593895092166,8.37415216780795,-0.9581325357179367,0.7541767173967092,0.013341709435898963,0.015883013592743467,0.4699980771124436,428.8797593685105,0.6467534102303977,0.6141016594103521,0.20487245476244761,0.3614093959731446,0.1097315436241513,0.8902684563758487,LOSS,93463.6335,17,-0.5,-0.6,0.3066,-0.7629,DISCOVERY
18460,B-BTC_USDT,2025-12-09 19:25:00+00:00,LONG,UPTREND,93951.0,56.73851816849652,1.2078318035237743,-44.117018419628636,7.846155572425602,24.11549512750807,0.590385482521942,0.011433266894655958,0.030680081386535996,0.6107685829702564,452.9133513960479,0.6227217228740944,0.4516984053068664,0.09320714478907695,0.36614730878185664,0.26062322946178235,0.7393767705382176,LOSS,93481.245,10,-0.5,-0.6,0.2877,-0.7816,DISCOVERY
18894,B-BTC_USDT,2025-12-11 07:35:00+00:00,SHORT,DOWNTREND,90101.6,45.277002412232825,-0.9414369258253785,-16.499447775034138,-0.5525092606065112,-4.999867043229731,-0.07533417940748613,-0.007612626620090435,-0.024196644347374008,-0.25859465453791336,-231.52523772587767,0.2629922162677661,0.8896320574175743,0.08359775594565914,0.12183692596064062,0.6597938144330895,0.12183692596064062,TIME_EXIT,90278.3,48,-0.1957,-0.2957,0.1897,-0.4363,DISCOVERY
18902,B-BTC_USDT,2025-12-11 08:15:00+00:00,SHORT,DOWNTREND,90000.0,39.13740520493813,-10.545445440311667,-17.48400243615984,-5.033588335296905,-18.590599682578823,-0.07501717311507997,-0.01578157192515528,-0.04167383213118381,-0.31601648720490627,-199.87961421278675,-0.019347939851460168,1.9644928199114524,-0.029258103794952132,0.10981697171382468,0.739877981142496,0.10981697171382468,LOSS,90450.0,15,-0.4975,-0.5975,0.0767,-0.5497,DISCOVERY
18992,B-BTC_USDT,2025-12-11 15:45:00+00:00,SHORT,DOWNTREND,89657.1,41.65093356160762,-8.108562603477289,-26.885911039383387,-17.486795113272557,-65.34878391148746,-0.08164442857624689,-0.03674396296359239,-0.0973817626699569,-0.5901183953687207,-58.604725369035975,0.21316121795460014,0.5729157010398669,-0.3194749648255021,0.135541401273915,0.5966878980891646,0.135541401273915,LOSS,90105.3855,12,-0.4975,-0.5975,0.4134,-0.5498,DISCOVERY
18995,B-BTC_USDT,2025-12-11 16:00:00+00:00,SHORT,DOWNTREND,89726.0,44.08733902219004,2.4364054605824137,-28.07192397057179,-0.9818736967191626,-1.186012931188401,-0.10777621796316263,-0.022103987145716264,-0.06271337591238213,-0.615255640133284,-41.025796089602295,0.3250076068488352,0.48767952153634336,-0.2428721282969623,0.2132854578096739,0.4129263913824057,0.2132854578096739,LOSS,90174.63,17,-0.4975,-0.5975,0.4905,-0.556,DISCOVERY
19234,B-BTC_USDT,2025-12-12 11:55:00+00:00,LONG,UPTREND,92381.5,52.49749539622763,4.164798565104853,-3.9230946585100357,4.95285880031081,11.229523692632707,0.004377743560021232,0.0033808074527463816,0.0006187411563995937,0.3751493350425444,56.5674120599063,0.5260195619179162,1.0246232251590874,-0.12755476077638042,0.48110465116285495,0.0,1.0,LOSS,91919.5925,31,-0.5,-0.6,0.0998,-0.5742,DISCOVERY
19327,B-BTC_USDT,2025-12-12 19:40:00+00:00,SHORT,DOWNTREND,90077.0,44.798190855223616,-1.7420918075662968,-15.617326944666772,-2.0945209529726156,-3.239165906213053,-0.2595085404834613,-0.015393609276137532,-0.037434126019308955,-0.047260789003749304,-313.08622818046973,0.23227103043019062,0.3332291152849407,-0.12032143189295186,0.155813953488389,0.7040697674418097,0.155813953488389,TIME_EXIT,90316.9,48,-0.2656,-0.3656,0.2605,-0.3114,DISCOVERY
19825,B-BTC_USDT,2025-12-14 13:10:00+00:00,SHORT,DOWNTREND,89200.8,39.93468730975025,-5.843607280615679,3.1493890110162113,-6.869714923534545,-36.38846111050759,-0.2261457297813958,-0.02119000792940584,-0.07051798130678355,-0.3822635662431804,-65.49086185976086,0.35734285256466686,0.2566460421743152,-0.11918686214053706,0.3177387914230407,0.6783625730994335,0.3177387914230407,WIN,88754.796,42,0.5025,0.4025,0.5589,-0.3659,DISCOVERY
19826,B-BTC_USDT,2025-12-14 13:15:00+00:00,SHORT,DOWNTREND,89151.2,38.27077657871693,-1.6295246104725223,-3.627667709496535,-6.777056720512746,-25.13103104884931,-0.23182403804448976,-0.024461015640420136,-0.06902667631530912,-0.38247624170784794,-65.49086185976086,0.301876699178558,0.3490493101435706,0.3010538078658697,0.019113149847094377,0.6016819571865087,0.019113149847094377,WIN,88705.444,41,0.5025,0.4025,0.503,-0.4218,DISCOVERY
19827,B-BTC_USDT,2025-12-14 13:20:00+00:00,SHORT,DOWNTREND,89180.6,39.87004352448632,-0.07114579141669708,-4.94151992149051,-1.313852211993975,-14.960623856041266,-0.23386027888776395,-0.019003378498039236,-0.06464054452490764,-0.3823501514874837,-65.49086185976086,0.275200128623827,0.2804813298532031,-0.1290653485016381,0.0,0.7741194486983004,0.22588055130169962,WIN,88734.697,40,0.5025,0.4025,0.5362,-0.3886,DISCOVERY
19839,B-BTC_USDT,2025-12-14 14:20:00+00:00,SHORT,DOWNTREND,89314.7,48.058969611082695,-3.2685124029140766,20.404175704273968,-3.3439625919094738,-11.790843546604648,-0.150525777912587,-0.001144339166603281,-0.0037120780267185793,-0.40139437225809266,-67.92825537629454,0.5458220865599159,0.8245634951466709,-0.23663649954577234,0.16591422121891788,0.6726862302483285,0.16591422121891788,WIN,88868.1265,6,0.5025,0.4025,0.5358,-0.0541,DISCOVERY
19848,B-BTC_USDT,2025-12-14 15:05:00+00:00,SHORT,DOWNTREND,88896.8,35.746259148728456,0.009091865771097218,-22.0480576071501,-4.283214254579278,5.9938368397245085,-0.2097861474615995,-0.028785914466022966,-0.059134702929042327,-0.44262968182677737,-88.54550157874286,0.06889524804837163,1.0128258799861576,-0.14741142642844723,0.020007846214223798,0.5084346802667767,0.020007846214223798,LOSS,89341.284,15,-0.4975,-0.5975,0.0733,-0.5355,DISCOVERY
19927,B-BTC_USDT,2025-12-14 21:40:00+00:00,SHORT,DOWNTREND,88495.3,42.95486846850718,-2.5454312770455587,2.924242954319631,-1.7657421964460056,-3.3361203546275036,-0.12019645027142968,-0.008315403660141829,-0.020815629664416857,-0.6553044483006267,-98.58689470653025,0.2638759894733265,0.5349989651997016,-0.13435463886311577,0.395484949832781,0.4531772575251589,0.395484949832781,WIN,88052.8235,10,0.5025,0.4025,0.5057,-0.0979,DISCOVERY
19946,B-BTC_USDT,2025-12-14 23:15:00+00:00,SHORT,DOWNTREND,88019.8,35.166108654869944,-10.108311717241065,-16.320089648269146,-4.955329017605749,-19.06979450533582,-0.204686854133117,-0.029846937884958624,-0.0829002526764211,-0.7237285687048249,-89.71567596996795,0.10590610073054844,0.7368537583390345,-0.036135054532064795,0.17090909090911738,0.8190909090908959,0.18090909090910415,WIN,87579.701,3,0.5025,0.4025,0.5891,-0.0361,DISCOVERY
20159,B-BTC_USDT,2025-12-15 17:00:00+00:00,SHORT,DOWNTREND,86200.1,31.72696420568306,3.101778017197475,20.73346955720251,-0.34443331805505295,21.20840591722822,-1.0353423417586207,-0.07545901854189019,-0.20701165085104112,-0.6257966662114646,-287.28256725013864,0.10240977135141824,0.6025911659253224,-0.7108896242136008,0.0,0.44096133751304467,0.0,WIN,85769.0995,6,0.5025,0.4025,0.5879,-0.1636,DISCOVERY
20279,B-BTC_USDT,2025-12-16 03:00:00+00:00,SHORT,DOWNTREND,85846.2,42.55855152769986,-12.327916629870401,1.0572789465987604,-9.810402684431228,-35.42358840730357,-0.0656432360375706,-0.01465153722389756,-0.037455573361067085,-1.4143386306766592,-93.34362471025474,0.35108143574929046,1.0729600884967996,-0.05400058846756929,0.04020100502506631,0.561378320172316,0.04020100502506631,WIN,85416.969,6,0.5025,0.4025,0.593,-0.0481,DISCOVERY
20286,B-BTC_USDT,2025-12-16 03:35:00+00:00,SHORT,DOWNTREND,85591.2,32.172476490267584,-2.2099699803892037,-30.416856127758862,-1.1132970980623682,0.5479666902940465,-0.14207851787540457,-0.027471084622454622,-0.07342158150197564,-1.4185523389880574,-93.34362471025474,0.0970694603874467,1.3005106211800725,-0.32472036593673165,0.20380078636954815,0.36828309305373724,0.20380078636954815,LOSS,86019.156,25,-0.4975,-0.5975,0.4285,-0.5495,DISCOVERY
20293,B-BTC_USDT,2025-12-16 04:10:00+00:00,SHORT,DOWNTREND,85751.3,44.53813958271394,-5.369089110614674,11.302375325414566,-0.8375972674125123,0.6435926479629543,-0.11803034395934582,-0.005663517581000477,-0.014181281906566756,-1.4391750044736324,-62.311532594406344,0.40977849275621725,0.5266794307633501,0.05932582098526001,0.0,0.7852604828463176,0.0,WIN,85322.5435,7,0.5025,0.4025,0.6164,-0.0227,DISCOVERY
20834,B-BTC_USDT,2025-12-18 01:15:00+00:00,SHORT,DOWNTREND,85894.2,39.93811478488138,-4.986536866619282,-37.612810465069515,-4.366973683187382,-29.9925900660889,-0.023737096407054376,-0.022120050038332284,-0.07406296723261319,-0.4966337358508078,-82.1093448604326,0.03940740350650135,1.002330679084454,-0.008725089766866527,0.3600746268656289,0.4968905472637269,0.3600746268656289,LOSS,86323.671,11,-0.4975,-0.5975,0.0,-0.7169,DISCOVERY
21107,B-BTC_USDT,2025-12-19 00:00:00+00:00,SHORT,DOWNTREND,85416.8,48.15669088123471,1.9403594180195043,-15.189009413050734,-0.9396886460780465,4.592425068694986,-0.09088097587660869,-0.005048398769347262,-0.004704036144032031,-0.45115172729468833,-238.4374351962784,0.20738717848374152,1.5722892691712496,-0.008516334534507668,0.0006493506493884465,0.6551948051947674,0.0006493506493884465,LOSS,85843.884,34,-0.4975,-0.5975,0.4163,-0.5861,DISCOVERY
21122,B-BTC_USDT,2025-12-19 01:15:00+00:00,SHORT,DOWNTREND,85367.7,47.52112178214373,0.45599425347889166,-1.8987415709380606,-1.392103529565233,-2.6811166935237853,-0.0753642222387084,-0.005019144205997694,-0.012451150134007438,-0.4854581652338996,-199.87246908401323,0.3642141520990298,0.5333422789202031,-0.08667600265597285,0.02456418383511363,0.6711568938193269,0.02456418383511363,LOSS,85794.5385,19,-0.4975,-0.5975,0.3586,-0.6439,DISCOVERY
22053,B-BTC_USDT,2025-12-22 06:50:00+00:00,LONG,UPTREND,88915.2,56.54979303066934,5.292072649852635,5.480428397672483,2.7907702826008283,12.419413672641152,0.06371787801048427,0.008879885393642262,0.02723030181370767,0.2637128548519741,44.701918482053586,0.8361654494829445,0.8039163914373478,0.017739146358985738,0.5142857142856009,0.08571428571436131,0.9142857142856387,WIN,89359.776,17,0.5,0.4,0.597,-0.079,DISCOVERY
22069,B-BTC_USDT,2025-12-22 08:10:00+00:00,LONG,UPTREND,89159.0,59.18021134341588,-0.3602221409091584,4.05319257356814,0.9530705088478726,2.598750150082978,0.1302286013164202,0.01409937949385931,0.04224209553445046,0.30581456994214984,61.61329451927028,0.7950038129403102,0.721454198731592,0.0704210275050078,0.4554637281909451,0.0,1.0,WIN,89604.795,2,0.5,0.4,0.7949,-0.0102,DISCOVERY
22085,B-BTC_USDT,2025-12-22 09:30:00+00:00,LONG,UPTREND,89686.0,64.16781321304381,6.0232657311563145,0.4127830092290594,12.193706754203092,24.70694430488676,0.23329720768656567,0.032983187803514724,0.07129212037346733,0.3377889100982252,77.25479161413747,0.8153989860613632,0.5633913039247778,0.0524353253727568,0.44165981922761943,0.0,1.0,WIN,90134.43,33,0.5,0.4,0.5559,-0.2697,DISCOVERY
22111,B-BTC_USDT,2025-12-22 11:40:00+00:00,LONG,UPTREND,89827.8,57.67642527950427,-1.3043532469301695,-3.4324457523383387,0.08936808413054109,11.382867911251452,0.20875551815614043,0.011116928472976184,0.04665844244864381,0.44236843288285804,124.8860581090999,0.7895609415182332,1.0704649183916461,-0.05799682025776866,0.5923515052889045,0.2921074043937826,0.7078925956062174,WIN,90276.939,8,0.5,0.4,0.5109,-0.018,DISCOVERY
22117,B-BTC_USDT,2025-12-22 12:10:00+00:00,LONG,UPTREND,90039.4,65.00003753664618,5.572397728085775,13.103733383481327,1.5814669150681198,7.717866292428326,0.23035307973274222,0.02276766551783105,0.06716590551678614,0.4902878404320131,134.46586693057367,0.9549225974048606,1.4247485726084372,0.20155904938422678,0.8208204334365172,0.11842105263160414,0.8815789473683958,WIN,90489.597,4,0.5,0.4,0.6215,0.0,DISCOVERY
22370,B-BTC_USDT,2025-12-23 09:15:00+00:00,SHORT,DOWNTREND,87465.5,45.39667793387876,-4.269450597018903,-1.629351891049831,-2.6045420400195987,1.8480056685341797,-0.11247014113407963,-0.005825227076772244,-0.004166371274549885,-0.21253641188286243,-154.2770277747903,0.2453322928461329,1.3559597672991957,-0.04546011394969405,0.15474642392719415,0.46293888166447167,0.15474642392719415,LOSS,87902.8275,42,-0.4975,-0.5975,0.2398,-0.5128,DISCOVERY
22621,B-BTC_USDT,2025-12-24 06:10:00+00:00,SHORT,DOWNTREND,86822.1,32.60263225303275,-4.796526200719008,-16.68510847937013,-0.9336026379252331,4.707325677252925,-0.16602523574290748,-0.023571236059016787,-0.060026390661693796,-0.4401483011202151,-18.746059489837222,0.11360947874589239,0.6564939744839279,-0.03868485315299493,0.0009560229446062639,0.3910133843212854,0.0009560229446062639,TIME_EXIT,87027.8,48,-0.2364,-0.3364,0.1735,-0.3743,DISCOVERY
22645,B-BTC_USDT,2025-12-24 08:10:00+00:00,SHORT,DOWNTREND,86940.3,44.950463147325785,6.322463909969386,-5.589035131845224,-1.5391023598803262,-11.894685550415712,-0.07278642546662374,-0.006002391640624882,-0.02316211861564943,-0.4757736804242444,-30.635414812467445,0.2839208227517399,0.5272675012280178,-0.04519162724436287,0.35431235431233454,0.5617715617717737,0.35431235431233454,TIME_EXIT,87256.0,48,-0.3618,-0.4618,0.3099,-0.4329,DISCOVERY
23181,B-BTC_USDT,2025-12-26 04:50:00+00:00,LONG,UPTREND,89020.7,63.81836671174934,5.532714035372422,-1.0056344691720938,8.76645099200391,41.0068616315549,0.35953124779417717,0.029510317674441566,0.09148585173621715,0.13993464507197198,79.0368104312714,0.9800272922724057,0.45489736593901114,0.2909874717521803,0.5664652567974835,0.11933534743213507,0.880664652567865,WIN,89465.8035,30,0.5,0.4,0.5384,-0.2704,DISCOVERY
23183,B-BTC_USDT,2025-12-26 05:00:00+00:00,LONG,UPTREND,88959.8,60.18582968597865,-3.025270199479202,-2.596128306192753,0.08080503993943466,7.1759571549832515,0.3523451040147821,0.018580774747412043,0.06463666163485371,0.20023230550884605,113.66907869318263,0.819920664412488,0.90314754762437,0.40585682584726507,0.5869947275922777,0.11599297012299431,0.8840070298770057,WIN,89404.599,28,0.5,0.4,0.6072,-0.2021,DISCOVERY
23193,B-BTC_USDT,2025-12-26 05:50:00+00:00,LONG,UPTREND,88885.4,55.62346021515339,4.0717880867058796,-19.74671229658358,3.3418001838929285,8.84123286245159,0.25398446687598175,0.0058760095160703685,0.013120175322112182,0.20039990652689693,113.66907869318263,0.576412221791048,0.5003014122918265,0.3446767972733401,0.9236363636363284,0.0036363636363989137,0.9236363636363284,WIN,89329.827,16,0.5,0.4,0.5227,0.0001,DISCOVERY
23404,B-BTC_USDT,2025-12-26 23:25:00+00:00,SHORT,DOWNTREND,87407.9,45.834925007801544,-2.9315392416088173,-0.3157041508070524,-2.1505979563413558,-1.8870235292584994,-0.009901642237859998,-0.004625968137650371,-0.006180400910471562,-0.08209472488609507,-95.8198312588795,0.3170108130808859,0.7370085403467345,-0.058630210648844154,0.0016077170416603462,0.5691318327973607,0.0016077170416603462,TIME_EXIT,87385.5,48,0.0256,-0.0744,0.235,-0.0587,DISCOVERY
23406,B-BTC_USDT,2025-12-26 23:35:00+00:00,SHORT,DOWNTREND,87358.5,41.55534606766401,-6.653386193222168,-5.930696280268895,-3.264874328014338,-7.765590085803199,-0.017882602792063027,-0.008986166288371678,-0.019702413849997935,-0.08214114829548709,-95.8198312588795,0.09963440031812967,1.6742971104928588,-0.11511370547703892,0.09964830011722989,0.5275498241500406,0.09964830011722989,TIME_EXIT,87452.1,48,-0.107,-0.207,0.1783,-0.1362,DISCOVERY
23409,B-BTC_USDT,2025-12-26 23:50:00+00:00,SHORT,DOWNTREND,87308.6,38.08120426477243,-3.4741418028915803,-13.731784720416886,-0.5929640046144442,-7.801088440147991,-0.03661745711533075,-0.011136128114419552,-0.036682240202701166,-0.08218809491128375,-95.8198312588795,0.0646283209967454,1.2506689806034574,-0.17216889559701712,0.0028776978416847425,0.869064748201355,0.1309352517986449,TIME_EXIT,87461.8,48,-0.1752,-0.2752,0.1211,-0.2117,DISCOVERY
24089,B-BTC_USDT,2025-12-29 08:30:00+00:00,LONG,UPTREND,89730.3,52.89603298053068,2.2193771941468654,31.832362115981297,2.1495085589081953,18.60724123467952,0.00990255520216205,0.007182776320902029,0.026709685415338136,0.5882553424956595,194.17165516796427,0.8358416613296791,1.017857543825883,0.1789438028483178,0.7232653061224965,0.19755102040813952,0.7232653061224965,LOSS,89281.6485,11,-0.5,-0.6,0.0529,-0.5293,DISCOVERY
24552,B-BTC_USDT,2025-12-30 23:05:00+00:00,LONG,UPTREND,88415.5,61.458319119417595,4.397868798329313,3.476121650103721,2.0299201604727912,1.8145605216235765,0.04846461303060685,0.012849661198943707,0.032128200899150805,0.15429337336986187,17.47437724657894,0.844055922320218,0.8408269351874409,0.047723676799518805,0.3849855630414075,0.08084696823863956,0.9191530317613604,TIME_EXIT,88740.0,48,0.367,0.267,0.4123,-0.3174,DISCOVERY
24702,B-BTC_USDT,2025-12-31 11:35:00+00:00,LONG,UPTREND,88902.4,66.34040205564429,4.768278727748161,8.721907429693744,0.3103544439786319,3.608354372349936,0.11930458108962963,0.01519645970611272,0.04730680161657563,0.25372554408584447,11.005923668646403,0.8999244310591412,1.293161396942225,0.1935915587205592,0.4896489648965426,0.3366336633663976,0.6633663366336024,LOSS,88457.888,38,-0.5,-0.6,0.3267,-0.7524,DISCOVERY
24732,B-BTC_USDT,2025-12-31 14:05:00+00:00,LONG,UPTREND,89082.0,69.12787726843736,5.876430847507201,30.31704358467617,8.001184242815903,23.31330657072691,0.07255480963596571,0.025594313418197956,0.061134427366060784,0.3059503697720929,30.000412675795957,1.1092479421949661,3.7015400788224992,0.1663254401462441,0.4309796437658913,0.35241730279898165,0.6475826972010184,LOSS,88636.59,6,-0.5,-0.6,0.0367,-0.5972,DISCOVERY
24920,B-BTC_USDT,2026-01-01 05:45:00+00:00,SHORT,DOWNTREND,87667.5,46.19148332890187,-3.787663170832616,14.968710480213815,-1.5260962010833197,-4.089186498893298,-0.06124554274664118,-0.0012819684564568945,-0.00335056121684163,-0.12050287802648305,-20.40284389092355,0.6854014961734386,0.24292886387779358,0.08443545037681072,0.0,0.47328244274876996,0.0,TIME_EXIT,87830.9,48,-0.186,-0.286,0.1245,-0.3122,DISCOVERY
24921,B-BTC_USDT,2026-01-01 05:50:00+00:00,SHORT,DOWNTREND,87674.6,47.241558321308204,1.1057513171426763,14.055019442469032,-0.9136910377447833,-3.454469851763726,-0.05906763168453509,-0.00038867242604379015,-0.0022711625363491805,-0.1204931195510068,-20.40284389092355,0.7033029325998041,0.42384907400070515,0.10200346496660632,0.0,0.7815384615382824,0.21846153846171756,TIME_EXIT,87821.4,48,-0.1672,-0.2672,0.1326,-0.3041,DISCOVERY
24926,B-BTC_USDT,2026-01-01 06:15:00+00:00,SHORT,DOWNTREND,87621.5,41.16292582751495,-1.7831655448396333,2.8657054523241072,-1.230138615367519,-7.242307729823565,-0.05973033791646156,-0.0046097224142949145,-0.016399527166988115,-0.13138545194670978,-16.44486503850854,0.3869865003588832,0.5094791698012299,0.002299716781032687,0.007194244604730788,0.7697841726611776,0.007194244604730788,TIME_EXIT,87788.3,48,-0.19,-0.29,0.072,-0.3649,DISCOVERY
25107,B-BTC_USDT,2026-01-01 21:20:00+00:00,LONG,UPTREND,88335.0,60.26660611863412,4.710629288528104,1.9212993716869988,2.24985640451073,12.20514770934465,0.0765571033206211,0.007869861015774582,0.026239548234352483,0.005937195420967366,68.00868837008515,0.7204418085435899,0.29105936685088646,0.0415070043777649,0.5813953488372093,0.0,1.0,WIN,88776.675,26,0.5,0.4,0.5038,-0.0812,DISCOVERY
25434,B-BTC_USDT,2026-01-03 00:35:00+00:00,LONG,UPTREND,90007.6,50.59445036074909,-2.478628599173284,4.921254160349907,0.07904737311725185,4.864989773425208,0.009331583485996735,0.0009272150378603072,0.0069879368997716185,0.649686108493353,2.9632114774444176,0.5772466909642311,0.28521168290570964,0.1031670662809257,0.6710816777043439,0.25386313465782034,0.6710816777043439,TIME_EXIT,90079.2,48,0.0795,-0.0205,0.4982,-0.0283,DISCOVERY
25705,B-BTC_USDT,2026-01-03 23:10:00+00:00,LONG,UPTREND,90506.2,53.941743347738424,-5.418812557715789,-21.106557569275623,0.7561757446051303,-3.7329923695061495,0.13705692110954454,0.0015877252647067408,0.0014324308187374513,0.4859324215427221,35.313503340962626,0.3903076220532707,1.418285942415042,-0.05461282346199334,0.49246813441481535,0.07879490150640418,0.9212050984935958,WIN,90958.731,11,0.5,0.4,1.2059,-0.0001,DISCOVERY
25708,B-BTC_USDT,2026-01-03 23:25:00+00:00,LONG,UPTREND,90598.7,60.36600439042143,6.424261042683007,-7.964126159232151,3.515882902465542,13.142431410043471,0.13698875039600222,0.0094437304467343,0.027569809362559816,0.48543629136654187,35.313503340962626,0.7865776726218997,0.5981923309254298,0.03771343410383544,0.3626062322946701,0.03682719546750151,0.9631728045324985,WIN,91051.6935,8,0.5,0.4,1.1026,-0.0315,DISCOVERY
25745,B-BTC_USDT,2026-01-04 02:30:00+00:00,LONG,UPTREND,91189.5,56.27842461767685,3.0991304637695123,-13.379225730337502,4.310800717916642,12.666289860718003,0.18907472667421518,0.007757714576661634,0.018534498414224387,0.5867063134080108,102.60756024437535,0.570074090734812,0.8602225633824236,0.09819973734368485,0.6825775656323998,0.12529832935560423,0.8747016706443957,WIN,91645.4475,43,0.5,0.4,0.6472,-0.1704,DISCOVERY
25781,B-BTC_USDT,2026-01-04 05:30:00+00:00,LONG,UPTREND,91424.8,59.43860839827126,3.372895924848798,-4.746801588314959,1.275675012608616,4.797089038273867,0.13542988859231564,0.00810376014921399,0.02440168408142096,0.664150031797392,95.11730103579958,0.682518559285085,0.37910845384444025,0.08597505327667584,0.6213151927438801,0.09070294784579301,0.909297052154207,TIME_EXIT,91320.2,48,-0.1144,-0.2144,0.3882,-0.3422,DISCOVERY
25790,B-BTC_USDT,2026-01-04 06:15:00+00:00,LONG,UPTREND,91647.6,68.24374173365551,6.125983343232903,21.291181141643087,3.336189718010772,21.69982620181431,0.1508326853802979,0.02279107601184105,0.07372326362509174,0.6904515181792739,92.85120695111965,1.0281215784487001,1.4661653887101507,-0.0002591441396403472,0.78992248062011,0.014728682170497514,0.9852713178295025,LOSS,91189.362,8,-0.5,-0.6,0.1273,-0.5126,DISCOVERY
26046,B-BTC_USDT,2026-01-05 03:35:00+00:00,LONG,UPTREND,92965.8,58.26212571407483,2.085819905328954,-35.15459728754081,1.5246370519038805,3.7737160308100215,0.3810056659475176,0.007768893642512431,0.02482806466532761,0.7421196719316961,143.44165465806157,0.6229730579474174,0.8053514509681119,-0.0546004765010233,0.5313351498638024,0.3623978201633975,0.6376021798366025,LOSS,92500.971,10,-0.5,-0.6,0.0282,-0.6375,DISCOVERY
26127,B-BTC_USDT,2026-01-05 10:20:00+00:00,LONG,UPTREND,92887.1,67.48111855512659,4.9048718865470065,34.13831079692396,1.0202585069071333,9.701300189274459,0.08608577785492919,0.025257180482007868,0.07764762859652219,0.8229495811590712,15.755390363279503,0.9292242836515774,0.8546232405850109,0.5585890612461478,0.47303370786523397,0.110112359550431,0.889887640449569,TIME_EXIT,92757.6,48,-0.1394,-0.2394,0.3218,-0.4201,DISCOVERY
26146,B-BTC_USDT,2026-01-05 11:55:00+00:00,LONG,UPTREND,93093.3,61.1590006814379,4.649084148104805,-0.385747020775824,3.055816465509224,16.519581490168846,0.15984301767645576,0.016911265805830134,0.0540972946525331,0.8482194871160231,33.31321751920018,0.8484587585801442,0.84670287077777,0.21345333259952062,0.7948717948718502,0.09041835357620194,0.909581646423798,LOSS,92627.8335,20,-0.5,-0.6,0.0996,-0.5264,DISCOVERY
26183,B-BTC_USDT,2026-01-05 15:00:00+00:00,LONG,UPTREND,93395.3,67.64535146390696,5.847012710710054,86.12347281476329,0.9638515937634793,31.935817390492744,0.10842148736902504,0.047541404676620935,0.15995679222862158,0.8892915998655352,24.019238021607862,0.967518935084356,1.4850604026196557,0.725440312441457,0.6559374999999819,0.3271874999999909,0.6728125000000091,WIN,93862.2765,8,0.5,0.4,0.5742,-0.3007,DISCOVERY
26207,B-BTC_USDT,2026-01-05 17:00:00+00:00,LONG,UPTREND,93667.7,54.943333596284276,1.920726913794006,-49.19366518180374,1.6159513403964638,-1.843317692790265,0.27616804704245335,0.003416893191987569,0.008116644896016822,0.9661610999279511,69.05862777195011,0.3975925853764039,0.42698090964533897,-0.1786400756154625,0.4858722358722629,0.3845208845209134,0.6154791154790866,WIN,94136.0385,11,0.5,0.4,0.8137,-0.4983,DISCOVERY
26245,B-BTC_USDT,2026-01-05 20:10:00+00:00,LONG,UPTREND,94362.9,58.915182946837156,2.6026702104099257,-9.415208401758065,3.447388547622552,17.95829216310844,0.25824944117467696,0.01651527373305317,0.055321440958011614,1.102383238663452,112.94840059309718,0.722002023223905,1.4697522002402246,-0.017156871899361246,0.7114996637525554,0.0,1.0,LOSS,93891.0855,15,-0.5,-0.6,0.4211,-0.6152,DISCOVERY
26247,B-BTC_USDT,2026-01-05 20:20:00+00:00,LONG,UPTREND,94417.3,60.273362198547694,2.845114255399679,-5.523647394582682,5.104818398328973,7.338949554797935,0.2555564770726035,0.019442522114099248,0.04640636669128728,1.1017480833668771,112.94840059309718,0.8715549888126061,0.6515389139384432,0.04048301269691068,0.3913721413721387,0.09511434511435593,0.9048856548856441,LOSS,93945.2135,10,-0.5,-0.6,0.3633,-0.5266,DISCOVERY
26726,B-BTC_USDT,2026-01-07 12:15:00+00:00,SHORT,DOWNTREND,92048.3,49.17451871889591,-6.020391245714826,4.057621999295541,-2.3141249825860424,-19.24485644441492,-0.10598234809232317,-0.0001877389991911116,-0.008930731038503392,-0.11083307840865118,-78.46314751856036,0.49953440823482403,0.7336449342478135,-0.0066346633103887545,0.0,0.6441307578008421,0.35586924219915794,WIN,91588.0585,23,0.5025,0.4025,0.5419,-0.2184,DISCOVERY
26729,B-BTC_USDT,2026-01-07 12:30:00+00:00,SHORT,DOWNTREND,91982.9,44.27545561291672,-4.899063105979188,-5.744744576193323,-3.176487836324743,-9.802366575488865,-0.10207097627378163,-0.0061855562913493145,-0.014073762954580626,-0.11091188091789941,-78.46314751856036,0.1848127831287849,0.6381518485345691,-0.08632734056666018,0.08211678832116352,0.6605839416057512,0.08211678832116352,WIN,91522.9855,21,0.5025,0.4025,0.5759,-0.2896,DISCOVERY
26780,B-BTC_USDT,2026-01-07 16:45:00+00:00,SHORT,DOWNTREND,91302.1,42.77640197762768,-0.03646204883887094,7.20799475898491,-7.806053719851747,-22.853218375694638,-0.18764007235427868,-0.017546731997530873,-0.04595291564303272,-0.2652689887286643,-89.11939280561995,0.35831059871860865,0.351319931131442,0.06888756946401618,0.0,0.43569431500467753,0.0,WIN,90845.5895,25,0.5025,0.4025,0.5392,-0.392,DISCOVERY
26842,B-BTC_USDT,2026-01-07 21:55:00+00:00,SHORT,DOWNTREND,91050.0,47.952246150443315,-2.144451164221522,-0.9615519457416317,-3.6451898876335784,-9.52108491406564,-0.056208377122938614,-0.0032559359503636642,-0.0026709706166250236,-0.5098486545470821,-94.06506218999652,0.4838678924768475,0.7624246258951073,0.03693016271383317,0.06480117820315989,0.7790868924889354,0.06480117820315989,LOSS,91505.25,25,-0.4975,-0.5975,0.2287,-0.5207,DISCOVERY
27007,B-BTC_USDT,2026-01-08 11:40:00+00:00,SHORT,DOWNTREND,90042.4,42.67621506225288,-6.014617765387662,-15.425780771065831,-6.671176151823985,-20.864795671161673,-0.08226229350667386,-0.01491987155775032,-0.03201474779451763,-0.7873568573486508,-33.111404687121365,0.2638898229277861,1.3326360573684133,-0.0840119705129262,0.000494559841769645,0.9584569732937968,0.041543026706203266,WIN,89592.188,33,0.5025,0.4025,0.8314,-0.2304,DISCOVERY
27672,B-BTC_USDT,2026-01-10 19:05:00+00:00,SHORT,DOWNTREND,90545.0,43.55446966590987,0.2218707076137605,3.866164853889824,-0.008480967889855862,2.6454461156864113,-0.03133898521015715,-0.0017167107295934514,-0.0031253257818275593,-0.14921461997971344,-1.9261367053169742,0.46761686179293366,0.46801504830876633,0.05508582504145893,0.0,0.36094674556173784,0.0,TIME_EXIT,90492.2,48,0.0583,-0.0417,0.2064,-0.0912,DISCOVERY
28240,B-BTC_USDT,2026-01-12 18:25:00+00:00,LONG,UPTREND,91875.7,58.483306632463325,5.746267428508091,13.84321230754929,15.495682697553484,53.71461847639223,0.1848762777512089,0.026337235092377398,0.06352733514520814,0.16562232186881487,43.57198871151303,0.6449813476597661,0.3760017828726558,-0.20640145939219914,0.36440677966099283,0.15840938722297151,0.8415906127770285,LOSS,91416.3215,7,-0.5,-0.6,0.0104,-0.5362,DISCOVERY
28252,B-BTC_USDT,2026-01-12 19:25:00+00:00,LONG,UPTREND,91788.1,55.67120827329648,4.828353904908418,14.493688709299192,4.899885728629627,21.563617926413777,0.12710680578517183,0.014606050467347309,0.04223802227292239,0.18855498200015483,55.07114369642308,0.7845848348410471,0.49414279006851586,0.5641773705484054,0.7690355329948936,0.06006768189502067,0.9399323181049793,LOSS,91329.1595,19,-0.5,-0.6,0.2494,-0.6625,DISCOVERY
28517,B-BTC_USDT,2026-01-13 17:30:00+00:00,LONG,UPTREND,93341.2,56.97077778174194,4.346304432477197,-50.182864302364095,1.9647618865425045,7.271771417414357,0.3724517142854791,0.010321241760591349,0.035175645892038254,0.5246041632018026,142.1115636844222,0.4399448448157361,0.45389618835763196,0.051702719492301034,0.6890012642224947,0.22503160556255172,0.6890012642224947,WIN,93807.906,15,0.5,0.4,0.5351,-0.2451,DISCOVERY
28596,B-BTC_USDT,2026-01-14 00:05:00+00:00,LONG,UPTREND,95543.0,60.75637632857458,6.785945743135613,-45.84832764687533,18.6922304092366,51.55429875303952,0.44404857246969587,0.027958633659386223,0.061328355624024056,1.0659690100746546,274.47145082355223,0.5997234516953901,0.9548774156418658,-0.15757553337578972,0.4823348694316498,0.10407066052229229,0.8959293394777077,TIME_EXIT,95329.3,48,-0.2237,-0.3237,0.2219,-0.4825,DISCOVERY
28624,B-BTC_USDT,2026-01-14 02:25:00+00:00,LONG,UPTREND,95485.2,59.26883701456442,1.4669969211591223,15.97144903080276,8.840050232507709,21.045171458873465,0.1576566963134576,0.018145212159415003,0.036757574740931,1.1913945293551376,211.34787810200828,0.8846915443310414,1.7698779216924734,0.2896983469485805,0.35331050228307764,0.09874429223746117,0.9012557077625388,LOSS,95007.774,35,-0.5,-0.6,0.2826,-0.6254,DISCOVERY
28852,B-BTC_USDT,2026-01-14 21:25:00+00:00,LONG,UPTREND,97527.9,55.91215345141547,2.2130385113170803,-15.578126635900105,1.2760715393458497,2.289926438732863,0.23532085946274028,0.010918683972516163,0.03068437280930869,1.5328518921650098,118.15192390079778,0.6381014620486489,0.48756072378089865,0.04895354111983237,0.740228013029251,0.21091205211732994,0.740228013029251,LOSS,97040.2605,14,-0.5,-0.6,0.1426,-0.5251,DISCOVERY
28858,B-BTC_USDT,2026-01-14 21:55:00+00:00,LONG,UPTREND,97515.0,53.88467523593081,2.4186211650120555,-22.424166621622277,2.8067153755646643,-6.3772924867980265,0.20324403947011324,0.0057063703174931035,0.0043534465541617,1.5330546690650655,118.15192390079778,0.5597940100962627,1.2543611736756028,0.029083470123442444,0.4685059864653684,0.02915148360231989,0.9708485163976801,LOSS,97027.425,8,-0.5,-0.6,0.0214,-0.5119,DISCOVERY
29740,B-BTC_USDT,2026-01-17 23:25:00+00:00,SHORT,DOWNTREND,95077.3,37.86697770049428,-6.275404322366718,2.0342547710043206,-1.4649816563292077,-0.5115721960661972,-0.0714460953606171,-0.007490072393279146,-0.016945404462331837,-0.05124780238078539,-1.867990049685968,0.25102125586467894,0.5963379041410118,0.021671276196197915,0.0,0.6497175141244006,0.0,TIME_EXIT,95093.6,48,-0.0171,-0.1171,0.2719,-0.13,DISCOVERY
30067,B-BTC_USDT,2026-01-19 02:40:00+00:00,SHORT,DOWNTREND,92517.3,42.239716866133264,2.664389085876401,74.20596446186102,-0.3967840960296485,1.3568300719782087,-0.6652783578878522,-0.007772523513460694,-0.028935274860220073,-0.3836516865602299,-280.19993191796357,0.5141966071656345,0.5071551057265263,0.2718213002552421,0.0064724919092906215,0.776699029126177,0.22330097087382297,TIME_EXIT,92504.0,48,0.0144,-0.0856,0.1871,-0.2704,DISCOVERY
30078,B-BTC_USDT,2026-01-19 03:35:00+00:00,SHORT,DOWNTREND,92515.6,43.330831288258416,0.9984659345399649,33.033554499383854,-5.829140435452416,-25.62549027641751,-0.43706374957299104,-0.00627995286135441,-0.02274101626513758,-0.4960976809605536,-314.4064396482692,0.48018276098342894,0.4955316143992123,0.2615328124098881,0.0,0.8965517241377307,0.10344827586226932,TIME_EXIT,92604.9,48,-0.0964,-0.1964,0.1853,-0.2723,DISCOVERY
30101,B-BTC_USDT,2026-01-19 05:30:00+00:00,SHORT,DOWNTREND,92564.6,45.46717809520079,-0.3432756270688131,-3.4332117075781605,-3.2196810166472267,-7.095260501936195,-0.1609171894960917,-0.005283707306824592,-0.009761261723728598,-0.659530678832562,-288.51958997078304,0.22230065455036438,1.7754421277320993,-0.07749384657298496,0.037932669511617924,0.7060218112849611,0.037932669511617924,LOSS,93027.423,34,-0.4975,-0.5975,0.2383,-0.678,DISCOVERY
30103,B-BTC_USDT,2026-01-19 05:40:00+00:00,SHORT,DOWNTREND,92567.7,45.76340838208896,-3.7999264692618766,-5.836144380769042,-0.6239940806765105,-5.622613689838108,-0.1535789206122332,-0.004010754411953865,-0.014033424338399936,-0.659508591807559,-288.51958997078304,0.2844393718480925,0.5438623125052373,-0.07414742937813129,0.0,0.9648894668400873,0.0351105331599128,LOSS,93030.5385,32,-0.4975,-0.5975,0.2417,-0.6746,DISCOVERY
30440,B-BTC_USDT,2026-01-20 09:45:00+00:00,SHORT,DOWNTREND,90938.2,45.931291643550374,1.1213651299878151,13.285733206666265,-3.217507440553902,-0.19974327272220194,-0.21268911982287772,-0.00591925239041835,-0.005608807012214001,-0.9835936660071959,-141.39092770756884,0.42436945586355873,0.3699823088006951,0.1878587076446859,0.0,0.5671342685371159,0.0,LOSS,91392.891,16,-0.4975,-0.5975,0.0359,-0.5244,DISCOVERY
30506,B-BTC_USDT,2026-01-20 15:15:00+00:00,SHORT,DOWNTREND,90013.6,35.60008829792088,0.4231717592197839,-84.62887224719441,-4.355003669432335,-21.630761457941645,-0.28255661618474626,-0.06937201411041372,-0.20815371022898654,-1.1304985626234345,-62.37984365908483,0.03829440398458921,1.0378754567227801,-0.5855235405246876,0.08357832843343796,0.3775724485510374,0.08357832843343796,LOSS,90463.668,1,-0.4975,-0.5975,0.0206,-0.6781,DISCOVERY
30513,B-BTC_USDT,2026-01-20 15:50:00+00:00,SHORT,DOWNTREND,90333.9,43.2630864427075,-4.14664498475333,11.832934812761835,-7.147249213624264,-8.708350784462596,-0.24564890910088638,-0.02619753042776285,-0.0575895016074246,-1.1264901151899873,-62.37984365908483,0.32956035196184985,0.3829867369336971,-0.23177192065870303,0.0527218174024388,0.602228889841436,0.0527218174024388,LOSS,90785.5695,4,-0.4975,-0.5975,0.0154,-0.5434,DISCOVERY
30525,B-BTC_USDT,2026-01-20 16:50:00+00:00,SHORT,DOWNTREND,90083.6,39.641656184818466,-6.375815366835724,-42.234883502278194,-7.690483800854139,-52.5366121348818,-0.22908272572003935,-0.04214378823736986,-0.13992966100587756,-1.1506254290405722,-54.52013291605749,0.10753245881248753,0.5097672401961563,0.012614874810901539,0.12403100775191685,0.8456072351420654,0.15439276485793463,WIN,89633.182,11,0.5025,0.4025,0.7535,-0.4314,DISCOVERY
30565,B-BTC_USDT,2026-01-20 20:10:00+00:00,SHORT,DOWNTREND,89370.0,40.96086169553211,-10.27415443608183,22.529372654199165,-13.091135379476,-22.389543484690307,-0.30284929984988007,-0.02283241970395533,-0.03746347490162227,-1.3677658255574197,-113.33809500818484,0.19860545737851215,0.6672754450593474,-0.14879360424922175,0.038059389376853194,0.37850271852780343,0.038059389376853194,LOSS,89816.85,7,-0.4975,-0.5975,0.0,-0.508,DISCOVERY
31337,B-BTC_USDT,2026-01-23 12:30:00+00:00,SHORT,DOWNTREND,89112.9,45.80002079775327,0.9318114321782076,-8.276202494408848,-1.9198166497337166,-4.5955087883925945,-0.05051591923874378,-0.004576851146786964,-0.008608297158385625,-0.2942492201597963,-55.29726426965868,0.26807021483978044,0.4731570292247029,-0.023719893552473285,0.08583690987123391,0.5751072961373297,0.08583690987123391,LOSS,89558.4645,22,-0.4975,-0.5975,0.0632,-0.5129,DISCOVERY
31369,B-BTC_USDT,2026-01-23 15:10:00+00:00,SHORT,DOWNTREND,88783.2,38.992870604774026,-5.066017028344845,-44.97199279744879,-2.7439307999017046,15.837660840443839,-0.09755141793625148,-0.034865054341426394,-0.07146402302392607,-0.3048628147772524,-39.62900912009181,0.16987660411377553,0.984524218379934,-0.00010418626907014938,0.13313266959944162,0.5322991433202224,0.13313266959944162,LOSS,89227.116,2,-0.4975,-0.5975,0.286,-0.5258,DISCOVERY
31486,B-BTC_USDT,2026-01-24 00:55:00+00:00,SHORT,DOWNTREND,89414.2,40.95365439792015,-1.9433089104773984,-5.145521539756029,-0.1324409601589558,-2.775855125961929,-0.0944210214557714,-0.0074661930960617795,-0.024060538063619408,-0.08149202403138892,-4.188807272074747,0.10829391939459314,0.9556927396793571,-0.007196325546125034,0.0,0.8083333333330908,0.0,LOSS,89861.271,30,-0.4975,-0.5975,0.004,-0.5365,DISCOVERY
31593,B-BTC_USDT,2026-01-24 09:50:00+00:00,SHORT,DOWNTREND,89567.5,42.13795082648536,-2.451883802078413,-2.3462799240210135,-0.22539305889620387,-1.4344350157550094,-0.02670186602706033,-0.00282622012421907,-0.008502265704812828,-0.044984802335570284,-6.794559686768068,0.20453712696292645,1.053460588667151,-0.0010606413307331873,0.0598290598299953,0.905982905982502,0.09401709401749797,TIME_EXIT,89492.8,48,0.0835,-0.0165,0.1375,-0.0824,DISCOVERY
31601,B-BTC_USDT,2026-01-24 10:30:00+00:00,SHORT,DOWNTREND,89578.1,45.50107041901146,-4.874734108604706,1.5260028246258486,-0.7397063132737323,-1.3259260242845627,-0.020826739114673518,-0.001270978941025902,-0.0021487145066001467,-0.04713115709207417,-11.746249629582998,0.3658500964631164,0.9250030955528532,0.0061681826161732334,0.006410256410627145,0.5064102564106271,0.006410256410627145,TIME_EXIT,89459.8,48,0.1322,0.0322,0.5014,-0.0706,DISCOVERY
31602,B-BTC_USDT,2026-01-24 10:35:00+00:00,SHORT,DOWNTREND,89578.1,45.50107041901146,-2.531477078094369,1.0495494192110648,-0.47645340541478376,-1.5457386535531832,-0.020686525900317304,-0.0011499479431908988,-0.002932707212077723,-0.04713115709207417,-11.746249629582998,0.3825924677041451,0.6917696968567602,0.0061681826161732334,0.006410256410627145,0.9935897435893729,0.006410256410627145,TIME_EXIT,89451.8,48,0.1412,0.0412,0.5014,-0.0706,DISCOVERY
31659,B-BTC_USDT,2026-01-24 15:20:00+00:00,SHORT,DOWNTREND,89389.9,39.49505346480441,-2.8506903963969847,1.0950344533655354,-1.198250217214703,-1.3189579556286475,-0.05059805858186136,-0.004472832929147685,-0.009532661653477437,-0.07871135030837056,-34.62531019374809,0.33161056026279634,0.29397934881089327,0.13487249284469408,0.22916666666654736,0.45370370370353214,0.22916666666654736,TIME_EXIT,89241.9,48,0.1658,0.0658,0.3063,-0.0395,DISCOVERY
31828,B-BTC_USDT,2026-01-25 05:25:00+00:00,SHORT,DOWNTREND,88956.4,43.94007771681756,-6.86532123193377,3.423236324821744,-1.9827282602833947,-8.214850641191898,-0.06435127490108188,-0.0035851319545532334,-0.010555651538024513,-0.1971391072143487,-36.15141917217757,0.41739824875447695,0.7764527785916566,0.08169656591468363,0.31472081218263986,0.6802030456858229,0.3197969543141771,WIN,88511.618,38,0.5025,0.4025,0.675,-0.0164,DISCOVERY
31971,B-BTC_USDT,2026-01-25 17:20:00+00:00,SHORT,DOWNTREND,87821.2,38.65236159955388,-2.31317718532015,12.3657973878598,-1.995680402342714,-0.8475582165029323,-0.2839581634390549,-0.025622112060696978,-0.07304217451586936,-0.40057028738665096,-33.69127169041312,0.3063750533173847,0.3087758265328775,-0.09316509276494084,0.004848484848502487,0.43878787878784353,0.004848484848502487,WIN,87382.094,13,0.5025,0.4025,0.521,-0.167,DISCOVERY
31973,B-BTC_USDT,2026-01-25 17:30:00+00:00,SHORT,DOWNTREND,87774.9,37.71611257593558,-3.668296783463944,11.023246667381585,-3.032324365261303,-3.338231122820929,-0.2890258914687037,-0.026312896477187486,-0.07175219531563304,-0.40078158246424145,-33.69127169041312,0.26259474572273406,0.42160677802785773,-0.12995920314141407,0.21607055365013794,0.4051935325820707,0.21607055365013794,WIN,87336.0255,12,0.5025,0.4025,0.5567,-0.2199,DISCOVERY
31980,B-BTC_USDT,2026-01-25 18:05:00+00:00,SHORT,DOWNTREND,87862.5,42.890857393719195,-0.33092672498246856,24.833783506427793,-0.6315328158555502,-4.08997769932428,-0.2520536315911238,-0.009101576599035432,-0.032164070934492806,-0.44290738957874126,-60.19050554849204,0.4066756210477009,0.6374785672278594,-0.07695595484905215,0.2036363636363107,0.788181818181924,0.2036363636363107,WIN,87423.1875,4,0.5025,0.4025,0.5683,-0.0195,DISCOVERY
32025,B-BTC_USDT,2026-01-25 21:50:00+00:00,SHORT,DOWNTREND,86499.9,44.29190118343705,5.042544191517642,12.162980451542325,-7.330658732011884,-26.154558751885645,-0.3425928893758335,-0.015168621449124231,-0.04253775685195693,-0.7188897845217683,-204.10661062395934,0.43871192979785223,1.5353261345029432,0.0440223121559266,0.15633608815425307,0.4084022038566773,0.15633608815425307,WIN,86067.4005,14,0.5025,0.4025,0.5559,-0.237,DISCOVERY
32493,B-BTC_USDT,2026-01-27 12:50:00+00:00,SHORT,DOWNTREND,87970.1,49.97551816026442,-0.48090058977432903,-1.7960757179321618,-1.9454978648772023,-13.12960931233771,-0.04109137778559598,-0.00027276645823137713,-0.004892355564922735,-0.06422089974443157,-68.06341530525798,0.5017666695950137,0.44080701057874994,0.001136762795117831,0.0,0.5979999999998836,0.40200000000011643,LOSS,88409.9505,17,-0.4975,-0.5975,0.2451,-0.5101,DISCOVERY
32518,B-BTC_USDT,2026-01-27 14:55:00+00:00,SHORT,DOWNTREND,87712.1,40.462680020486815,4.8394457534813995,-40.620673862783406,-5.122498538773698,-11.611095118511596,-0.04313450961766344,-0.025589359554367697,-0.061464583701575926,-0.07890491996167467,-63.34834137112259,0.1731257648922551,1.1490036922771878,-0.05622059072868051,0.08772707133364274,0.514399645547219,0.08772707133364274,LOSS,88150.6605,3,-0.4975,-0.5975,0.208,-0.5187,DISCOVERY
32524,B-BTC_USDT,2026-01-27 15:25:00+00:00,SHORT,DOWNTREND,87591.2,38.34377875035986,-12.69245631419232,-29.43729283600956,-9.119603119197638,-13.722127612526101,-0.07993224860564402,-0.031324970749846415,-0.06371214928303504,-0.09957809856009134,-73.39666151740875,0.10647672531735645,0.9336441818814687,-0.1581899368950031,0.032479249368458356,0.5330205701912449,0.032479249368458356,LOSS,88029.156,6,-0.4975,-0.5975,0.013,-0.504,DISCOVERY
32639,B-BTC_USDT,2026-01-28 01:00:00+00:00,LONG,UPTREND,89402.2,59.794405742449115,5.391892008179354,11.245006241953732,5.370195010603805,27.0598014030777,0.15114978004061766,0.01528820972431788,0.046435339370587414,0.23412726371058828,140.923040428862,0.7655812758225602,2.089861527153522,0.01962305388865785,0.723157283807311,0.12013929193266679,0.723157283807311,LOSS,88955.189,28,-0.5,-0.6,0.0586,-0.5005,DISCOVERY
32766,B-BTC_USDT,2026-01-28 11:35:00+00:00,LONG,UPTREND,89410.9,55.240139969678005,3.2340307426669668,-12.367101082378703,2.7358303259762877,6.8138300791340995,0.09768559404090923,0.005935017005209708,0.015415678513086561,0.3820556344141573,7.215846831957265,0.5104225641802135,0.4013621894562555,-0.09258466994193734,0.5183867141161991,0.0011862396204723289,0.9988137603795276,WIN,89857.9545,3,0.5,0.4,0.7573,0.0001,DISCOVERY
32781,B-BTC_USDT,2026-01-28 12:50:00+00:00,LONG,UPTREND,89949.7,63.408128809416134,0.5708931200695346,-4.3477295504021924,1.8268572282296418,-3.6657016079020366,0.241349223387514,0.022157861453808714,0.055964156472776416,0.4318134254937904,47.40633192587677,0.7142270362766695,1.6574961323238848,0.0037800331975953783,0.6646978646069703,0.04543389368469058,0.9545661063153095,WIN,90399.4485,10,0.5,0.4,0.55,-0.0452,DISCOVERY
33006,B-BTC_USDT,2026-01-29 07:35:00+00:00,SHORT,DOWNTREND,88249.0,49.54316779381389,-6.12136666314386,-5.373338726583658,-1.9803929341720021,-7.220489683875961,-0.020755190877800672,-0.0013824839822373924,-0.002979838727890094,-0.01651675565158133,-168.03617114150563,0.4052016768690297,1.1148170867454528,-0.017348461191492314,0.1587452471482657,0.5722433460075927,0.1587452471482657,WIN,87807.755,29,0.5025,0.4025,0.5114,-0.2405,DISCOVERY
33156,B-BTC_USDT,2026-01-29 20:05:00+00:00,SHORT,DOWNTREND,83946.3,45.893900270967194,-3.115975489616382,72.46170042020066,-8.200463473116457,-30.097603332291214,-0.6201708431283578,-0.004179906795720445,-0.014549000197427997,-1.3083025590402946,-451.8323164477423,0.6414789172936219,0.46517119923719635,-0.13653763052638657,0.2516040329972269,0.5898258478460073,0.41017415215399267,LOSS,84366.0315,9,-0.4975,-0.5975,0.1918,-0.5121,DISCOVERY
33615,B-BTC_USDT,2026-01-31 10:20:00+00:00,SHORT,DOWNTREND,82950.7,40.035515092178656,0.9473874387960137,6.592112477254645,-1.368903101690364,-13.495247983938867,-0.26246815281995484,-0.014215774823089777,-0.050622045548254224,-0.9453692526445479,-29.132913306270552,0.30180238800147663,0.33144224933873256,-0.0024230673114775413,0.0,0.7482517482517878,0.2517482517482122,WIN,82535.9465,38,0.5025,0.4025,0.5878,-0.2523,DISCOVERY
33643,B-BTC_USDT,2026-01-31 12:40:00+00:00,SHORT,DOWNTREND,82886.6,43.80934063116395,-3.3140721471175283,-4.155174364597421,-0.4211344964643047,-7.61766212161352,-0.14041965955014268,-0.009195095094272077,-0.032746037178521537,-0.9507167726989076,-58.698801623828814,0.20026368781116036,0.6746859964425947,-0.007621278380031268,0.0014204545455373443,0.73579545454535,0.26420454545465,WIN,82472.167,10,0.5025,0.4025,0.51,-0.0428,DISCOVERY
33646,B-BTC_USDT,2026-01-31 12:55:00+00:00,SHORT,DOWNTREND,82735.6,36.27647347451957,-7.532867156644379,-17.57930859151371,-3.5967828607336116,-13.424134226916287,-0.1595538952551556,-0.02191339407261461,-0.06128363078901078,-0.9524519173364946,-58.698801623828814,-0.023131499176482256,1.3855802010309288,-0.023478935358966113,0.2937013446567829,0.4274593064401922,0.2937013446567829,WIN,82321.922,15,0.5025,0.4025,0.5353,-0.1971,DISCOVERY
33695,B-BTC_USDT,2026-01-31 17:00:00+00:00,SHORT,DOWNTREND,80300.0,34.92715958169799,0.9543732851051061,-68.62968997300646,-0.459800427361472,-50.30656047257028,-0.7148060190540235,-0.08429849896335329,-0.3003020059520245,-1.342677466231309,-295.4678387384778,0.08247916530241375,0.594223912648323,-1.082487720000616,0.0,0.8985016916384698,0.0,WIN,79898.5,1,0.5025,0.4025,1.261,-0.0519,DISCOVERY
34490,B-BTC_USDT,2026-02-03 11:15:00+00:00,SHORT,DOWNTREND,78084.4,40.962481149736725,-3.0300263739140973,-4.604344395951131,-1.378215281619859,8.090788909820702,-0.1676399306970263,-0.020878588452655222,-0.047871793786846695,-0.2144137426440977,-56.92471400494708,0.20185130662509193,0.8899880116849569,0.01780442036363822,0.0006207324642537199,0.38671632526376,0.0006207324642537199,WIN,77693.978,41,0.5025,0.4025,0.6242,-0.4372,DISCOVERY
34522,B-BTC_USDT,2026-02-03 13:55:00+00:00,SHORT,DOWNTREND,78260.4,49.952981733943766,0.008144909226771802,-5.780694795888863,-1.43563093872217,-10.876668730706108,-0.015306936826759382,-0.0008265085495118285,-0.004477391888946247,-0.2224704116792808,-74.32510614643957,0.4308000297200581,2.5914711428913626,-0.07449685257341798,0.0005694760819548624,0.6890660592255468,0.3109339407744532,WIN,77869.098,8,0.5025,0.4025,0.7116,-0.1752,DISCOVERY
34850,B-BTC_USDT,2026-02-04 17:15:00+00:00,SHORT,DOWNTREND,73153.3,39.21774960920331,-1.7645611739858111,20.08501417771828,-10.125525752984458,-1.2524434580928414,-0.9216585856424587,-0.07734799764449463,-0.19646778068290738,-1.3511686414421062,-215.64466336373806,0.16398685904577606,0.920007966689879,-0.7637556477068723,0.02532942898975536,0.3645680819912152,0.02532942898975536,WIN,72787.5335,1,0.5025,0.4025,0.6232,-0.0221,DISCOVERY
34878,B-BTC_USDT,2026-02-04 19:35:00+00:00,SHORT,DOWNTREND,73192.1,47.0088261507549,-0.3911045383335292,-10.323840298187424,-14.139298138814517,-48.90262435152506,-0.3429830517765197,-0.019907178423328453,-0.048368852048441546,-1.6259215635012778,-282.7646711611068,0.4249306245481178,0.4001442102146411,-0.0777416278942708,0.019789339291450953,0.43600383019466965,0.019789339291450953,LOSS,73558.0605,1,-0.4975,-0.5975,0.0,-0.5633,DISCOVERY
34920,B-BTC_USDT,2026-02-04 23:05:00+00:00,SHORT,DOWNTREND,72546.1,43.07353071452817,-3.6286040462315583,-9.075221698046334,-8.429453194792814,-50.60183151296832,-0.3643865386698703,-0.04350008425085816,-0.14746569089210126,-1.92420601183993,-200.28493918888535,0.37051593408663114,0.4759865902824772,0.6638726488457982,0.3886255924170791,0.5656736628300425,0.3886255924170791,LOSS,72908.8305,2,-0.4975,-0.5975,0.0285,-1.0511,DISCOVERY
34953,B-BTC_USDT,2026-02-05 01:50:00+00:00,SHORT,DOWNTREND,72513.1,42.3516976555715,-5.487901001599468,-37.665472502837304,-6.744331591118041,-18.813424183472364,-0.1975953684089422,-0.046202037912090876,-0.12203880251843158,-1.9954264288754617,-115.34415984976602,0.1451517826359906,0.6145708790636761,-0.046549217078544564,0.19382451849589608,0.44359523081627406,0.19382451849589608,WIN,72150.5345,2,0.5025,0.4025,0.6973,-0.107,DISCOVERY
34981,B-BTC_USDT,2026-02-05 04:10:00+00:00,SHORT,DOWNTREND,70917.4,30.877970800668976,-3.434220425747128,-18.60045245731169,-5.707339879506208,-4.401646958391666,-0.7664674599492989,-0.08531338140022049,-0.23139998635645087,-2.346511850899547,-181.2060359149524,0.14603385358310922,1.194645181853859,-0.9525392404581693,0.2116319172284028,0.47421225897475444,0.2116319172284028,LOSS,71271.987,2,-0.4975,-0.5975,0.3411,-0.5983,DISCOVERY
34993,B-BTC_USDT,2026-02-05 05:10:00+00:00,SHORT,DOWNTREND,70814.7,38.78431453727335,1.0693858615254683,12.261239665845551,-0.07623541631471653,-18.73921282515562,-0.7282927204848504,-0.045468499022782716,-0.15569903420623588,-2.4693494130384654,-199.67900380395986,0.17535702548081605,0.6215670701755618,-0.2356267954167474,0.05239599789365081,0.619536598209587,0.3804634017904131,WIN,70460.6265,2,0.5025,0.4025,1.0407,-0.1851,DISCOVERY
35003,B-BTC_USDT,2026-02-05 06:00:00+00:00,SHORT,DOWNTREND,70559.1,41.48800018463776,-1.0136668361244858,34.643835901344204,-5.87240588580687,2.8234862416999533,-0.7012643574259938,-0.03613501282173637,-0.07989184425052365,-2.587393496879606,-202.7145989042458,0.29157879075547416,0.9244281491158434,-0.6019812943108448,0.09943342776205615,0.5161473087818614,0.09943342776205615,LOSS,70911.8955,7,-0.4975,-0.5975,0.2729,-0.5322,DISCOVERY
35006,B-BTC_USDT,2026-02-05 06:15:00+00:00,SHORT,DOWNTREND,70480.0,40.47111174594999,-1.0168884386877721,26.601213150012143,-7.2439933631526685,-8.042622751332061,-0.6752761850967111,-0.038193505324812804,-0.09248510704422674,-2.5902973394676194,-202.7145989042458,0.27433395632207214,0.571977814587781,-0.3108355671928862,0.0673817381738163,0.51622662266229,0.0673817381738163,LOSS,70832.4,3,-0.4975,-0.5975,0.1604,-0.5738,DISCOVERY
35144,B-BTC_USDT,2026-02-05 17:45:00+00:00,SHORT,DOWNTREND,66810.0,39.89534088504664,2.0569152806668924,-38.579419841647336,-5.070606411214726,-4.440102857757552,-1.0601965761435457,-0.09873356734916294,-0.27411546993609814,-3.4661386945698434,-175.0219770781814,0.16600055460227278,0.529977726070709,-0.4869229524357711,0.1574856370395347,0.3830686042582131,0.1574856370395347,WIN,66475.95,2,0.5025,0.4025,1.0359,-0.2694,DISCOVERY
35166,B-BTC_USDT,2026-02-05 19:35:00+00:00,SHORT,DOWNTREND,65955.9,43.23599318205498,0.7454272111895719,69.0285733707625,-4.656254569124485,-33.675611737703036,-1.1125033387233694,-0.03376565095580819,-0.13322256213363914,-3.9573188441065126,-320.0091339941398,0.4653546025775781,0.6138001860128088,-0.49666129781405843,0.4066869300911943,0.5620060790273822,0.43799392097261786,WIN,65626.1205,2,0.5025,0.4025,0.772,-0.0861,DISCOVERY
35171,B-BTC_USDT,2026-02-05 20:00:00+00:00,SHORT,DOWNTREND,65202.0,33.09491503636997,-4.113955271860824,-30.083272774643262,-10.514940863257493,-59.863095338299274,-1.1821061712031595,-0.10487428439537316,-0.3275703685193365,-4.2500284360247935,-378.86993239919866,0.06439235190523594,0.996814930370774,-0.9786975946876396,0.12994923857867283,0.7799492385786876,0.12994923857867283,LOSS,65528.01,1,-0.4975,-0.5975,0.2337,-0.7302,DISCOVERY
35189,B-BTC_USDT,2026-02-05 21:30:00+00:00,SHORT,DOWNTREND,63490.0,41.91816867872739,7.5044233258022714,74.97185185893272,-2.895303108623011,89.44463858093354,-1.7402095389348609,-0.093780523765008,-0.15940996131099672,-4.699954951532289,-476.5137131310605,0.3429213966360417,0.5764398186159463,-0.3274992842269569,0.04566210045662092,0.3656773211567762,0.04566210045662092,LOSS,63807.45,1,-0.4975,-0.5975,0.3353,-0.5856,DISCOVERY
35630,B-BTC_USDT,2026-02-07 10:15:00+00:00,SHORT,DOWNTREND,67911.7,37.99733669410354,-4.835765031073116,-16.84364171184353,-0.1561593396525609,-5.6469387597445575,-0.645358709539095,-0.043859619207053946,-0.13449698686510692,-0.19820280466764828,-329.4658786343233,0.17570942497951383,0.9263187946821436,-0.758177728433323,0.4476967370441411,0.48272552783110173,0.4476967370441411,WIN,67572.1415,6,0.5025,0.4025,0.5352,-0.2737,DISCOVERY
35645,B-BTC_USDT,2026-02-07 11:30:00+00:00,SHORT,DOWNTREND,67925.1,46.35999169068652,-2.062270347795234,29.929280484359026,-0.4850560500130996,-12.298296480483657,-0.4875579703835,-0.007019842944533394,-0.039883604805712736,-0.2845971639137634,-358.1154283209259,0.5087751324580748,0.5912219501801974,-0.1267803560657079,0.09775524981896765,0.6871832005792192,0.3128167994207807,LOSS,68264.7255,6,-0.4975,-0.5975,0.4227,-0.709,DISCOVERY
35648,B-BTC_USDT,2026-02-07 11:45:00+00:00,SHORT,DOWNTREND,67740.3,40.801268743857136,-5.558722946829384,8.463301482940139,-7.131101294532186,-21.465979001418887,-0.4749585658279658,-0.028008538477664047,-0.0726137217940348,-0.28537356372142986,-358.1154283209259,0.22310440053789182,0.7507896610885241,-0.2903328343701702,0.12877871825878875,0.587061668681951,0.12877871825878875,LOSS,68079.0015,3,-0.4975,-0.5975,0.1495,-0.9838,DISCOVERY
35926,B-BTC_USDT,2026-02-08 10:55:00+00:00,LONG,UPTREND,70231.1,52.82782367697318,0.6148417947067841,-13.093344339944522,2.8684415234211116,22.249373217768266,0.2576185710553064,0.005664143088224272,0.03224082981776455,0.20873579879501586,88.04243109930746,0.5419998840825749,0.29485931325226544,0.29233264773464945,0.7971758664956413,0.0,0.7971758664956413,WIN,70582.2555,3,0.5,0.4,0.5401,-0.0698,DISCOVERY
35978,B-BTC_USDT,2026-02-08 15:15:00+00:00,LONG,UPTREND,71279.5,54.36695835739961,0.2326640943475553,-12.121802363617988,0.7155475976943677,16.44847553464642,0.2990101008315914,0.007046095315477174,0.039724865682178034,0.660196169402205,190.3954541869336,0.5401961645699537,1.0788358563805618,0.007639526051951142,0.7947686116700085,0.0,0.7947686116700085,LOSS,70923.1025,2,-0.5,-0.6,0.1977,-0.7706,DISCOVERY
36032,B-BTC_USDT,2026-02-08 19:45:00+00:00,LONG,UPTREND,71283.8,61.41135757276014,7.299186322395464,1.9397700780651803,1.2350555616838648,3.4966383337368256,0.15515336994008444,0.02225684398593497,0.06411507551911111,0.7613009921035552,49.20634194767371,0.7383271860956593,0.4489080199939312,0.006365806604699116,0.6409202958093826,0.2128184059161446,0.7871815940838554,LOSS,70927.381,3,-0.5,-0.6,0.2752,-0.5526,DISCOVERY
36320,B-BTC_USDT,2026-02-09 19:45:00+00:00,LONG,UPTREND,70908.1,69.55355056190683,4.752528929929596,27.831636269313435,4.134451903119384,27.138561959825893,0.4892748623995936,0.053445505760274514,0.1681720913639717,0.004939315634698398,56.925372807070886,0.9936600865530898,1.1696398039322145,0.8615745189610989,0.7075471698112901,0.1449851042700885,0.8550148957299115,LOSS,70553.5595,6,-0.5,-0.6,0.2495,-0.5221,DISCOVERY
36332,B-BTC_USDT,2026-02-09 20:45:00+00:00,LONG,UPTREND,70755.0,55.25395922439576,6.74308625558789,-31.518401440700003,5.286872496886971,22.68882654160676,0.38007258101408314,0.011023009356336821,0.03613793782857311,0.08059181046797984,118.37698235655711,0.530541651781485,1.175193099443912,-0.24847301073031405,0.6289808917197647,0.22717622080673927,0.6289808917197647,LOSS,70401.225,4,-0.5,-0.6,0.0984,-0.5855,DISCOVERY
36491,B-BTC_USDT,2026-02-10 10:00:00+00:00,SHORT,DOWNTREND,69097.0,48.94529050904065,5.252536837321138,-12.503921818121981,-0.49137927690318506,-4.107006013849752,-0.08177140421573652,-0.003454942495340063,-0.011676728277565385,-0.268234298288884,-114.70398821332364,0.40375794531810844,0.6091983554490115,-0.1794031697088076,0.2528647822765746,0.6096256684491794,0.2528647822765746,WIN,68751.515,20,0.5025,0.4025,1.001,-0.1964,DISCOVERY
36504,B-BTC_USDT,2026-02-10 11:05:00+00:00,SHORT,DOWNTREND,68834.2,37.87426374071378,-7.891756008909908,-26.765505798582424,-1.9184656942926885,-9.599937899345043,-0.13234558054875206,-0.026454367693384828,-0.07649685487476354,-0.32203804951026316,-113.68625945690917,0.005587753526618157,1.049466185051195,-0.4137035143260128,0.17482951022936505,0.6862988220706453,0.17482951022936505,WIN,68490.029,7,0.5025,0.4025,0.6168,-0.3119,DISCOVERY
36756,B-BTC_USDT,2026-02-11 08:05:00+00:00,SHORT,DOWNTREND,66887.9,41.90524640077823,-11.32786896294671,42.87902490270737,-14.455472067624072,-33.67895395015729,-0.46897324796630613,-0.018779278379055242,-0.025546685233435174,-0.9817090647365098,-187.35355831831555,0.4727248480098052,0.9964846715042525,-0.0502827564513885,0.21898638426624603,0.3596822995461171,0.21898638426624603,WIN,66553.4605,30,0.5025,0.4025,0.554,-0.2954,DISCOVERY
36759,B-BTC_USDT,2026-02-11 08:20:00+00:00,SHORT,DOWNTREND,66962.0,45.98564971456025,4.080403313782021,28.065348931858992,-2.165877005880631,-14.81367597084838,-0.43019421448831857,-0.004346675106470244,-0.026567724076209664,-0.980622707672847,-187.35355831831555,0.5926786634007437,0.5985404541786205,-0.046198891077362074,0.11413612565438931,0.8251308900523865,0.11413612565438931,WIN,66627.19,21,0.5025,0.4025,0.5256,-0.1844,DISCOVERY
36762,B-BTC_USDT,2026-02-11 08:35:00+00:00,SHORT,DOWNTREND,66941.7,45.782450883742754,-0.2031988308174988,18.20374047157341,-0.22612402418042166,-9.86160846028558,-0.3974303525856988,-0.004566403009276243,-0.02822782739295704,-0.9809200804758347,-187.35355831831555,0.5157953106256981,0.5361431723661126,0.08350047132538686,0.12641083521447438,0.6260346124906,0.37396538750940006,WIN,66606.9915,24,0.5025,0.4025,0.6349,-0.2148,DISCOVERY
37168,B-BTC_USDT,2026-02-12 18:25:00+00:00,SHORT,DOWNTREND,65277.3,34.562017274394364,-4.542125817352385,3.622791762313625,-4.3520383531783295,-27.728646708789313,-0.9341144997518779,-0.0770819093835029,-0.24804997218730307,-0.7343814472795127,-173.58099782117472,0.08001000517548347,0.8988838139157175,-0.7241294143698024,0.19648093841643083,0.5027696318018969,0.19648093841643083,LOSS,65603.6865,4,-0.4975,-0.5975,0.3016,-0.588,DISCOVERY
37175,B-BTC_USDT,2026-02-12 19:00:00+00:00,SHORT,DOWNTREND,65493.5,42.445736307782006,-1.8904639775829892,60.06084209929617,-1.1111183789512893,16.86720215576088,-0.8072485259451815,-0.020839171966058334,-0.043429547576467886,-0.8404695322723451,-215.37886028983493,0.4051336830551198,0.8339542560881046,0.23261631332183522,0.08038976857491952,0.6520503451076083,0.08038976857491952,LOSS,65820.9675,4,-0.4975,-0.5975,0.3978,-0.6836,DISCOVERY
37456,B-BTC_USDT,2026-02-13 18:25:00+00:00,LONG,UPTREND,69037.8,55.20526100710883,1.6570393853313092,-34.35378255060803,2.127279116452371,3.095856826002688,0.5339521812895912,0.00882764414285031,0.02169879225142335,0.1388283231343964,312.18006444370644,0.5879216962138128,0.5897931715663939,-0.08964215749427737,0.5860597439545187,0.27027027027025907,0.5860597439545187,LOSS,68692.611,22,-0.5,-0.6,0.4939,-0.5317,DISCOVERY
37466,B-BTC_USDT,2026-02-13 19:15:00+00:00,LONG,UPTREND,69150.7,56.15138512526995,8.003297344365265,-17.801750788216793,5.070570816835001,9.41392863793746,0.412705787629152,0.013537381698025541,0.025828125598659213,0.2753430358200202,311.22312176615543,0.7312017283238417,0.6459439870801436,0.1447667376470943,0.7311740890687316,0.051821862348248836,0.9481781376517512,LOSS,68804.9465,11,-0.5,-0.6,0.067,-0.5547,DISCOVERY
37510,B-BTC_USDT,2026-02-13 22:55:00+00:00,LONG,UPTREND,68968.9,57.22562985393215,6.714822422839134,17.838622681702716,5.233653013836189,15.418237263454415,0.02580374262459528,0.01650260342764831,0.035990272454577976,0.5292159453758472,196.78652757590248,0.9623931405128702,1.0079469768549505,0.1643763279352878,0.8420390182505212,0.0,1.0,TIME_EXIT,68849.2,48,-0.1736,-0.2736,0.2163,-0.3374,DISCOVERY
37534,B-BTC_USDT,2026-02-14 00:55:00+00:00,LONG,UPTREND,69062.2,61.54471914686875,2.423677066596724,27.10257926431604,0.401208603057011,13.565282122864684,0.05995766684586738,0.021008748503570374,0.07293001433104074,0.6457183459660629,124.09808882924676,0.9576521679662365,2.6410372911500004,0.32099589747987634,0.6914572864321901,0.0,0.6914572864321901,TIME_EXIT,68763.6,48,-0.4324,-0.5324,0.0298,-0.4439,DISCOVERY
37647,B-BTC_USDT,2026-02-14 10:20:00+00:00,LONG,UPTREND,69603.2,54.44047831996662,-0.7920856281350126,-32.82548433009937,1.6346110250968025,0.24004065541200248,0.27425759223641333,0.0014461896955753062,0.0014653391744445798,0.9318263977645646,16.20783144130087,0.3045756694112724,0.40521055046216525,-0.2077797864738231,0.4539007092197581,0.002364066193990872,0.9976359338060091,WIN,69951.216,10,0.5,0.4,0.8234,-0.0875,DISCOVERY
37925,B-BTC_USDT,2026-02-15 09:30:00+00:00,LONG,UPTREND,70557.4,52.60163140599401,3.629479607980599,2.6422990611922827,2.3720655133469055,15.301186189167623,0.13043590481952877,0.0060755485041363855,0.02244683741476905,0.997109471921761,20.504336426135183,0.5152826078777676,0.33320624390421405,0.365955924762997,0.6483739837397574,0.0010162601626608403,0.6483739837397574,LOSS,70204.613,7,-0.5,-0.6,0.0473,-0.5535,DISCOVERY
38132,B-BTC_USDT,2026-02-16 02:45:00+00:00,SHORT,DOWNTREND,68317.8,36.593438668367625,-3.331680514822878,-18.72490166634762,-2.305249213021071,9.26079949462482,-0.1422548326272132,-0.031739023037802294,-0.06800729523477322,-0.05199931052401965,-55.80912435705284,0.10826609619176483,0.7341646624631629,-0.26012477375495846,0.010233086981256224,0.39056281978396457,0.010233086981256224,LOSS,68659.389,18,-0.4975,-0.5975,0.3019,-0.6035,DISCOVERY
38165,B-BTC_USDT,2026-02-16 05:30:00+00:00,SHORT,DOWNTREND,68400.1,42.36365759859604,-3.0947145050162703,-39.267962697441675,-2.1929393567662956,-18.977852784963375,-0.009846003395723927,-0.021112470777640002,-0.07078110156185646,-0.1591772074211638,-23.166517151358192,0.1528865577020124,0.75327695770382,-0.4039458617608764,0.0015847860539748263,0.5562599049128777,0.0015847860539748263,LOSS,68742.1005,39,-0.4975,-0.5975,0.318,-0.508,DISCOVERY
38304,B-BTC_USDT,2026-02-16 17:05:00+00:00,SHORT,DOWNTREND,67730.9,43.59908439980941,-3.062782023023132,53.08797720621877,-9.712755526037824,-9.690980897167435,-0.42418462792271894,-0.013885254122625312,-0.00836107128625585,-0.3479075925220587,-65.13844089001577,0.6219574352049448,0.45968125543435623,0.10004699008864122,0.00045620437952221794,0.500912408759144,0.00045620437952221794,LOSS,68069.5545,12,-0.4975,-0.5975,0.2571,-0.5302,DISCOVERY
38342,B-BTC_USDT,2026-02-16 20:15:00+00:00,SHORT,DOWNTREND,67912.4,47.4655850335372,-0.059007055772063666,-6.202352465946926,-0.8209845050728761,-0.4996678317614096,-0.062061401702055534,-0.0049988455100291596,-0.010352550710590602,-0.46250850117952447,-65.88578059167364,0.4000668145836894,1.560383186705765,0.0746333510912378,0.13583815028893895,0.6979768786127881,0.13583815028893895,LOSS,68251.962,5,-0.4975,-0.5975,-0.0001,-0.5295,DISCOVERY
38592,B-BTC_USDT,2026-02-17 17:05:00+00:00,SHORT,DOWNTREND,67468.6,48.38451185965055,-4.920471273523084,0.5679982114414983,-12.964139126260285,-45.7083808308889,-0.08044945552145231,-0.010172677162378907,-0.017793228751450396,-0.5520956403885402,-87.42043582133994,0.4913288698336927,0.373657309822276,-0.23486401025203718,0.00953206239173143,0.6828422876949276,0.00953206239173143,WIN,67131.257,1,0.5025,0.4025,0.653,-0.0245,DISCOVERY
38848,B-BTC_USDT,2026-02-18 14:25:00+00:00,SHORT,DOWNTREND,67050.7,33.378354324920124,-8.554033489499005,-14.30615446797077,-3.674778652365262,-11.511268766928893,-0.26960336159703285,-0.034913110685508286,-0.09713914759927889,-0.4161653133264786,-10.58815704720007,0.08980613841157974,0.6608923238691998,-0.08216870543606848,0.0,0.585873605947977,0.0,WIN,66715.4465,4,0.5025,0.4025,0.5768,-0.3718,DISCOVERY
38849,B-BTC_USDT,2026-02-18 14:30:00+00:00,SHORT,DOWNTREND,67032.5,32.65520989193608,-3.1209964910075456,-16.155188447066337,-1.8490339790955659,-7.933934599927312,-0.27927671306814694,-0.03417561608950459,-0.09892310667295456,-0.4162783064074847,-10.58815704720007,0.10816561009012063,2.783918817124078,-0.10265808969518186,0.10355227882035785,0.8357908847184955,0.10355227882035785,WIN,66697.3375,3,0.5025,0.4025,0.5495,-0.3827,DISCOVERY
38871,B-BTC_USDT,2026-02-18 16:20:00+00:00,SHORT,DOWNTREND,67166.6,44.05875512319338,2.6501962552361817,-58.052059730522565,-2.6605999177535438,-44.20505504000901,-0.057025894232547406,-0.0318101552070682,-0.13070087879649694,-0.4170669696522473,-6.855956053113829,0.33330350264911635,0.38594487883915346,-0.31059341501587384,0.07912904938924642,0.7716409984067836,0.22835900159321645,WIN,66830.767,24,0.5025,0.4025,0.8495,-0.4304,DISCOVERY
38891,B-BTC_USDT,2026-02-18 18:00:00+00:00,SHORT,DOWNTREND,67083.9,45.69636441305431,-1.518286839962478,4.421447328266581,-1.4396949849988658,1.4491240051479366,-0.14506558233165992,-0.011463884401452518,-0.027583590608037944,-0.46200964451732573,-35.457560113437864,0.3025302923960349,0.8949065326913926,-0.06720268676677302,0.04769475357710541,0.3744038155802081,0.04769475357710541,WIN,66748.4805,4,0.5025,0.4025,0.7254,-0.0979,DISCOVERY
39351,B-BTC_USDT,2026-02-20 08:20:00+00:00,LONG,UPTREND,67867.5,58.03481191030823,5.1377669549096865,-12.901340745484191,2.266381688003129,7.5055268017652,0.2047724896051244,0.007553395649928518,0.02071781058241573,0.03262511787445043,116.62528960630596,0.6663804513443,0.7921947212672811,0.12908674173157014,0.6532170119955952,0.27699018538723597,0.6532170119955952,WIN,68206.8375,21,0.5,0.4,0.6133,-0.2223,DISCOVERY
39506,B-BTC_USDT,2026-02-20 21:15:00+00:00,LONG,UPTREND,67703.0,52.69464806123984,3.5050180545061025,0.9210632302494126,1.1458077960141608,6.734905314458484,0.09104183633188223,0.00565568883954537,0.02038918372606613,0.2210773020461443,1.078313846687962,0.6787230760652899,0.5382601048757444,0.13859040102468523,0.7160493827159237,0.008230452674975979,0.991769547325024,WIN,68041.515,15,0.5,0.4,0.6099,-0.1474,DISCOVERY
39512,B-BTC_USDT,2026-02-20 21:45:00+00:00,LONG,UPTREND,67773.4,56.05886391202124,3.7521866284489036,6.809791162848192,2.04458457745071,5.482668699630651,0.09581013936936966,0.011924863145895692,0.031456998786771884,0.22084765675663476,1.078313846687962,0.8376763415653242,0.5416871080758673,0.14357329422949372,0.4959443800695419,0.0011587485516317195,0.9988412514483683,WIN,68112.267,9,0.5,0.4,0.5054,-0.2511,DISCOVERY
39524,B-BTC_USDT,2026-02-20 22:45:00+00:00,LONG,UPTREND,67979.9,62.08180376765513,-0.15817974388307476,22.135309044573688,0.279589400332938,2.2101528699863593,0.1501488363084224,0.025311115049686528,0.07557082664948478,0.23740748982433693,5.35359112601239,0.9236801894872093,0.7222242923069017,0.01078376174389426,0.37934105075694313,0.14959928762246194,0.8504007123775381,TIME_EXIT,67973.2,48,-0.0099,-0.1099,0.3532,-0.3451,DISCOVERY
39570,B-BTC_USDT,2026-02-21 02:35:00+00:00,LONG,UPTREND,68049.3,64.25781249673139,3.7281983826710814,14.766103693115234,0.7242704679942236,3.5092655898169625,0.07730951553496608,0.014899219607555914,0.043113692041174545,0.3141718578995202,12.067298116797758,0.9274875636738027,0.7901259177626602,0.31285624190638583,0.534403669724766,0.0,1.0,LOSS,67709.0535,5,-0.5,-0.6,0.0046,-0.563,DISCOVERY
39708,B-BTC_USDT,2026-02-21 14:05:00+00:00,LONG,UPTREND,68218.5,58.503877973013566,3.205972288401682,8.304942731590838,0.21966079112691972,-0.7266915734970816,0.06588719917989071,0.010981280805411053,0.030809784747010127,0.38412773296381236,15.593865793668726,0.7730452639631062,1.2215498015949813,0.39948748334365364,0.43870967741935485,0.07225806451620415,0.9277419354837959,WIN,68559.5925,3,0.5,0.4,0.6346,-0.0712,DISCOVERY
39754,B-BTC_USDT,2026-02-21 17:55:00+00:00,LONG,UPTREND,68408.8,57.53185393610003,0.18711935271451097,22.34892472442953,0.5600342891155385,11.803976554824196,0.029372361636066793,0.01181207138187812,0.04342203434324343,0.4496483193898029,29.602650426034444,0.8918864976596415,0.7873489876112609,-0.02510376998268711,0.6927453769559766,0.0,0.6927453769559766,TIME_EXIT,68351.0,48,-0.0845,-0.1845,0.327,-0.4304,DISCOVERY
39764,B-BTC_USDT,2026-02-21 18:45:00+00:00,LONG,UPTREND,68575.6,67.48139590842325,8.365126082064933,20.915939737796343,2.4708126046495664,3.6410043380293473,0.08770533225779037,0.023596775199341558,0.0585453963818372,0.4610756721170137,25.877713379925297,0.9389188059287573,1.7063319747948547,0.1658729421442856,0.42735042735045187,0.22090729783033003,0.77909270216967,LOSS,68232.722,26,-0.5,-0.6,0.083,-0.6725,DISCOVERY
39775,B-BTC_USDT,2026-02-21 19:40:00+00:00,LONG,UPTREND,68601.3,61.698763296733595,5.81891066012917,-0.15018184359743714,0.503727266300352,-0.36644426733004565,0.12431907463019748,0.012335422342046876,0.03365459175095342,0.48136405201457105,29.249408548693765,0.7704485291504405,0.75245774845301,0.07202569439151417,0.7237354085604149,0.0,1.0,LOSS,68258.2935,15,-0.5,-0.6,-0.0001,-0.7098,DISCOVERY
40048,B-BTC_USDT,2026-02-22 18:25:00+00:00,SHORT,DOWNTREND,67316.7,38.238922997611766,-4.71814372402951,1.847166706443602,-1.2497042447174422,1.717135768565477,-0.1621521395674442,-0.013347205126568173,-0.031232017533566747,-0.013433290106640159,-70.58385596948585,0.2929321525458678,0.4088239449112062,0.013772625102465024,0.1657397107897124,0.43047830923247604,0.1657397107897124,LOSS,67653.2835,47,-0.4975,-0.5975,0.0413,-0.5189,DISCOVERY
40068,B-BTC_USDT,2026-02-22 20:05:00+00:00,SHORT,DOWNTREND,67398.0,47.53831333547212,-2.192470136399926,1.2836738218062687,-1.1259488348668238,-7.565652803245917,-0.06688823338278556,-0.0017355279351538577,-0.008224121513367155,-0.0803827864086876,-66.57689676371642,0.4534498453119696,1.4555506539701701,-0.007981795571682987,0.0,0.6875000000000315,0.3124999999999684,TIME_EXIT,67618.0,48,-0.3254,-0.4254,0.1098,-0.4896,DISCOVERY
40075,B-BTC_USDT,2026-02-22 20:40:00+00:00,SHORT,DOWNTREND,67385.5,46.314566694248406,-5.56366539868668,-0.47526482987282836,-1.4078604999089839,-3.572801636430772,-0.053290129450931666,-0.0031394106527971033,-0.006232036765341231,-0.0803976974033394,-66.57689676371642,0.250776264357293,1.7897655297890214,-0.022900275789939223,0.2715517241380054,0.3879310344826856,0.2715517241380054,LOSS,67722.4275,26,-0.4975,-0.5975,0.0912,-0.5083,DISCOVERY
40157,B-BTC_USDT,2026-02-23 03:30:00+00:00,SHORT,DOWNTREND,64735.6,37.366815177107036,0.1314898601380463,84.43422992119417,-5.910470025714233,-24.64993960411482,-1.0564718459659905,-0.0261190168719172,-0.09118956747546925,-0.677797520234277,-302.3190209196718,0.5300969967255424,0.7072777964826424,0.11993866192994629,0.24360341151384565,0.7036247334754852,0.2963752665245148,LOSS,65059.278,20,-0.4975,-0.5975,0.1657,-0.6896,DISCOVERY
40169,B-BTC_USDT,2026-02-23 04:30:00+00:00,SHORT,DOWNTREND,64735.4,39.58357140157765,-6.409870614047577,26.806371971852656,-9.030843284513281,-37.147816822204646,-0.6813266055753622,-0.02146029233707214,-0.06477038454552053,-0.8376965324987948,-319.7885417101984,0.20889121204309566,0.5384524107743217,-0.26685595844465393,0.3025210084033656,0.6624649859943906,0.3025210084033656,LOSS,65059.077,8,-0.4975,-0.5975,0.1654,-0.6899,DISCOVERY
40343,B-BTC_USDT,2026-02-23 19:00:00+00:00,SHORT,DOWNTREND,64593.8,39.523166679011126,-5.507550238444722,21.619900136235742,-11.198018292098595,-41.07173703544461,-0.4838029659735991,-0.034624599029264846,-0.0948450437839643,-1.1498864909460529,-53.70380920595045,0.3839531540805659,0.46285858983013567,-0.22156106225269262,0.1599496221662604,0.7827455919395406,0.1599496221662604,WIN,64270.831,7,0.5025,0.4025,0.849,-0.3547,DISCOVERY
40345,B-BTC_USDT,2026-02-23 19:10:00+00:00,SHORT,DOWNTREND,64670.2,43.27052767862415,3.501024453840266,21.460425983693625,-3.0945167625362444,-11.357492444640712,-0.4624310126346526,-0.01927170593575278,-0.06270902676712709,-1.1485280394814175,-53.70380920595045,0.4626950306399888,0.4549540246393414,-0.1498249790258629,0.11937716262974,0.43829296424451764,0.11937716262974,WIN,64346.849,2,0.5025,0.4025,0.607,-0.0152,DISCOVERY
40349,B-BTC_USDT,2026-02-23 19:30:00+00:00,SHORT,DOWNTREND,64305.0,33.31979405434238,-7.719810528076472,-17.88060754950635,-12.05819808871513,-32.6954845931194,-0.4971738495824096,-0.05986832472204551,-0.15029941237010291,-1.1550507428484746,-53.70380920595045,-0.06424887069376141,0.980469223136195,-0.22326218496548106,0.024657534246581986,0.37168949771690163,0.024657534246581986,WIN,63983.475,8,0.5025,0.4025,0.674,-0.1042,DISCOVERY
40427,B-BTC_USDT,2026-02-24 02:00:00+00:00,SHORT,DOWNTREND,64001.4,37.3711643369214,-5.56018884187489,-42.21824245557478,-4.77197220665883,0.9201147148650222,-0.25261542354615807,-0.06403060730777455,-0.15499343217885153,-1.4109563765470508,-22.624743059028674,0.16707646516010297,0.609137185346864,0.289249807378344,0.14648729446937037,0.3692077727952196,0.14648729446937037,LOSS,64321.407,6,-0.4975,-0.5975,0.0613,-0.7478,DISCOVERY
40438,B-BTC_USDT,2026-02-24 02:55:00+00:00,SHORT,DOWNTREND,64080.3,42.26544440782032,0.07733470904588557,6.3442787173997175,-2.063573248673677,-9.441849084240872,-0.27890756953253243,-0.025877741714985802,-0.07779142246931992,-1.409219111613685,-22.624743059028674,0.25361351405680865,0.3401586895470074,0.4430965013347363,0.1236291126619613,0.7457627118643957,0.2542372881356043,WIN,63759.8985,1,0.5025,0.4025,0.7552,0.0002,DISCOVERY
40517,B-BTC_USDT,2026-02-24 09:30:00+00:00,SHORT,DOWNTREND,63056.1,40.49686887272021,-4.387470364655329,-27.599378118394824,-5.320131586765999,-18.651358439996983,-0.08192646101020709,-0.023800787552186176,-0.06063064640055016,-1.8519167997160677,-68.15709466323835,0.1024191782990389,1.4922118397440212,-0.09655078882026522,0.0988483685220338,0.41938579654508934,0.0988483685220338,WIN,62740.8195,48,0.5025,0.4025,1.0487,-0.4528,DISCOVERY
40540,B-BTC_USDT,2026-02-24 11:25:00+00:00,SHORT,DOWNTREND,63148.3,46.31512105532777,-1.2915310448073996,-6.093848491366806,-1.5022453317171678,-6.896500956091454,-0.03795385825485551,-0.0062483887741104915,-0.017285679090239814,-1.8750869611702612,-20.43023493395299,0.25070496088953803,1.200698496730131,-0.04384576421425397,0.29236868186322673,0.6342913776015766,0.36570862239842344,WIN,62832.5585,23,0.5025,0.4025,0.5982,-0.2706,DISCOVERY
41368,B-BTC_USDT,2026-02-27 08:25:00+00:00,LONG,UPTREND,67924.9,62.60967111150134,3.2014464040118042,37.80159326313821,0.5865121135940683,2.4956176344386236,0.1025837178408631,0.030086890288227863,0.08460020737273144,0.47149470358515916,13.168678348902123,0.9290465241284261,0.5116450570950548,0.3731841320881956,0.4852607709751057,0.0011337868481385949,0.9988662131518614,LOSS,67585.2755,15,-0.5,-0.6,0.2987,-0.5301,DISCOVERY
41373,B-BTC_USDT,2026-02-27 08:50:00+00:00,LONG,UPTREND,67955.0,61.04934566215063,8.949655838891353,21.127986081544734,0.4796967882821477,2.664235633590593,0.13301219364959463,0.025418487426898118,0.0723984261185695,0.4712858596358116,13.168678348902123,0.8250531021230848,0.5684168953165264,0.11633708421535892,0.8410886742756415,0.12993854258122717,0.8700614574187728,LOSS,67615.225,10,-0.5,-0.6,0.2543,-0.5742,DISCOVERY
41462,B-BTC_USDT,2026-02-27 16:15:00+00:00,SHORT,DOWNTREND,65893.6,43.23252757852557,-5.606675190194544,-10.995208145551729,-3.364071497483671,-24.69278551445656,-0.1938865127540801,-0.016535681270180014,-0.06073869677182264,-0.1689915197402511,-171.54039082079333,0.30076902582636833,0.43236007249590663,-0.24009424366148993,0.10685249709645205,0.7508710801393179,0.24912891986068209,WIN,65564.132,6,0.5025,0.4025,0.7035,-0.226,DISCOVERY
41470,B-BTC_USDT,2026-02-27 16:55:00+00:00,SHORT,DOWNTREND,65449.3,32.18400115681392,-4.472593921137147,-55.899677974429835,-7.404961209577863,-36.76966217150284,-0.27724300903728594,-0.061934618930170604,-0.18592078559011016,-0.17013871202833658,-171.54039082079333,-0.05042844472594233,0.8615975070653625,-0.13880777888098772,0.08451443569556862,0.36587926509184826,0.08451443569556862,WIN,65122.0535,7,0.5025,0.4025,0.5675,-0.3007,DISCOVERY
41486,B-BTC_USDT,2026-02-27 18:15:00+00:00,SHORT,DOWNTREND,65495.9,45.2640836426589,-7.271646742142721,33.995215779137595,-3.536775637038758,-8.0588133124985,-0.3157177415558852,-0.008457645919424106,-0.02170909621480588,-0.36860148117199315,-175.01582531048547,0.5424924154347234,0.320595704851617,-0.06299858381929885,0.29640947288008007,0.5362872421695669,0.29640947288008007,WIN,65168.4205,10,0.5025,0.4025,0.5536,-0.2429,DISCOVERY
41498,B-BTC_USDT,2026-02-27 19:15:00+00:00,SHORT,DOWNTREND,65187.3,38.01639435152676,-4.366832780510926,-15.805571277280237,-3.1475017788461486,-9.47318149543949,-0.31393420013525486,-0.03404985288477658,-0.09549113773165141,-0.4735410142294694,-178.53970778811197,0.08403254824207596,0.500247036307247,-0.07433036374663461,0.03840682788052284,0.44807965860597904,0.03840682788052284,LOSS,65513.2365,9,-0.4975,-0.5975,0.0163,-0.5647,DISCOVERY
41503,B-BTC_USDT,2026-02-27 19:40:00+00:00,SHORT,DOWNTREND,65265.8,42.38683686019004,-1.9642595077364646,6.548614222359404,-0.5671516526143563,9.303448214115122,-0.2881407667017917,-0.015357051582953751,-0.03173489784666916,-0.4729714514627981,-178.53970778811197,0.28184075428244226,0.7223206518597931,-0.019681014377628175,0.2820936639118698,0.41046831955922863,0.2820936639118698,LOSS,65592.129,7,-0.4975,-0.5975,0.0667,-0.5271,DISCOVERY
41531,B-BTC_USDT,2026-02-27 22:00:00+00:00,SHORT,DOWNTREND,65490.7,46.729058025935004,-1.9043546291558187,-21.755959097581844,-0.3917306505913345,-12.775021015545875,-0.013351377615124782,-0.008258111383030453,-0.03821839358558732,-0.6504074353037022,-100.68228800646364,0.17100150087920882,0.5379503219252288,-0.12197905672248913,0.0,0.8283582089552238,0.0,WIN,65163.2465,6,0.5025,0.4025,0.9481,-0.151,DISCOVERY
41654,B-BTC_USDT,2026-02-28 08:15:00+00:00,SHORT,DOWNTREND,63588.0,38.08962817063305,-3.0392574012300173,51.41651589468745,-5.572233685114611,-31.557509581099055,-0.9234275059512906,-0.04991126630542464,-0.16960983684488617,-1.0658392901024307,-154.04698608383688,0.40092245423794104,0.44248257622585974,-0.38082932552261695,0.05039525691701725,0.9461462450592817,0.053853754940718264,LOSS,63905.94,13,-0.4975,-0.5975,0.4329,-0.5278,DISCOVERY
41657,B-BTC_USDT,2026-02-28 08:30:00+00:00,SHORT,DOWNTREND,63532.7,37.68145989987394,-0.40816827075910567,41.86945551180139,-3.1582006844045054,-9.547060382886059,-0.8976060580436783,-0.04463349857597443,-0.1373222947477437,-1.0667670157105453,-154.04698608383688,0.3543555075256778,0.22701136094078073,0.09216343018108145,0.24046354418153543,0.47802993722839543,0.24046354418153543,LOSS,63850.3635,10,-0.4975,-0.5975,0.3456,-0.6153,DISCOVERY
41700,B-BTC_USDT,2026-02-28 12:05:00+00:00,SHORT,DOWNTREND,63866.1,47.9795135214746,-0.9490510541440429,-32.6455914535625,-0.37101589489594744,-19.26774949495052,-0.0507605213956982,-0.008955259002152438,-0.045663642033832996,-1.4128579612416756,-128.3240694223199,0.21939295037907472,0.5821600389713151,-0.10185165415673386,0.0008680555555428908,0.6788194444444566,0.32118055555554337,LOSS,64185.4305,20,-0.4975,-0.5975,0.1315,-1.4623,DISCOVERY
41711,B-BTC_USDT,2026-02-28 13:00:00+00:00,SHORT,DOWNTREND,63900.1,48.34045102231732,0.5258259667248026,-11.007665228640096,-1.8374479644218518,-0.9267686419066798,-0.023669008826573655,-0.00577789332240064,-0.008815626443925417,-1.4398575180141762,-87.85552046906616,0.34997441429734655,0.7789506205902367,-0.09686602092186304,0.1554054054054054,0.485135135135122,0.1554054054054054,LOSS,64219.6005,9,-0.4975,-0.5975,0.0459,-1.4083,DISCOVERY
42275,B-BTC_USDT,2026-03-02 12:00:00+00:00,LONG,UPTREND,66347.4,57.06731747272709,0.2796943376824217,19.668129943663487,4.654069709561709,12.039109722968378,0.01994844088303886,0.020265888509873875,0.044340289765609775,0.050175814117143135,0.6729196271652285,0.8474029478032569,1.3616913910685235,0.10965718831724817,0.7471042471042426,0.13963963963970671,0.8603603603602933,LOSS,66015.663,7,-0.5,-0.6,0.0038,-0.6229,DISCOVERY
42340,B-BTC_USDT,2026-03-02 17:25:00+00:00,LONG,UPTREND,69371.7,58.72314987108567,-0.8171188542281556,-131.0283893226889,4.0545387916065465,-3.455523477785505,1.3069326123379654,0.027512899055537332,0.073987434013012,0.47983621108461844,314.18516321179504,0.4682600339619321,0.35530072231866705,0.006894496933623454,0.8255372945638085,0.1630847029077588,0.8255372945638085,LOSS,69024.8415,3,-0.5,-0.6,0.0584,-0.8573,DISCOVERY
42355,B-BTC_USDT,2026-03-02 18:40:00+00:00,LONG,UPTREND,69096.2,51.87369414937426,0.5563627624342118,-44.5073904107002,8.193560346452358,28.139307344724983,0.6593725236919868,0.0013171306232351299,0.003884032178791408,0.6552020521371698,357.6434584095179,0.45940324267174865,0.5922978722062506,-1.086274869231841,0.6058823529411501,0.11221719457014892,0.8877828054298511,LOSS,68750.719,4,-0.5,-0.6,0.0742,-0.5908,DISCOVERY
42405,B-BTC_USDT,2026-03-02 22:50:00+00:00,LONG,UPTREND,69310.1,52.89977412018706,-1.8481145401928387,-14.559944682921824,0.5785887016226923,3.5682289748849456,0.2244311609754242,0.004779011282751711,0.020679231276377052,1.0971620707570815,275.7154375620555,0.4552000213409415,0.8969489697219393,0.2585186257485865,0.47440585009144964,0.18921389396705154,0.8107861060329484,LOSS,68963.5495,6,-0.5,-0.6,0.2073,-0.5266,DISCOVERY
42838,B-BTC_USDT,2026-03-04 10:55:00+00:00,LONG,UPTREND,71310.9,58.742355458963,0.6575600602595983,-123.11285019744662,7.579945679659659,3.814819489839067,1.079106307928707,0.01365315838097736,0.024105580483335665,0.952364637789227,332.2285584722111,0.31208785759207497,0.3924310724766685,0.14892593528467624,0.39114391143908167,0.0,1.0,LOSS,70954.3455,8,-0.5,-0.6,0.2203,-0.5859,DISCOVERY
42870,B-BTC_USDT,2026-03-04 13:35:00+00:00,LONG,UPTREND,71418.9,60.112628004230835,5.760645095697548,34.94616733858519,2.0930693998952137,-5.78274580386924,0.3408746997084196,0.034335147446196146,0.08083782238355042,1.3570206720195632,334.5849637429019,0.8249800401701437,0.44154475723162884,0.4478132907710348,0.3886483886483863,0.02741702741708226,0.9725829725829177,WIN,71775.9945,7,0.5,0.4,0.5317,-0.1843,DISCOVERY
42934,B-BTC_USDT,2026-03-04 18:55:00+00:00,LONG,UPTREND,73651.4,64.81580851759443,4.211480269652668,17.335020949719166,10.56193439740926,30.96423525791522,0.5421152583883916,0.05179456956594386,0.13380869424630681,2.0378528978669896,345.1266939787497,1.039182928356257,0.478781842457405,0.8304181997293504,0.5190980211688974,0.08605614358035615,0.9139438564196438,WIN,74019.657,3,0.5,0.4,0.5364,-0.1753,DISCOVERY
42945,B-BTC_USDT,2026-03-04 19:50:00+00:00,LONG,UPTREND,73709.9,57.796276482906585,-2.88060678031529,-14.32385526381168,0.13140332422094048,-10.637658837658932,0.5110480376049892,0.023224488181683434,0.0602621866854669,2.1831452315826976,334.4491986987098,0.6989220289156494,0.6114189522146295,0.15025615898245542,0.4417840375586445,0.16854460093900814,0.8314553990609919,LOSS,73341.3505,3,-0.5,-0.6,0.0326,-0.6104,DISCOVERY
43491,B-BTC_USDT,2026-03-06 17:20:00+00:00,SHORT,DOWNTREND,68360.7,43.43404579163774,-3.6493469012031383,20.893466833054916,-5.915076521474489,-16.326108705169375,-0.5031385590229898,-0.02173179684962223,-0.05829310467316828,-0.7168104931416553,-233.9129081022329,0.29802837544088795,0.6739359624936729,-0.03854530374606041,0.06801736613599643,0.5779064158224558,0.06801736613599643,WIN,68018.8965,2,0.5025,0.4025,0.5201,-0.0054,DISCOVERY
43517,B-BTC_USDT,2026-03-06 19:30:00+00:00,SHORT,DOWNTREND,68155.3,44.45651473171584,-11.428211419267463,2.049797624356408,-8.239685919530416,-30.458677487962753,-0.26202264918143736,-0.016348149315026372,-0.042476728555662646,-0.9790741757310799,-228.86466216171152,0.30291814282360563,0.5966332782604036,0.35357712988043855,0.004716981132178271,0.5813679245283162,0.004716981132178271,WIN,67814.5235,11,0.5025,0.4025,0.6264,-0.183,DISCOVERY
43519,B-BTC_USDT,2026-03-06 19:40:00+00:00,SHORT,DOWNTREND,68111.5,42.75234749068993,-2.9978176694796588,-9.115616763877043,-5.031706463474471,-19.405100307763867,-0.2631558422557215,-0.01926511663958852,-0.0528531242373842,-0.9797037823158274,-228.86466216171152,0.1250622434108193,0.5516012561672821,-0.08695074978976575,0.039886039886039885,0.8113960113959783,0.039886039886039885,WIN,67770.9425,9,0.5025,0.4025,0.5618,-0.2166,DISCOVERY
43541,B-BTC_USDT,2026-03-06 21:30:00+00:00,SHORT,DOWNTREND,67979.0,43.94042935359578,-6.864938646287484,5.60870539930896,-3.639725295269777,-21.701698406920563,-0.20301362515265947,-0.010892882852320263,-0.041969276895714724,-1.15818703592066,-167.45869793197357,0.39947343081059805,0.6264211540022403,0.1834439191785748,0.2030418250950349,0.7802281368821735,0.21977186311782645,LOSS,68318.895,6,-0.4975,-0.5975,0.0034,-0.5284,DISCOVERY
44173,B-BTC_USDT,2026-03-09 02:10:00+00:00,SHORT,DOWNTREND,66131.9,42.70950434580841,-0.23668037135718833,-33.29384562182057,-5.928580557954142,-26.730422281281534,-0.09921329715468014,-0.026915577829067505,-0.07787979064043382,-0.9856693176794409,-85.78683098326655,0.13513757303504922,0.5367071566677996,-0.28695137394579534,0.1534653465346162,0.5963096309631041,0.1534653465346162,LOSS,66462.5595,5,-0.4975,-0.5975,0.3262,-0.6398,DISCOVERY
44397,B-BTC_USDT,2026-03-09 20:50:00+00:00,LONG,UPTREND,68918.2,54.33988697718682,4.445747149313867,-18.839843704208533,5.081042129885589,-0.9168056020409523,0.11485261309530595,0.00945125964706417,0.003334860171455567,0.34580109307448653,104.13361424733472,0.44220762313653655,0.41689395518448547,-0.0027096607240083836,0.48971596474045753,0.0195886385896183,0.9804113614103817,LOSS,68573.609,21,-0.5,-0.6,0.2117,-0.5231,DISCOVERY
44407,B-BTC_USDT,2026-03-09 21:40:00+00:00,LONG,UPTREND,68911.9,52.35623004164749,5.8766128208238015,-13.053310834356296,2.6294906907181,7.42472691288657,0.09774448584043952,0.003286362843257784,0.006607586156026635,0.40040454262086583,91.6863477762825,0.5145680396171411,3.4559550639478465,0.09160649498329455,0.7934904601571156,0.1849046015712882,0.8150953984287118,LOSS,68567.3405,11,-0.5,-0.6,0.1351,-0.514,DISCOVERY
44492,B-BTC_USDT,2026-03-10 04:45:00+00:00,LONG,UPTREND,69911.1,57.80286570226698,3.1750956685515774,0.4781212217079229,7.400384591236985,38.41597445914954,0.2978516764739497,0.021414828536636676,0.07211165413194554,0.7031822632967749,73.73172058451928,0.6010181985236197,0.5762356954570761,0.521919249716567,0.8122690317811664,0.181079083518104,0.818920916481896,WIN,70260.6555,5,0.5,0.4,0.5998,-0.1389,DISCOVERY
44514,B-BTC_USDT,2026-03-10 06:35:00+00:00,LONG,UPTREND,70049.1,56.400791641001426,9.781539516903642,1.34243405221072,6.523500130597277,36.299811281535064,0.1975798293466761,0.016149481628180418,0.05985281042117929,0.8416549418373966,91.92247617044364,0.6134490921247123,0.4710889963227726,0.012742686608103798,0.8635394456290157,0.043354655294892644,0.9566453447051073,WIN,70399.3455,7,0.5,0.4,0.5009,-0.3646,DISCOVERY
44923,B-BTC_USDT,2026-03-11 16:40:00+00:00,LONG,UPTREND,70715.4,62.90374207542489,7.113278598985659,46.5736841457822,7.489364205023257,35.39186373497262,0.2667462093247455,0.05031231379524215,0.14871956331188319,0.40560185779902475,42.458876844962646,1.0076588966115168,0.6399950695196749,0.8585910720006508,0.5222551928783383,0.04332344213651579,0.9566765578634842,WIN,71068.977,8,0.5,0.4,0.6853,-0.3681,DISCOVERY
44959,B-BTC_USDT,2026-03-11 19:40:00+00:00,LONG,UPTREND,70637.0,52.55919470732505,7.194928574674471,6.025475372766341,6.98280438029121,28.619637071026876,0.07286633628931159,0.007736339010322446,0.019941784559995845,0.5183701292707534,106.16294965764767,0.6412771850321869,0.5111837177415223,-0.05575057389203774,0.7004889975550229,0.09290953545239058,0.9070904645476094,LOSS,70283.815,35,-0.5,-0.6,0.4175,-0.562,DISCOVERY
45212,B-BTC_USDT,2026-03-12 16:45:00+00:00,LONG,UPTREND,70475.2,58.62628768887702,5.987571298497095,25.991811194631104,9.431389456571353,22.386064028441666,0.0931003537233739,0.04273715786100585,0.1033425375949637,0.1828852918548416,25.218796580398703,0.8149855169218463,0.8320919208167054,0.22488851034950727,0.4900314795383055,0.0020986358866939576,0.997901364113306,LOSS,70122.824,12,-0.5,-0.6,0.035,-0.5064,DISCOVERY
45273,B-BTC_USDT,2026-03-12 21:50:00+00:00,LONG,UPTREND,70293.3,54.34532984021135,7.35573650185642,-0.2971605887243953,2.762342959597671,9.874962988189925,0.050731131657622205,0.007599242161981934,0.019114061681069217,0.20418470452717813,24.004423620252027,0.7029146390821368,1.08552268273381,-0.19818511629243396,0.7517136329017962,0.21629855293219113,0.7517136329017962,WIN,70644.7665,17,0.5,0.4,0.5052,-0.4532,DISCOVERY
45326,B-BTC_USDT,2026-03-13 02:15:00+00:00,LONG,UPTREND,71560.0,59.94863954270042,1.2140892914955188,-38.07136002707267,0.9048388644888803,-5.47292433076791,0.4995683321135822,0.017467251443092913,0.047387002278487245,0.4209708795146861,153.51078895968584,0.6506386835874256,1.0177243681912937,-0.28554341034588804,0.6888672824501657,0.10938259601361361,0.8906174039863864,LOSS,71202.2,4,-0.5,-0.6,0.0133,-0.5715,DISCOVERY
45394,B-BTC_USDT,2026-03-13 07:55:00+00:00,LONG,UPTREND,71585.3,62.08469977889753,1.7599138367601768,21.627461419065483,0.4440830193554248,6.431875493315896,0.10466233701886969,0.019623230142928882,0.06185121616351097,0.6344414095801734,103.08552575670069,0.8751563757611633,0.8412439111322318,0.20713610822019912,0.5319303338171362,0.32438316400577755,0.6756168359942225,WIN,71943.2265,8,0.5,0.4,0.7978,-0.3327,DISCOVERY
45445,B-BTC_USDT,2026-03-13 12:10:00+00:00,LONG,UPTREND,72375.6,59.48943388887706,10.069984346453921,-15.553409551745602,6.62409490405355,25.33250657104331,0.2683955450835722,0.015179917849450497,0.04362986871375707,0.8922831806197671,114.61606642483827,0.621293518314709,0.4351489643059914,-0.003695860394556735,0.5766550522647147,0.09756097560961388,0.9024390243903861,WIN,72737.478,7,0.5,0.4,0.7008,-0.1331,DISCOVERY
45448,B-BTC_USDT,2026-03-13 12:25:00+00:00,LONG,UPTREND,72370.9,57.73114885597146,-1.7582850329055972,-7.84370779190661,1.6098677752812591,7.7097017598389925,0.256979686803717,0.010980135128013657,0.033349452532394075,0.8923411283715419,114.61606642483827,0.7119558731299759,0.5973082456177058,0.15461704344118413,0.761954261954164,0.0,0.761954261954164,WIN,72732.7545,4,0.5,0.4,0.7073,-0.1202,DISCOVERY
45450,B-BTC_USDT,2026-03-13 12:35:00+00:00,LONG,UPTREND,72375.0,57.75961970853012,-1.6968821266008547,-7.052580499769263,0.8698361713274068,2.400995067418606,0.2475077180735146,0.009695980634383261,0.028833768406255622,0.8922905777860313,114.61606642483827,0.7686637433971834,0.837316676111334,0.14013046027897139,0.7546201232032178,0.06468172484601997,0.93531827515398,WIN,72736.875,2,0.5,0.4,0.7016,-0.1087,DISCOVERY
45805,B-BTC_USDT,2026-03-14 18:10:00+00:00,SHORT,DOWNTREND,70544.1,42.37011865902998,-3.934227034195594,-9.346458118985485,-0.6286986065401976,-3.924560190873102,-0.03268464785564629,-0.008020770744221473,-0.02436525145345092,-0.05667334506549401,-1.8898674359890606,0.08816901293671804,0.6991533603106611,-0.10233817252067973,0.0,0.7377450980392122,0.0,TIME_EXIT,70670.0,48,-0.1782,-0.2782,0.034,-0.4124,DISCOVERY
45922,B-BTC_USDT,2026-03-15 03:55:00+00:00,LONG,UPTREND,71314.8,54.6164272292903,1.932832782943521,-21.70426181384525,1.2174031102643852,-3.7540314316802323,0.17966884862477178,0.003522987195947458,0.0030273269314706752,0.04385796424419913,87.45886359062314,0.4572731620466794,0.49280908453038397,-0.24235866249407104,0.6038461538460419,0.02307692307696039,0.9769230769230396,WIN,71671.374,16,0.5,0.4,0.6103,-0.0529,DISCOVERY
45931,B-BTC_USDT,2026-03-15 04:40:00+00:00,LONG,UPTREND,71541.8,63.85629574898534,2.2309322961118454,1.7183635341911554,0.36592613210143554,-4.836913524591722,0.21589961804946597,0.01750845513543986,0.043502018135188614,0.07658983068732332,93.71029687238419,0.8152815167484833,0.7414668037152972,0.05539340629309829,0.7938596491228327,0.04532163742687834,0.9546783625731217,TIME_EXIT,71535.5,48,-0.0088,-0.1088,0.291,-0.2772,DISCOVERY
45949,B-BTC_USDT,2026-03-15 06:10:00+00:00,LONG,UPTREND,71518.3,52.19045149051609,5.608392928317578,-16.398466047233043,0.9315697855160181,4.524150768214405,0.15354692354878408,0.00040845239566156266,0.0043338222173172625,0.15529580950712052,104.6988688156913,0.43202450969331224,0.4966811860845535,0.0431824168249018,0.8820826952527298,0.0,0.8820826952527298,WIN,71875.8915,35,0.5,0.4,0.5057,-0.2444,DISCOVERY
46000,B-BTC_USDT,2026-03-15 10:25:00+00:00,LONG,UPTREND,71820.4,60.54248481317578,2.7444720017373925,-4.063096856231724,1.700925858312722,7.40275639606709,0.14672718055409747,0.011864215446677484,0.03709425814764078,0.2759119825982663,90.04645070583871,0.6705456548987696,0.2351274955018394,0.0606811291301436,0.4153498871330242,0.1218961625284058,0.8781038374715943,LOSS,71461.298,32,-0.5,-0.6,0.0412,-0.6271,DISCOVERY
46183,B-BTC_USDT,2026-03-16 01:40:00+00:00,LONG,UPTREND,72557.3,52.719673353958434,-2.75443726043018,-5.2476983822421595,3.8625067914837388,11.155317502064037,0.18836850605832126,0.00546658202542627,0.009853374256696412,0.5548285552681305,99.76839963938855,0.5522608029417042,0.8018829862904838,0.007287875026197609,0.5572246065808806,0.30543633762515165,0.6945636623748483,WIN,72920.0865,22,0.5,0.4,1.6617,-0.3091,DISCOVERY
46449,B-BTC_USDT,2026-03-16 23:50:00+00:00,LONG,UPTREND,74750.1,58.125709869208656,0.8518794385914745,10.920651853792307,0.7630603402480602,23.570856667136738,0.23701582711270933,0.02029685124169678,0.08434552359375402,1.168738663546347,26.817205264227084,0.6905221503133382,0.8566724459245715,0.3954197589002261,0.6267496111975286,0.21513737687920229,0.6267496111975286,WIN,75123.8505,3,0.5,0.4,0.5096,-0.2448,DISCOVERY
46698,B-BTC_USDT,2026-03-17 20:35:00+00:00,LONG,UPTREND,74526.1,51.35345290948316,-3.2941938300571394,-8.330604083899402,2.722141219799056,17.952848495365608,0.11883252987902738,0.0016494589503590618,0.015520445651606707,0.7173528592940219,2.3218517131191163,0.44905356208362707,0.3693020826580792,-0.12724960803621338,0.46778350515464157,0.32474226804117523,0.6752577319588248,LOSS,74153.4695,24,-0.5,-0.6,0.3367,-0.8465,DISCOVERY
46700,B-BTC_USDT,2026-03-17 20:45:00+00:00,LONG,UPTREND,74516.4,50.81888390243069,0.3081146267777086,-6.274923260876458,1.387016053449715,4.777822042822001,0.10927071605053022,0.00036241801577574506,0.0008585021304963192,0.7174462390431129,2.3218517131191163,0.4575571471345368,0.44942868163624017,0.006703671739910613,0.86421319796956,0.0,1.0,LOSS,74143.818,22,-0.5,-0.6,0.3497,-0.8336,DISCOVERY
46715,B-BTC_USDT,2026-03-17 22:00:00+00:00,LONG,UPTREND,74720.5,60.148589955700515,3.05301922251374,13.233422107740282,1.9081425017556235,-3.070507660089369,0.11916636486776196,0.016825653762597703,0.03574771632302021,0.7170168913324432,21.977975816667367,0.9022481165830487,1.159998081414547,0.060528715652963014,0.435800126502201,0.11954459203033031,0.8804554079696697,LOSS,74346.8975,5,-0.5,-0.6,0.0223,-0.5226,DISCOVERY
46931,B-BTC_USDT,2026-03-18 16:00:00+00:00,SHORT,DOWNTREND,71323.6,39.797228634902666,1.4569047468994825,57.48183939023971,-3.748142215132475,11.165530660156094,-0.7196822677412686,-0.021164763455350233,-0.03994124281552214,-0.37741479387399574,-316.5528061811569,0.43197515320302654,0.6631839636931653,0.28983029207448,0.017576318223880488,0.4611470860314451,0.017576318223880488,LOSS,71680.218,19,-0.4975,-0.5975,0.4532,-0.5249,DISCOVERY
46945,B-BTC_USDT,2026-03-18 17:10:00+00:00,SHORT,DOWNTREND,71256.6,43.930797467428725,-1.0726093036988829,34.808188780825816,-2.6731229891384203,-9.476567219341064,-0.5066287956219231,-0.006808838303562492,-0.02150064275042718,-0.5151601089807715,-315.60563353942155,0.44759424485172283,0.2296222337329346,0.02911806038132912,0.0,0.6354319180086725,0.3645680819913275,LOSS,71612.883,5,-0.4975,-0.5975,0.1217,-0.6195,DISCOVERY
47213,B-BTC_USDT,2026-03-19 15:30:00+00:00,SHORT,DOWNTREND,69183.5,41.40392644035126,-3.849594878104071,-17.374346729096253,-8.46654948904569,-46.23857665128775,-0.24202925062296474,-0.034230332356544046,-0.11081150086834635,-1.6159730968780768,-25.020556971759447,0.23775267829932253,0.7573814797962354,-0.09574756203283608,0.03978576893647441,0.841622035195122,0.15837796480487798,WIN,68837.5825,3,0.5025,0.4025,0.6305,-0.2407,DISCOVERY
47214,B-BTC_USDT,2026-03-19 15:35:00+00:00,SHORT,DOWNTREND,69216.4,42.643810096869316,0.5411370175380554,-19.16258596568749,-1.788239236591238,-26.823169626678812,-0.2480393630921937,-0.026466620205611857,-0.10081562103256836,-1.6152049911273114,-25.020556971759447,0.2899084718841878,1.4884684238261243,-0.0482384029817829,0.30146750524106575,0.5601677148847204,0.43983228511527955,WIN,68870.318,1,0.5025,0.4025,0.5398,-0.0136,DISCOVERY
47484,B-BTC_USDT,2026-03-20 14:05:00+00:00,SHORT,DOWNTREND,69833.6,34.072037729851175,-3.2389261155889244,-45.449354349236486,-1.785009852666633,-24.28191284218262,-0.25100053251211235,-0.050937706751796874,-0.16733945770764924,-0.6782226257749441,-1.1671800637797105,0.052189675874699686,1.4177772246511016,0.018851929995434103,0.4478792235801838,0.5025161754133874,0.4478792235801838,LOSS,70182.768,6,-0.4975,-0.5975,0.3897,-0.582,DISCOVERY
47485,B-BTC_USDT,2026-03-20 14:10:00+00:00,SHORT,DOWNTREND,69781.2,32.69846328287032,-0.9700009420622706,-46.61179510318415,-1.1624407539476636,-9.33117904510523,-0.27282123607348313,-0.05322162442283895,-0.1582619892360415,-0.6787319157497598,-1.1671800637797105,0.061292603151174616,1.852017316320278,-0.1171863761498169,0.06379044684128533,0.774422187981519,0.06379044684128533,LOSS,70130.106,4,-0.4975,-0.5975,0.3144,-0.54,DISCOVERY
47495,B-BTC_USDT,2026-03-20 15:00:00+00:00,SHORT,DOWNTREND,69642.0,36.93763563320774,-5.805681657487909,-14.45134631944046,-6.282263900594728,-31.606030550358142,-0.32231474411596117,-0.04530526092464404,-0.14152690784187127,-0.7096554180172862,-40.23958323812849,0.1727279011716208,0.795311319069278,-0.1413273659787301,0.22962962962962963,0.5337037037037252,0.22962962962962963,LOSS,69990.21,12,-0.4975,-0.5975,0.2765,-0.553,DISCOVERY
47516,B-BTC_USDT,2026-03-20 16:45:00+00:00,SHORT,DOWNTREND,69712.9,42.2277498419093,-4.055668661247331,-9.959242463917278,-7.066179146803382,-32.82965665901516,-0.17980702480025493,-0.021757938770783358,-0.06692503524236004,-0.7220370434925717,-54.01009126105237,0.20852010825540232,0.620921748716907,-0.006956621520352882,0.0008741258740495974,0.7709790209790348,0.0008741258740495974,WIN,69364.3355,10,0.5025,0.4025,0.5233,-0.3114,DISCOVERY
47527,B-BTC_USDT,2026-03-20 17:40:00+00:00,SHORT,DOWNTREND,69541.4,38.09775579375529,-1.360361857716768,-25.64029659927477,-1.7263177122149358,-12.74618811638124,-0.20643714046257364,-0.02957292533933842,-0.09339285050554702,-0.7355459001083109,-61.3451509821476,0.09219281695946827,0.7508668953991954,-0.3794072880293753,0.21271186440670567,0.3711864406779908,0.21271186440670567,LOSS,69889.107,3,-0.4975,-0.5975,0.0112,-0.7098,DISCOVERY
47539,B-BTC_USDT,2026-03-20 18:40:00+00:00,SHORT,DOWNTREND,69659.9,44.24820296196044,1.7482441514121234,-11.85701747077681,-2.0918194003119694,-20.141013887342304,-0.12514312735615077,-0.014171966728204755,-0.05361360863108677,-0.7273583959959685,-50.33126527286481,0.36178622830328216,0.6594182906209802,-0.38138924043811323,0.06622516556291391,0.6834437086093487,0.3165562913906514,LOSS,70008.1995,14,-0.4975,-0.5975,0.036,-0.7057,DISCOVERY
47798,B-BTC_USDT,2026-03-21 16:15:00+00:00,SHORT,DOWNTREND,70479.4,36.90507297882812,-7.405722534343255,-11.821473320991274,-3.9341706244918697,-6.030813668806012,-0.057902875129175566,-0.0210103852313015,-0.04694641238603969,-0.10462593600695409,-1.5743726026742877,0.13521782009626487,1.54431300988802,-0.17778504828097216,0.2368421052631098,0.459928229665045,0.2368421052631098,TIME_EXIT,70370.8,48,0.1543,0.0543,0.4509,-0.0575,DISCOVERY
47840,B-BTC_USDT,2026-03-21 19:45:00+00:00,SHORT,DOWNTREND,70330.1,43.103391056372836,0.48219269630813244,-5.794322097432845,-0.011352987612818666,-7.13083090092617,-0.07212077683119245,-0.005290438773675188,-0.024132217452421667,-0.1444790576326514,-43.520850005068525,0.19911609192032423,0.5617724576992664,-0.06680438662480677,0.002557544757181736,0.6828644501277011,0.31713554987229886,WIN,69978.4495,48,0.5025,0.4025,1.1446,-0.2163,DISCOVERY
47861,B-BTC_USDT,2026-03-21 21:30:00+00:00,SHORT,DOWNTREND,70323.1,37.6651023079612,-2.939587124124614,-11.809169183905366,-0.917144578951147,-6.136433220315384,-0.030150353827263908,-0.008136556410276441,-0.025012959910186705,-0.14689274708090835,-36.154115487150875,0.12386054105612082,0.8522912026096705,-0.16463520048728475,0.0,0.9945652173913817,0.0,WIN,69971.4845,27,0.5025,0.4025,1.1345,-0.059,DISCOVERY
47863,B-BTC_USDT,2026-03-21 21:40:00+00:00,SHORT,DOWNTREND,70314.5,36.90886280145639,-0.7863029904190739,-11.41066708450553,-0.08817833277892184,-0.5186424795513105,-0.036117382186835446,-0.007916882900205202,-0.022453207996075975,-0.14691071318498214,-36.154115487150875,0.12964573920841863,0.9790156475120843,-0.18089369363484656,0.18403908794790397,0.5586319218240722,0.18403908794790397,WIN,69962.9275,25,0.5025,0.4025,1.1222,-0.0575,DISCOVERY
47878,B-BTC_USDT,2026-03-21 22:55:00+00:00,SHORT,DOWNTREND,70253.2,37.57328381430343,-3.324810802774273,-0.6490112320702544,-0.292309567479041,-0.42779859452208413,-0.06456089882353036,-0.006344413967240836,-0.017581582154635456,-0.15357125828551885,-37.40642974480197,0.17152503473386702,0.7980968086147374,-0.044088864227110704,0.0,0.9163498098860515,0.0,WIN,69901.934,10,0.5025,0.4025,1.034,-0.0175,DISCOVERY
47909,B-BTC_USDT,2026-03-22 01:30:00+00:00,SHORT,DOWNTREND,68964.8,41.66776297714836,-1.3563062163229986,58.172765140649716,-0.8401251628808097,7.441149744237151,-0.5961000509799297,-0.01716816430468171,-0.04668277790370601,-0.38885663120237157,-174.73718430495717,0.6316189399985802,0.2730860828654533,0.19092844892000335,0.31307550644569737,0.46040515653779024,0.31307550644569737,LOSS,69309.624,11,-0.4975,-0.5975,0.3657,-0.599,DISCOVERY
47916,B-BTC_USDT,2026-03-22 02:05:00+00:00,SHORT,DOWNTREND,68927.0,43.22081421098473,0.7835343705681979,45.32529345721974,-1.4790854364028974,3.323369762339894,-0.5147336735858586,-0.009478115005967513,-0.024381556577290908,-0.474146705966331,-192.67336360286745,0.4755023719722371,0.6442294342225232,-0.09053194830529587,0.0,0.5626262626262333,0.0,LOSS,69271.635,4,-0.4975,-0.5975,0.0393,-0.6542,DISCOVERY
47973,B-BTC_USDT,2026-03-22 06:50:00+00:00,SHORT,DOWNTREND,69130.9,44.83493955699288,-4.215404899451308,3.997985593197985,-0.7208370263929531,-1.6427650131237321,-0.07250848253298968,-0.0042234023346465754,-0.010462968734104017,-0.6152227389488506,-105.86012671766645,0.4053076132173334,0.4464098059248164,-0.056939190000459466,0.0,0.797938144330137,0.20206185566986307,WIN,68785.2455,14,0.5025,0.4025,0.677,-0.128,DISCOVERY
47976,B-BTC_USDT,2026-03-22 07:05:00+00:00,SHORT,DOWNTREND,69117.4,44.10699542100675,-0.7279441359861281,3.768147184879574,-1.9444340140659016,-0.22983840831841107,-0.06877916554037128,-0.005453982799286106,-0.007832747741820523,-0.6439610056570142,-89.41323836160234,0.3044023094808709,0.956805428004275,-0.06643692071019064,0.0,0.484313725490139,0.0,WIN,68771.813,11,0.5025,0.4025,0.6574,-0.076,DISCOVERY
48017,B-BTC_USDT,2026-03-22 10:30:00+00:00,SHORT,DOWNTREND,68650.0,41.81551979305745,-0.28075521679190274,4.90242890894784,-2.8787387052664926,-4.576858909248216,-0.1705712039683169,-0.011241046604060223,-0.02454557716645711,-0.7696753986774538,-77.72638915161497,0.23414456106772236,0.597780524318856,-0.09884611620619856,0.038369304556322696,0.4952038369305251,0.038369304556322696,WIN,68306.75,14,0.5025,0.4025,0.6007,-0.0064,DISCOVERY
48020,B-BTC_USDT,2026-03-22 10:45:00+00:00,SHORT,DOWNTREND,68560.6,36.20404182296128,-5.611477970096168,-6.893673883961341,-2.8992289537183638,-11.796102792909181,-0.18266132195469612,-0.019161445723014925,-0.05492001845049943,-0.7706790214672451,-77.72638915161497,0.06865880049277173,1.242521808072507,-0.26100155277103826,0.0,0.794460641399518,0.0,WIN,68217.797,13,0.5025,0.4025,0.78,-0.1304,DISCOVERY
48143,B-BTC_USDT,2026-03-22 21:00:00+00:00,SHORT,DOWNTREND,68057.5,34.55591838337688,-10.879998758058854,-7.677578027549444,-8.53008973539906,-22.864726464828536,-0.20441630659681123,-0.03265090951323213,-0.07834038152507716,-0.9580072426769384,-4.5571450400521485,-0.04721204521849875,0.8636242957019369,-0.15958036730183725,0.061911170928651615,0.4165545087483029,0.061911170928651615,WIN,67717.2125,1,0.5025,0.4025,0.7916,-0.0001,DISCOVERY
48407,B-BTC_USDT,2026-03-23 19:00:00+00:00,LONG,UPTREND,71091.2,58.8111699702194,-0.9064962736471287,4.641782794376141,0.3046220358675811,-6.897735783736067,0.19890531344171455,0.02154561425997681,0.05422469327784896,0.40065879535725296,258.93134519647754,0.719853491364977,0.5880854001262263,0.16102419786941077,0.6059532246633343,0.03472714386965648,0.9652728561303435,LOSS,70735.744,10,-0.5,-0.6,0.1981,-0.5608,DISCOVERY
48429,B-BTC_USDT,2026-03-23 20:50:00+00:00,LONG,UPTREND,70889.8,53.45272434435646,0.5372456653615814,14.695591403294511,2.9253017611755823,12.705014096238308,0.025565942574552643,0.008130416556784148,0.023326832878334258,0.45818809712453495,200.60119360378621,0.6370378466339373,0.6450366829779257,-0.15116457712774875,0.35620437956195883,0.12116788321172133,0.8788321167882787,LOSS,70535.351,14,-0.5,-0.6,0.122,-0.5104,DISCOVERY
48833,B-BTC_USDT,2026-03-25 06:30:00+00:00,LONG,UPTREND,71193.8,64.1768366089392,1.8885115418053218,-3.31459691730727,2.0659080949557875,10.793698001317992,0.23089094959138803,0.019448796854537598,0.0607003471427614,0.34916586268252503,98.05527446279004,0.7841530996813847,0.9208784760720079,0.06561404262092543,0.7526881720430108,0.22580645161290322,0.7526881720430108,LOSS,70837.831,19,-0.5,-0.6,0.0559,-0.5517,DISCOVERY
48870,B-BTC_USDT,2026-03-25 09:35:00+00:00,LONG,UPTREND,71267.4,54.92635427315056,3.566560588821261,-5.074215465398943,0.48993862079780826,-7.1637174418238345,0.1443129480348336,0.009442343119592245,0.01812580713607126,0.4291662899547558,89.3553917866185,0.6076351906266342,0.5795143613113565,-0.11721973909631185,0.4159509202455059,0.03680981595092025,0.9631901840490797,WIN,71623.737,20,0.5,0.4,0.5509,-0.2933,DISCOVERY
48878,B-BTC_USDT,2026-03-25 10:15:00+00:00,LONG,UPTREND,71410.0,60.88790078337614,5.743483497562835,10.924308487567217,4.188065293011228,16.725337823092538,0.148392429060022,0.0222452238663573,0.06305010594267468,0.46631442712810445,93.67576167367741,0.9220668068235535,1.11069144509625,0.08657888522877719,0.46206308610397057,0.34100596760442464,0.6589940323955754,WIN,71767.05,14,0.5,0.4,0.7365,-0.1839,DISCOVERY
48883,B-BTC_USDT,2026-03-25 10:40:00+00:00,LONG,UPTREND,71397.9,59.01226804317579,1.0656500012248245,1.7193518074270244,2.011316107296871,-6.483546669958841,0.15039360378805072,0.014820841438334398,0.02596545068258571,0.4663934547265107,93.67576167367741,0.8331183900949974,0.5254538464397674,0.24299110296227738,0.37049455155067906,0.0008382229673580748,0.999161777032642,WIN,71754.8895,9,0.5,0.4,0.7535,-0.002,DISCOVERY
49206,B-BTC_USDT,2026-03-26 13:35:00+00:00,SHORT,DOWNTREND,69282.8,41.26523848495456,-7.196149569078123,-1.564801110488677,-4.144793674259947,-22.911390678316284,-0.1722288165228178,-0.012723776794065778,-0.0407177989013463,-0.2860296928553218,-177.47853511129279,0.20738414390102433,2.1093462545325217,0.018828563099843282,0.20709866493000526,0.5965483555844794,0.4034516444155206,LOSS,69629.214,2,-0.4975,-0.5975,0.0751,-0.8028,DISCOVERY
49495,B-BTC_USDT,2026-03-27 13:40:00+00:00,SHORT,DOWNTREND,66467.4,42.92444232594269,-5.904982455917164,14.96438604335502,-0.08914562282318172,-25.95153284669918,-0.4981730784758536,-0.01481272969972025,-0.08240239300562058,-1.3874778151526035,-179.78857046066435,0.30198545209352995,2.599303652198345,0.2816997032506553,0.09650287737938677,0.65427180168219,0.34572819831781,WIN,66135.063,3,0.5025,0.4025,0.7845,-0.1062,DISCOVERY
49506,B-BTC_USDT,2026-03-27 14:35:00+00:00,SHORT,DOWNTREND,65767.8,31.40081555808672,2.1426181532001323,-47.69020560828133,-0.6930936866507125,-19.219423954716518,-0.6013260035067161,-0.06855912039636092,-0.22401495050862197,-1.5199118062429149,-200.82050389078586,0.06341901301616443,0.9158387896829968,-0.21671766500825437,0.19957081545065003,0.4867668097281938,0.19957081545065003,LOSS,66096.639,4,-0.4975,-0.5975,0.0389,-0.6667,DISCOVERY
49527,B-BTC_USDT,2026-03-27 16:20:00+00:00,SHORT,DOWNTREND,65823.9,38.203185551850964,2.3429308804759614,-31.587105195022858,-6.086717076967176,-9.878832154704341,-0.3440168950070028,-0.04212449905122151,-0.099924022014386,-1.6976524197253076,-183.68063573014138,0.12626911350338085,0.6863930067720335,-0.03183619678755375,0.0112224448897329,0.5074148296593419,0.0112224448897329,LOSS,66153.0195,9,-0.4975,-0.5975,0.0667,-0.6738,DISCOVERY
50090,B-BTC_USDT,2026-03-29 15:15:00+00:00,SHORT,DOWNTREND,66542.7,45.578814318756116,-5.18594961723614,7.336686441881703,-1.744763795570968,0.5831874601855844,-0.057212769022479654,-0.004429126061711308,-0.0034756836011395897,-0.39013738928758224,-5.138030626405122,0.4291830575576655,0.7968574470082668,-0.1135085706720341,0.16237113402057668,0.6237113402061417,0.16237113402057668,WIN,66209.9865,25,0.5025,0.4025,0.653,-0.1447,DISCOVERY
50109,B-BTC_USDT,2026-03-29 16:50:00+00:00,SHORT,DOWNTREND,66464.3,44.94340265739813,-5.802060452129183,4.230470815879908,-5.101985571768406,-12.794476206060917,-0.05189791991202327,-0.007466667591782272,-0.0109907544590504,-0.38784739943077223,-12.614447909699546,0.42693022850182366,0.47115298978022374,0.09684111810396566,0.09688581314887662,0.4071510957323895,0.09688581314887662,WIN,66131.9785,6,0.5025,0.4025,0.5344,-0.0811,DISCOVERY
50144,B-BTC_USDT,2026-03-29 19:45:00+00:00,SHORT,DOWNTREND,66345.1,44.817424048925126,-10.830914607441322,-2.5250086076123166,-2.6742790350508057,-9.688611981138392,-0.048379815079101426,-0.006503661170720321,-0.01682513958706222,-0.395531851261349,-30.06163755353554,0.09775959304335699,2.515015802029327,-0.03278744843432432,0.0,0.6648451730419649,0.0,LOSS,66676.8255,7,-0.4975,-0.5975,0.095,-0.6373,DISCOVERY
50189,B-BTC_USDT,2026-03-29 23:30:00+00:00,SHORT,DOWNTREND,65934.3,43.8949554636511,-3.6707587072263195,19.050565592078243,-0.18545961329240868,12.960577787656803,-0.27104387656621887,-0.021035049789841498,-0.047218526799663874,-0.40929296538371057,-43.55374201561099,0.41475542167547597,0.29968657705257296,1.21123589425859,0.196875,0.5712500000000545,0.196875,LOSS,66263.9715,9,-0.4975,-0.5975,0.2739,-1.4646,DISCOVERY
50354,B-BTC_USDT,2026-03-30 13:15:00+00:00,LONG,UPTREND,67910.2,66.60019948212808,1.4179320595681162,-1.534491043152542,1.1497381211284647,-3.7823686545723945,0.18259662474890032,0.018299523177822685,0.04367319911517953,0.25995405851279124,92.01809818294265,0.7897934411703158,0.7936202164155112,0.2370863581063055,0.3965909090910083,0.1534090909090909,0.8465909090909091,LOSS,67570.649,8,-0.5,-0.6,0.3508,-0.7827,DISCOVERY
50549,B-BTC_USDT,2026-03-31 05:30:00+00:00,LONG,UPTREND,67653.4,53.35993836684971,14.433798234792391,9.034910465839403,9.861247720367494,30.86340002740993,0.03667597868786996,0.010191330368969354,0.01358988754114332,0.21860517224673082,57.16894794325256,0.7242038871882917,1.0129516909806946,0.11920097645722531,0.49757281553395716,0.008899676375451205,0.9911003236245488,LOSS,67315.133,11,-0.5,-0.6,0.1528,-0.5222,DISCOVERY
50704,B-BTC_USDT,2026-03-31 18:25:00+00:00,LONG,UPTREND,67744.9,54.425683888395376,0.05562532685962651,-37.82943512154985,5.953464190371463,13.320167245702848,0.33398103416542285,0.011677364640338972,0.025807580159198373,0.01548889966806823,43.79066468026074,0.44950506002986745,0.33411442911906486,0.04236060742614996,0.5183630640083939,0.21038824763905875,0.7896117523609413,WIN,68083.6245,21,0.5,0.4,0.6381,-0.2111,DISCOVERY
50710,B-BTC_USDT,2026-03-31 18:55:00+00:00,LONG,UPTREND,67814.6,55.954427679303514,0.341847492864531,-14.897807698989467,3.0790099952286454,7.549262402166846,0.30437903590001203,0.014230807692983127,0.03932021143902009,0.015472980141788276,43.79066468026074,0.5696776649758496,0.19243354792913966,-0.5593541826079749,0.49498327759204647,0.04515050167218994,0.9548494983278101,WIN,68153.673,15,0.5,0.4,0.5347,-0.2113,DISCOVERY
50783,B-BTC_USDT,2026-04-01 01:00:00+00:00,LONG,UPTREND,68289.5,59.367743549342144,10.102310821256069,22.819559621961712,8.526752125387564,41.820451315680444,0.0694102606519948,0.02432869793369541,0.07473929998396134,0.4290734874334608,131.3362983867471,0.7747483768769672,1.4813776335354762,0.10981888587978526,0.7146739130434726,0.27513586956522285,0.7248641304347772,LOSS,67948.0525,6,-0.5,-0.6,0.0104,-0.6237,DISCOVERY
51161,B-BTC_USDT,2026-04-02 08:30:00+00:00,SHORT,DOWNTREND,66660.7,48.452436578739714,1.4102062029045541,-22.10479656876779,-0.11632300308902188,-12.921927828333452,-0.01113354238455964,-0.0050280727852292095,-0.028687450011477544,-0.2534813676535894,-180.77959358543097,0.3685732777138675,0.8696410992744057,0.04032110865003536,0.18256130790184252,0.6062670299728001,0.39373297002719987,WIN,66327.3965,6,0.5025,0.4025,0.5937,-0.0002,DISCOVERY
51200,B-BTC_USDT,2026-04-02 11:45:00+00:00,SHORT,DOWNTREND,66290.6,42.17389689243277,-3.3726332147438782,-2.775099359159153,-2.493465664593433,-10.635856927922433,-0.1138508123282817,-0.011349419466633037,-0.033092974825210675,-0.46032843934092776,-132.03819113670096,0.2610790743418263,0.4169193070845205,-0.012684955627525871,0.3244444444445738,0.5155555555554909,0.3244444444445738,WIN,65959.147,7,0.5025,0.4025,0.5636,-0.1047,DISCOVERY
51201,B-BTC_USDT,2026-04-02 11:50:00+00:00,SHORT,DOWNTREND,66200.5,36.31442210816907,-7.332884626160485,-9.693294900618792,-6.918195541459639,-13.057581259331084,-0.1232154402895113,-0.023200177906723685,-0.045928040891718425,-0.46095495413136917,-132.03819113670096,-0.0442163784618576,1.6654061356873555,-0.14858442079300244,0.15204678362575724,0.36895268474211607,0.15204678362575724,WIN,65869.4975,18,0.5025,0.4025,0.5317,-0.0421,DISCOVERY
51903,B-BTC_USDT,2026-04-04 22:20:00+00:00,LONG,UPTREND,67406.4,67.40738928783938,6.849013103297075,16.2928858715115,0.2425922821216311,1.8717247349950625,0.03523333252607384,0.014406936327637787,0.040660747752729876,0.12752078111701376,15.564577195589095,0.9498624081492478,1.3377740985310775,0.06239946001124408,0.9624999999998636,0.0,0.9624999999998636,LOSS,67069.368,38,-0.5,-0.6,0.0479,-0.5074,DISCOVERY
52269,B-BTC_USDT,2026-04-06 04:50:00+00:00,LONG,UPTREND,69139.3,54.67981317054827,-3.3988119480843366,4.799372099735518,2.7926655545336594,12.343137823658676,0.15167028578272834,0.008242510173572803,0.02494293561590144,0.7055955721740841,199.52119434703314,0.6928444696989033,0.43397512853999254,0.01609329336410226,0.4336283185840708,0.18053097345127592,0.8194690265487241,LOSS,68793.6035,19,-0.5,-0.6,0.2877,-0.5347,DISCOVERY
52271,B-BTC_USDT,2026-04-06 05:00:00+00:00,LONG,UPTREND,69119.9,53.11765162285069,-0.17237480406454608,4.314250695620965,0.11041658123214226,2.3075441504191065,0.14442980890835005,0.00448836323183599,0.015818496147157468,0.7694233519720257,177.83283699600582,0.6195357373940024,0.7019282310579189,-0.017643758024279983,0.5323590814196889,0.210855949895763,0.7891440501042369,LOSS,68774.3005,17,-0.5,-0.6,0.3158,-0.5068,DISCOVERY
52308,B-BTC_USDT,2026-04-06 08:05:00+00:00,LONG,UPTREND,69138.3,56.58157748320437,-2.2148548393729826,27.453771927177407,0.7592673615249907,5.392043919613535,0.015123796816518143,0.01590856177562383,0.045173240155049754,0.8895660250395806,89.89248414931137,0.880682600063587,1.0565273195499512,0.06042993900781097,0.9395546129374664,0.03923647932128288,0.9607635206787172,WIN,69483.9915,13,0.5,0.4,0.9125,-0.0691,DISCOVERY
52344,B-BTC_USDT,2026-04-06 11:05:00+00:00,LONG,UPTREND,69719.7,53.64956155385928,0.26729536526070063,-34.607218482842484,0.6182708637983865,-6.838803559103553,0.2777790289635943,0.0017516147519547332,0.0004936167133484659,1.0397860793508236,85.11572475225319,0.29535083571128884,0.44053956736204636,-0.4520726140431649,0.4257540603248066,0.0,1.0,LOSS,69371.1015,17,-0.5,-0.6,0.0155,-0.5334,DISCOVERY
52839,B-BTC_USDT,2026-04-08 04:20:00+00:00,LONG,UPTREND,71484.5,56.30811167998372,0.6143194474568929,28.11611374805895,1.5787542627641713,13.917571126313199,0.08816633207049165,0.013751018946739357,0.04578812468278848,1.0745349060797056,288.35199598929665,0.9022594601592527,1.3400063468356314,0.28264795739575915,0.6804564907274341,0.3009985734665345,0.6990014265334655,WIN,71841.9225,23,0.5,0.4,0.5421,-0.0434,DISCOVERY
52850,B-BTC_USDT,2026-04-08 05:15:00+00:00,LONG,UPTREND,71654.5,64.02103935145712,6.687267807010102,17.725468583273305,0.6404016935886858,1.676023610878488,0.14278426723889587,0.02001256553811892,0.05582865634137235,1.1498160699568187,253.10967861630064,0.8432015048084804,0.9620729666224906,0.24873836526610354,0.6296296296296297,0.053333333333419566,0.9466666666665804,TIME_EXIT,71836.8,48,0.2544,0.1544,0.4054,-0.1609,DISCOVERY
52864,B-BTC_USDT,2026-04-08 06:25:00+00:00,LONG,UPTREND,71821.4,64.88476742688978,1.1862411564426978,11.650313302590561,0.18247846841228466,13.757052551399845,0.1856136340076789,0.02076297448989628,0.07666362730121001,1.223853483989641,224.18298515389097,0.8882790601502035,1.710656840893612,0.17948125141008148,0.6616949152541781,0.17288135593220338,0.6616949152541781,TIME_EXIT,71615.6,48,-0.2865,-0.3865,0.1721,-0.3754,DISCOVERY
52874,B-BTC_USDT,2026-04-08 07:15:00+00:00,LONG,UPTREND,71753.6,56.091984302976776,12.019743765956079,-12.64137945193815,3.4915232851577898,8.683224188400139,0.14220261869077366,0.006674346061208425,0.014057341074780183,1.2868596086696789,188.91812084223886,0.594736652580708,0.6672827945593495,0.04739987064903012,0.7137724550897158,0.0,1.0,TIME_EXIT,71606.8,48,-0.2046,-0.3046,0.2667,-0.4715,DISCOVERY
52888,B-BTC_USDT,2026-04-08 08:25:00+00:00,LONG,UPTREND,71724.0,52.38208019772286,2.2507294600849477,3.5613463598923154,0.20077246641646163,7.82451709928433,0.07832175128797618,0.0036636836343362233,0.020188098753814998,1.3296912085531984,145.90391584632528,0.5944153979707413,0.43341240705761924,0.04936976910871334,0.7770859277707586,0.20672478206731282,0.7932752179326872,TIME_EXIT,71733.2,48,0.0128,-0.0872,0.3081,-0.4977,DISCOVERY
52898,B-BTC_USDT,2026-04-08 09:15:00+00:00,LONG,UPTREND,71836.8,58.484335906823866,-2.13984831966642,10.849431941005303,1.5272028953741774,1.3978250066692244,0.08850494217212969,0.012921343124738804,0.03148599429867449,1.3721478767549355,115.87741252765807,0.8531136994775169,0.9277262401852339,0.0272775843004713,0.4910790144435373,0.11214953271025842,0.8878504672897416,LOSS,71477.616,15,-0.5,-0.6,0.0,-0.5867,DISCOVERY
52939,B-BTC_USDT,2026-04-08 12:40:00+00:00,LONG,UPTREND,71906.8,64.48271540793021,8.128030954992212,32.89790470364552,3.28353483089699,11.696279125415419,0.058902516053969914,0.030714117140639985,0.08321946986236117,1.4046983631886563,4.13867994347595,0.9961662887512629,0.4564981849040174,0.21712935529162558,0.7050561797752487,0.000936329587933331,0.9990636704120667,WIN,72266.334,5,0.5,0.4,1.1518,-0.0672,DISCOVERY
53559,B-BTC_USDT,2026-04-10 16:20:00+00:00,LONG,UPTREND,72717.9,53.29172119633265,7.567319487458043,-26.345333674197505,12.589300519416327,45.363145381633444,0.1898580532819906,0.008538443702921228,0.017326376955884015,0.6284800410997557,50.64833658456996,0.47783006074558254,0.8766207775374325,-0.44481451663856403,0.8987341772151899,0.010632911392434536,0.9893670886075655,WIN,73081.4895,18,0.5,0.4,0.56,-0.2605,DISCOVERY
53561,B-BTC_USDT,2026-04-10 16:30:00+00:00,LONG,UPTREND,72748.6,54.509582603625965,1.8739782047204514,-8.753803785808138,7.863930377797622,30.180830407805693,0.18682895396679639,0.010859630613246907,0.028724530231816203,0.6282148217379842,50.64833658456996,0.5142072504431642,1.0158903751429464,0.11597850802303432,0.9106094808126279,0.0063205417606960685,0.9936794582393039,WIN,73112.343,16,0.5,0.4,0.5175,-0.2032,DISCOVERY
53563,B-BTC_USDT,2026-04-10 16:40:00+00:00,LONG,UPTREND,72683.1,51.350326984021486,-2.411527547852245,-7.316890680590653,0.9471721437465206,9.300843483015107,0.17350600306522476,0.0012110592332303938,0.012381012045237227,0.6287809515649156,50.64833658456996,0.4575754894409796,0.265729145209337,0.025837988586570826,0.9126213592233301,0.001213592232903834,0.9987864077670962,WIN,73046.5155,14,0.5,0.4,0.6081,-0.0266,DISCOVERY
53604,B-BTC_USDT,2026-04-10 20:05:00+00:00,LONG,UPTREND,73199.9,63.091641347874855,6.818292315701818,16.23620828311951,4.117802674093824,27.28724631597978,0.16800082243817258,0.023989153963399623,0.08044372675741762,0.7962573604826301,104.67322954069448,0.9227632858309053,1.3100531099314316,0.30042209818630006,0.8422555317629914,0.05067808708069611,0.8422555317629914,LOSS,72833.9005,30,-0.5,-0.6,0.3417,-0.5224,DISCOVERY
53627,B-BTC_USDT,2026-04-10 22:00:00+00:00,LONG,UPTREND,73161.3,54.917688116326524,6.3143489271171305,-2.4318411095691825,5.889936215646912,21.213378438234926,0.08858465633375928,0.008309026025421495,0.01894193133584743,0.8581487191932169,89.62101326337074,0.5886341276512851,0.8962766003838691,-0.14283919942212792,0.8106603023070528,0.14876690533013145,0.8512330946698685,LOSS,72795.4935,8,-0.5,-0.6,0.0712,-0.6728,DISCOVERY
53915,B-BTC_USDT,2026-04-11 22:00:00+00:00,LONG,UPTREND,73435.9,54.76923782700442,3.443229571216989,10.123612616863179,2.1179842476674633,6.797880103308415,0.07738019113268209,0.00781756244228049,0.0207760027273185,0.6040933145423083,43.03182861537823,0.8628985649609087,0.7889723204744893,0.2313817218335071,0.5382538253825363,0.0009000900090532451,0.9990999099909468,LOSS,73068.7205,12,-0.5,-0.6,0.1268,-0.5275,DISCOVERY
54027,B-BTC_USDT,2026-04-12 07:20:00+00:00,SHORT,DOWNTREND,71581.4,44.00864271083882,-2.043609887998457,-5.661570071651189,-0.15748762621636025,0.18474466101818976,-0.1262697533107746,-0.004393801380364604,-0.011258590219542786,-0.02654240332414106,-194.00292182890234,0.16835388426993547,0.4072702002740087,-0.15515540752549423,0.0029673590501862754,0.6765578635016285,0.0029673590501862754,TIME_EXIT,71445.9,48,0.1897,0.0897,0.381,-0.2355,DISCOVERY
54038,B-BTC_USDT,2026-04-12 08:15:00+00:00,SHORT,DOWNTREND,71595.3,45.40652530130697,-2.6470440739121983,-2.65441021089005,-2.315078866525947,-5.964803798008089,-0.0733843373059012,-0.004402854967888725,-0.007439632191952317,-0.08471424462984044,-171.33744835263678,0.33285221818092564,0.5555905429259224,0.01859406255681384,0.002652519894053806,0.6074270557028103,0.002652519894053806,TIME_EXIT,71404.8,48,0.2668,0.1668,0.4142,-0.2161,DISCOVERY
54118,B-BTC_USDT,2026-04-12 14:55:00+00:00,SHORT,DOWNTREND,70714.3,30.605849451318406,-2.7383905096747583,-13.89052573502903,-2.088912048423879,-21.443958733121804,-0.27330417460128476,-0.031437651139665235,-0.10669035428437779,-0.4271735279207347,-110.76063138790533,0.04293573385133342,1.2283795365395382,-0.38872938343937097,0.21877205363444344,0.5857445306986712,0.41425546930132884,LOSS,71067.8715,35,-0.4975,-0.5975,0.2094,-0.6699,DISCOVERY
54488,B-BTC_USDT,2026-04-13 21:45:00+00:00,LONG,UPTREND,73230.1,61.57724789582903,2.6039588337851356,-14.813310987853072,2.6117044390299213,14.67318431914893,0.3928128494403964,0.018727858421074828,0.06272386884298431,0.16451759401930546,254.34460884022778,0.8692887537577331,0.5419785513686295,-0.13869833568814388,0.7274436090225415,0.24718045112772366,0.7528195488722763,WIN,73596.2505,5,0.5,0.4,0.9148,-0.1367,DISCOVERY
54538,B-BTC_USDT,2026-04-14 01:55:00+00:00,LONG,UPTREND,74345.5,56.05460664907313,3.08569274824233,3.562587862353478,3.3434649356096777,15.99092841166923,0.2551555062983127,0.009141690735692265,0.02723460931495225,0.7035039561538057,304.8243785293464,0.7961339777758331,0.38191540614208946,0.03998141041026333,0.5560165975103109,0.24204702627938168,0.5560165975103109,TIME_EXIT,74184.5,48,-0.2166,-0.3166,0.3196,-0.3138,DISCOVERY
54561,B-BTC_USDT,2026-04-14 03:50:00+00:00,LONG,UPTREND,74397.0,55.27939625778814,2.7861260069113385,5.977804716122968,1.552301435302203,13.249230000860786,0.12876848750376196,0.007414610008327216,0.0297179593987007,0.8962002899132229,242.8551728844999,0.6870503035461853,0.5480037588349067,-0.013718429091722899,0.5906344410875973,0.3776435045316556,0.5906344410875973,WIN,74768.985,39,0.5,0.4,0.6761,-0.3828,DISCOVERY
54565,B-BTC_USDT,2026-04-14 04:10:00+00:00,LONG,UPTREND,74433.1,57.63129185215799,1.4662882043244778,8.175107003093757,0.933281456624492,0.8837022388447284,0.12662841819704307,0.009319189152301455,0.02221881022490546,0.9758914260112272,208.58345858046835,0.8321346064298052,0.6101021135499038,0.03479837621911451,0.8492706645056183,0.0016207455428083237,0.9983792544571917,WIN,74805.2655,35,0.5,0.4,0.6273,-0.4311,DISCOVERY
54593,B-BTC_USDT,2026-04-14 06:30:00+00:00,LONG,UPTREND,74364.1,55.36323030981052,-2.441856706099614,15.080639494252376,0.5977054467028982,7.62156929625826,0.01909411739429654,0.006587769293320278,0.02465642059705786,1.0760290150720748,115.42720786727182,0.7918027260083487,0.6965523887918585,0.163092783880101,0.6062639821027525,0.053691275167658516,0.9463087248323415,WIN,74735.9205,7,0.5,0.4,0.7206,-0.0386,DISCOVERY
54599,B-BTC_USDT,2026-04-14 07:00:00+00:00,LONG,UPTREND,74550.1,69.39243930261651,11.455806103606697,26.420908558515663,4.701056320398852,11.509327648757573,0.05928271696522003,0.02442160051736586,0.059007207404770945,1.1241558877381688,89.86222985758707,1.0564521363486565,2.4813258606214332,0.07196983857695466,0.4906798245614192,0.15296052631576243,0.8470394736842376,TIME_EXIT,74368.3,48,-0.2439,-0.3439,0.4693,-0.3658,DISCOVERY
54611,B-BTC_USDT,2026-04-14 08:00:00+00:00,LONG,UPTREND,74507.8,52.07161250120699,3.5033290334595435,-15.719726528858729,0.010861453833740597,-1.5050589525718578,0.10155463095783362,0.0012994057031034956,0.0042085508362932345,1.1669231593522453,64.44347875012943,0.4838036228830146,0.613790840501315,-0.37057930281749196,0.8145087235996495,0.1349862258952973,0.8145087235996495,TIME_EXIT,74394.6,48,-0.1519,-0.2519,0.4908,-0.3393,DISCOVERY
54624,B-BTC_USDT,2026-04-14 09:05:00+00:00,LONG,UPTREND,74718.5,58.857948582579645,1.8626871172332784,6.89112275962097,0.24569531126801536,-2.818397432998239,0.1350175511572345,0.0149922999244545,0.04087979685727383,1.210838369137146,51.28501298702815,0.8193466087589104,0.735490333026055,0.030711330097802775,0.45980126467927296,0.05600722673890924,0.9439927732610908,LOSS,74344.9075,19,-0.5,-0.6,0.1084,-0.5357,DISCOVERY
55142,B-BTC_USDT,2026-04-16 04:15:00+00:00,LONG,UPTREND,74904.9,52.90730778766442,5.110616332968512,-15.892965715016075,2.2680939058012584,5.537329663847373,0.09256778716112414,0.0027233894967837458,0.005136384543535932,0.5434696977995177,42.01303332633026,0.419032559282815,0.4188392750989346,-0.15812372465012597,0.5908571428571096,0.3531428571429569,0.6468571428570431,LOSS,74530.3755,46,-0.5,-0.6,0.3005,-0.5566,DISCOVERY
55158,B-BTC_USDT,2026-04-16 05:35:00+00:00,LONG,UPTREND,75069.0,59.34751678958615,2.882547413360946,13.575483421119216,2.4207153804834647,11.514125974752702,0.09372425940138371,0.01644882184275165,0.04798854949779052,0.5499220739473357,38.35722603100055,0.9137618720991225,0.6605226467295174,0.29811262143705314,0.6130705394190336,0.3215767634854966,0.6784232365145034,LOSS,74693.655,26,-0.5,-0.6,0.0135,-0.5263,DISCOVERY
55370,B-BTC_USDT,2026-04-16 23:15:00+00:00,LONG,UPTREND,74942.5,51.22270339946732,1.9507323222088715,9.093816258563834,1.8473887959923196,11.640124701059005,0.03639704596519474,0.0026964394845618855,0.010795097693860889,0.3573454414553652,48.526893356556286,0.6771032421082086,0.5722838266797543,0.09768682082740732,0.9023437500000037,0.0,0.9023437500000037,LOSS,74567.7875,30,-0.5,-0.6,0.2757,-0.5239,DISCOVERY
55571,B-BTC_USDT,2026-04-17 16:00:00+00:00,LONG,UPTREND,77833.1,62.16371794812277,10.225924761952847,-56.024326672704234,13.009593360951698,38.80296385757643,0.6908542434196757,0.03293901672190014,0.0882175205955793,0.9197990435701823,297.31207361684517,0.6860109285070657,0.5395159323736466,0.021512185869404888,0.35343228200368754,0.19712430426715608,0.8028756957328439,WIN,78222.2655,4,0.5,0.4,0.5999,-0.1249,DISCOVERY
55574,B-BTC_USDT,2026-04-17 16:15:00+00:00,LONG,UPTREND,77920.0,64.31029660330691,2.146578655184136,-33.150763927588,9.930370394979064,22.87356274511623,0.6620259868275723,0.03538656599904044,0.08846528516099905,0.9187732409920735,297.31207361684517,0.8190441119788523,0.5623203323293343,0.08936045409896042,0.3834656702475646,0.14012143858009896,0.859878561419901,LOSS,77530.4,10,-0.5,-0.6,0.4877,-0.595,DISCOVERY
55643,B-BTC_USDT,2026-04-17 22:00:00+00:00,LONG,UPTREND,77419.8,56.551680407880674,3.854187600620918,11.746620478276778,1.1018915029433174,5.973003772182594,0.02462945521943466,0.009816919228522458,0.029797345435467193,1.2190481783602336,75.16231723947999,0.8343604817762695,0.7574775662266922,0.2968948625561756,0.5522388059701264,0.2739244951711913,0.7260755048288088,LOSS,77032.701,15,-0.5,-0.6,0.074,-0.7306,DISCOVERY
55649,B-BTC_USDT,2026-04-17 22:30:00+00:00,LONG,UPTREND,77427.2,55.8628606101683,8.42568890646352,1.125684953635039,4.054705474295083,-1.3221803244911623,0.028083999151634093,0.009038085561585696,0.0055431155429719325,1.2189316694780856,75.16231723947999,0.8142621039859205,1.2147231131647125,0.041956992483743724,0.388251181634054,0.09115462525321266,0.9088453747467873,LOSS,77040.064,9,-0.5,-0.6,0.0,-0.7401,DISCOVERY
56654,B-BTC_USDT,2026-04-21 10:15:00+00:00,LONG,UPTREND,76431.7,59.550791752412856,2.0082683914626287,-1.5256143015585195,4.282671009103282,16.236959175056562,0.1770287135893662,0.015046360407389159,0.043489208988090056,0.3225599187049153,29.12149801845976,0.644970292623043,0.4584318747230429,-0.301856384972637,0.40501165501164127,0.3782051282051663,0.6217948717948337,WIN,76813.8585,7,0.5,0.4,0.5401,-0.0563,DISCOVERY
56657,B-BTC_USDT,2026-04-21 10:30:00+00:00,LONG,UPTREND,76483.6,60.569544024936555,1.0187522725236988,7.783372675485452,0.4845355599076626,9.308986977043972,0.18890222205570908,0.016189100391206246,0.057060427348876175,0.32234103701288214,29.12149801845976,0.7873821392418662,0.3797254186206126,-0.23415759437108308,0.4345454545453487,0.29818181818171235,0.7018181818182877,LOSS,76101.182,25,-0.5,-0.6,0.4719,-0.5704,DISCOVERY
56659,B-BTC_USDT,2026-04-21 10:40:00+00:00,LONG,UPTREND,76521.7,62.67839327589572,2.871396347584202,8.36887349099517,0.93506294714836,1.0700363754173807,0.1934282619824738,0.017940763879820132,0.049393977273615164,0.3221805440610765,29.12149801845976,0.8334653247005358,1.4697261713402252,-0.18445963826475975,0.46657381615596993,0.3015320334261919,0.6984679665738082,LOSS,76139.0915,23,-0.5,-0.6,0.4218,-0.62,DISCOVERY
56833,B-BTC_USDT,2026-04-22 01:10:00+00:00,LONG,UPTREND,76352.8,66.66196437490913,0.43739821243975996,-19.111761765872984,2.000833609934034,0.040152852800588335,0.3130484435104923,0.02185831927277171,0.058896615969450394,0.16742107051860347,20.552599442927033,0.7052085862932759,0.366987475533197,0.11973934155622898,0.475071225071224,0.19373219373218104,0.806267806267819,WIN,76734.564,12,0.5,0.4,0.6512,-0.3591,DISCOVERY
56840,B-BTC_USDT,2026-04-22 01:45:00+00:00,LONG,UPTREND,76248.0,57.498207603145886,6.710656766694356,-29.503044168661134,5.843532468983483,16.20250956459556,0.23485148976749234,0.00812268862797616,0.018411852389355055,0.16765118446507224,20.552599442927033,0.4989198267098591,0.47031879533393756,-0.07384245287735733,0.513544018058657,0.08577878103843478,0.9142212189615653,WIN,76629.24,5,0.5,0.4,0.7895,-0.0843,DISCOVERY
56843,B-BTC_USDT,2026-04-22 02:00:00+00:00,LONG,UPTREND,76259.9,57.41049914047138,-0.08770846267450594,-18.549122840690345,3.4739448212059045,10.95392132797079,0.21949486495863327,0.007693429489519232,0.019681941930560498,0.19435207061994456,40.77409839675006,0.581371067693637,1.3138192550095191,-0.05824701070431439,0.5746606334841157,0.3687782805430361,0.5746606334841157,WIN,76641.1995,2,0.5,0.4,0.7738,-0.0821,DISCOVERY
56900,B-BTC_USDT,2026-04-22 06:45:00+00:00,LONG,UPTREND,77929.4,57.23614942678346,1.2243526450808275,-33.25156468587646,1.317755663427974,1.9478870068823397,0.390749801930825,0.006296838472530375,0.01868316026525374,0.5794395881216726,226.36362530850948,0.433010488276055,0.11326672761514703,-0.29610736015631656,0.6566666666665697,0.24333333333343035,0.6566666666665697,TIME_EXIT,78080.5,48,0.1939,0.0939,0.3293,-0.199,DISCOVERY
56934,B-BTC_USDT,2026-04-22 09:35:00+00:00,LONG,UPTREND,78078.6,57.39812478001341,4.121052366400598,7.767308224254208,1.2958387808540337,11.976340932739571,0.14997503917269311,0.010211631654288844,0.0378367225170928,0.7994656272668285,199.4010289588653,0.7716965465368759,0.44781787322989375,0.1419333427923572,0.7099737532807524,0.14698162729655534,0.8530183727034446,WIN,78468.993,32,0.5,0.4,0.5279,-0.2177,DISCOVERY
56950,B-BTC_USDT,2026-04-22 10:55:00+00:00,LONG,UPTREND,78117.8,58.58709365154945,2.3061451534204664,8.704220684063312,1.2664198165748566,-0.26638794347796235,0.10580573620987341,0.010305093399476384,0.023485253991806232,0.8479770139308472,170.97684700310003,0.7806772723686805,0.6769192151222501,0.04117914374658599,0.42133620689660123,0.16163793103447768,0.8383620689655223,WIN,78508.389,31,0.5,0.4,0.6864,-0.081,DISCOVERY
56975,B-BTC_USDT,2026-04-22 13:00:00+00:00,LONG,UPTREND,78253.8,56.31463779320738,9.505083635944438,-9.91294142624291,5.908827639978082,12.531233824448428,0.09895018620657675,0.007594872957161769,0.009782963641291609,0.9841778034484648,108.75027893762444,0.5950053966563612,0.9623235940736288,0.10146213631795345,0.5338450802512645,0.0669923237961762,0.9330076762038239,WIN,78645.069,6,0.5,0.4,0.5114,-0.0833,DISCOVERY
57004,B-BTC_USDT,2026-04-22 15:25:00+00:00,LONG,UPTREND,79028.4,61.85141202816266,3.7137434317125653,-6.223112474626419,3.7574665385385515,2.696413623846979,0.3090930829388678,0.026855056975749747,0.06681171960871701,1.115406971655974,128.90855122383994,0.8373962262031414,0.8000463258752942,0.11442830707575848,0.5048381715048528,0.2389055722389273,0.7610944277610727,WIN,79423.542,8,0.5,0.4,0.5259,-0.079,DISCOVERY
57036,B-BTC_USDT,2026-04-22 18:05:00+00:00,LONG,UPTREND,78887.8,50.9687762692519,-3.27828576305906,10.53445487476504,1.617402899512463,6.131385934969259,0.06108357124381515,0.0028320878934895433,0.005721419243065462,1.2418193460340379,69.59458261642283,0.6795906637827244,0.41409650319510255,0.11270449024792352,0.8403880070546347,0.08201058201060137,0.9179894179893986,LOSS,78493.361,27,-0.5,-0.6,0.3068,-0.5934,DISCOVERY
57039,B-BTC_USDT,2026-04-22 18:20:00+00:00,LONG,UPTREND,78955.2,54.58261052951923,3.613834260267332,17.191439747883813,2.176231456436483,6.656984873118773,0.06702209664545963,0.009436973210230626,0.02270172190237396,1.2407592686240296,69.59458261642283,0.8426643821252003,0.3008622514301475,0.062450952271670745,0.734589041095864,0.040239726027376355,0.9597602739726236,LOSS,78560.424,24,-0.5,-0.6,0.2211,-0.6782,DISCOVERY
57394,B-BTC_USDT,2026-04-23 23:55:00+00:00,LONG,UPTREND,78216.8,60.78185979058405,-0.767625267340982,-2.4597481313577703,1.407547619096512,5.955017095533734,0.1318883822711628,0.010849493766862395,0.033117556656225844,0.3352622994622456,3.823418077940352,0.6979698857124557,0.8772064041449119,0.2172241467149547,0.3921052631577416,0.19736842105263158,0.8026315789473685,LOSS,77825.716,41,-0.5,-0.6,0.4209,-0.7996,DISCOVERY
57398,B-BTC_USDT,2026-04-24 00:15:00+00:00,LONG,UPTREND,78314.5,63.396642494382704,11.854694089179738,5.3730924634116946,4.349907107375479,13.115217257174734,0.1399308955776571,0.01885391197924413,0.050147196068728306,0.3439511000743569,23.806349936314206,0.9248894939259691,0.9691610733232191,0.19147356992438883,0.43678160919542014,0.11822660098518518,0.8817733990148148,LOSS,77922.9275,15,-0.5,-0.6,0.1846,-0.528,DISCOVERY
57421,B-BTC_USDT,2026-04-24 02:10:00+00:00,LONG,UPTREND,78349.9,58.714401026034906,-2.65851930520202,24.666636827813416,1.7727810269560536,9.370171340371284,0.07971134623898579,0.01681983461732095,0.05081784729445982,0.37572151159956346,55.793088662502065,0.7064235135549904,0.6982590581724452,0.017265287039378806,0.37704918032786267,0.13805004314064542,0.8619499568593546,LOSS,77958.1505,14,-0.5,-0.6,0.0579,-0.9681,DISCOVERY
57554,B-BTC_USDT,2026-04-24 13:15:00+00:00,LONG,UPTREND,78359.9,63.31296169797109,0.8450262787233811,-0.9968440013854831,4.74088723658727,18.03692559461534,0.21518702506408524,0.02240786786011917,0.06541295254152146,0.18464375075470676,23.55868581618159,0.9045373468143509,0.8416011392549428,0.22175498480283695,0.6371100164203938,0.0008210180624451427,0.9991789819375548,LOSS,77968.1005,7,-0.5,-0.6,0.0003,-0.5231,DISCOVERY
57683,B-BTC_USDT,2026-04-25 00:00:00+00:00,SHORT,DOWNTREND,77380.8,45.93948588594745,0.2978056667198743,13.456710961160141,-1.2925474769236445,-0.23105879718825406,-0.08735523385760585,-0.0014284701273958866,-9.570537778946786e-05,-0.016376565883243478,-55.209908099766,0.6124538729184817,1.5863839686639405,0.09235293210293069,0.06183115338879464,0.7657550535077392,0.06183115338879464,TIME_EXIT,77605.0,48,-0.2889,-0.3889,0.1632,-0.3841,DISCOVERY
57765,B-BTC_USDT,2026-04-25 06:50:00+00:00,SHORT,DOWNTREND,77488.4,47.75130859696017,-2.6602446712405907,4.109920162403217,-0.210394486286841,1.3325707095863955,-0.018517267700157877,-0.0009127286729970763,-0.0013322054934983285,-0.0666558073459452,-1.9486271659210814,0.5531817771573871,2.234828145816721,-0.0020325209809548155,0.008460236886631993,0.7106598984770873,0.008460236886631993,TIME_EXIT,77750.9,48,-0.3376,-0.4376,0.1142,-0.4628,DISCOVERY
57778,B-BTC_USDT,2026-04-25 07:55:00+00:00,SHORT,DOWNTREND,77449.9,43.55728568483557,-6.049967996413024,2.150253095446243,-3.2330594423875656,-5.092589259832226,-0.01699541164017973,-0.0043634050819862935,-0.003744391440951844,-0.076345746584231,-2.559239713075229,0.3019373090138103,2.6121406996148866,-0.025719691505696456,0.02472527472511877,0.3626373626373407,0.02472527472511877,LOSS,77837.1495,31,-0.4975,-0.5975,0.0076,-0.5127,DISCOVERY
57908,B-BTC_USDT,2026-04-25 18:45:00+00:00,SHORT,DOWNTREND,77269.9,45.02071954614924,-6.754371439187274,13.19692616664409,-1.6959899560148486,-2.1649220911876483,-0.10497669057685602,-0.002237237445723572,-0.001861123544733001,-0.10959453392304366,-22.151615221177806,0.5171526874041196,0.8590816597005482,0.03399956404175954,0.0,0.9842931937171259,0.0,TIME_EXIT,77511.3,48,-0.3114,-0.4114,0.1515,-0.4271,DISCOVERY
58094,B-BTC_USDT,2026-04-26 10:15:00+00:00,LONG,UPTREND,77990.8,53.361324036534285,7.69648933771667,2.866977827525481,1.5583417115366864,8.592485221133492,0.04368291917766017,0.002820764777555773,0.010032371591961464,0.06489682506319785,71.86690719826316,0.7116718310134194,0.688407976328616,-0.003525932593125263,0.5619335347432795,0.35347432024154174,0.5619335347432795,TIME_EXIT,77975.4,48,-0.0197,-0.1197,0.1586,-0.3536,DISCOVERY
58106,B-BTC_USDT,2026-04-26 11:15:00+00:00,LONG,UPTREND,78005.3,56.79018538695009,1.813850566355434,5.9046160754689705,0.4412091087826351,4.9792148787207005,0.03234455810568502,0.0039328776205271865,0.014648180701515301,0.08192633852718469,63.22328311297247,0.8314550265927697,0.6763551474413314,0.11171965489471711,0.730337078651765,0.23970037453164333,0.730337078651765,TIME_EXIT,78067.7,48,0.08,-0.02,0.1682,-0.3722,DISCOVERY
58145,B-BTC_USDT,2026-04-26 14:30:00+00:00,LONG,UPTREND,78029.9,63.41240810871173,5.528893493790932,19.211257117300377,0.9059197904948171,6.773928675501361,0.005092904942638256,0.011970275279526987,0.0364514372754865,0.1117950673471168,30.11521356997882,0.9315156607838617,1.0292648735408878,0.2828209222259332,0.7742899850522593,0.1076233183858102,0.8923766816141898,TIME_EXIT,78096.8,48,0.0857,-0.0143,0.3797,-0.2754,DISCOVERY
58163,B-BTC_USDT,2026-04-26 16:00:00+00:00,LONG,UPTREND,78012.8,51.64220170369207,3.878977098183121,-6.728835794529928,0.8367372095183327,1.9930210701805535,0.03146535438218057,0.0009529842942335165,0.0020483101695001338,0.1380226353627069,25.24129302465198,0.4078902112404548,0.7291408327477633,-0.03523820385106855,0.6734693877550414,0.24960753532174107,0.7503924646782589,WIN,78402.864,39,0.5,0.4,0.5962,-0.2535,DISCOVERY
58211,B-BTC_USDT,2026-04-26 20:00:00+00:00,LONG,UPTREND,78205.8,54.57897750664563,0.43271989961468904,-8.044863250806785,1.8902772505975634,7.434614465045144,0.0808900616309344,0.005256857387436753,0.01710177446496708,0.18164992508803762,23.207964378235957,0.5517936841211712,0.3622786245838399,0.043385163348681685,0.5298507462686344,0.04850746268641217,0.9514925373135878,LOSS,77814.771,22,-0.5,-0.6,0.4464,-0.5483,DISCOVERY
58226,B-BTC_USDT,2026-04-26 21:15:00+00:00,LONG,UPTREND,78208.5,51.931784694713514,-1.790020466827123,-4.726522809400379,0.13812811312805096,-0.6024648162982658,0.06210957021835516,0.0014011128923963057,0.0038374416932107636,0.19204981747048372,20.340074805183136,0.5484342095375058,0.48160484317192903,0.11304696369296349,0.39651416122003047,0.3899782135075479,0.6100217864924521,LOSS,77817.4575,6,-0.5,-0.6,0.0348,-0.5031,DISCOVERY
58282,B-BTC_USDT,2026-04-27 01:55:00+00:00,LONG,UPTREND,79245.3,62.87506810020579,4.125933878487373,10.671250826266174,3.0556080178808145,21.823215418987104,0.3286786124451442,0.03846165267888946,0.12659356452877635,0.33592369640380226,93.96936934106589,0.7815901408939042,0.5256106592017717,0.05792655874479681,0.6949152542372882,0.02227602905564779,0.9777239709443523,LOSS,78849.0735,36,-0.5,-0.6,0.0355,-0.5241,DISCOVERY
58295,B-BTC_USDT,2026-04-27 03:00:00+00:00,LONG,UPTREND,79095.0,54.99237957408207,0.9201148987917307,-23.113208045276807,1.670248265762794,10.156418613729585,0.24745405327218495,0.005812849090358618,0.02531285430837915,0.44087836320273377,112.90464042110801,0.5272374366188558,0.6593611128447173,-0.10116186156770783,0.46511627906976744,0.4223255813952947,0.5776744186047054,LOSS,78699.525,25,-0.5,-0.6,0.2256,-0.6157,DISCOVERY
58298,B-BTC_USDT,2026-04-27 03:15:00+00:00,LONG,UPTREND,79197.3,59.94005287408914,4.947673300007068,-8.859000326461938,4.2890615643355545,14.254207718814868,0.24271633536745896,0.015047443600235688,0.04163969100221543,0.4403088759025905,112.90464042110801,0.7451154000629356,0.6663733669190292,0.43113945738578674,0.44919786096256686,0.24278074866307048,0.7572192513369296,LOSS,78801.3135,21,-0.5,-0.6,0.0961,-0.6106,DISCOVERY
58514,B-BTC_USDT,2026-04-27 21:15:00+00:00,SHORT,DOWNTREND,76821.8,46.40820452356422,-5.895908903184591,-12.255643339274727,-4.454093893051308,-12.954313234620216,-0.0060956219496448565,-0.005672187777550075,-0.007215406712679506,-0.33657329183865337,-115.85230989003225,0.267362816627849,0.7615215992197185,0.4055927558578593,0.021428571428606075,0.7059523809524156,0.021428571428606075,LOSS,77205.909,24,-0.4975,-0.5975,0.1395,-0.5137,DISCOVERY
58523,B-BTC_USDT,2026-04-27 22:00:00+00:00,SHORT,DOWNTREND,76760.2,40.924144028812215,-10.741336733664795,-18.812714565283585,-1.6856897540200855,-11.383921914233085,-0.021433669864296453,-0.01095310087396717,-0.03362105062016951,-0.3753836750542241,-101.13444249546075,0.04680054669164824,2.785542735098537,-0.18187890998532347,0.26155358898713893,0.5535889872173503,0.4464110127826497,LOSS,77144.001,15,-0.4975,-0.5975,0.0499,-0.5943,DISCOVERY
58707,B-BTC_USDT,2026-04-28 13:20:00+00:00,SHORT,DOWNTREND,76097.8,38.285256382486956,3.165525518883804,-5.611621905780673,-2.0163797083604535,-16.359044576297265,-0.1850058879072717,-0.017409218669006687,-0.05951585346306576,-0.5453790686210146,-24.902304178524616,0.20171707759023103,0.48074047419408544,-0.12297632029084973,0.0,0.575936883629167,0.42406311637083305,WIN,75717.311,15,0.5025,0.4025,0.6052,-0.3814,DISCOVERY
58716,B-BTC_USDT,2026-04-28 14:05:00+00:00,SHORT,DOWNTREND,76074.4,41.370116130307096,-0.5051601843246374,-2.492005756467748,-3.578455640674065,-12.375184516473979,-0.15819902472007707,-0.01504879645316537,-0.03934919113085522,-0.574603811938515,-34.37695047862263,0.19612939142466224,0.4054511993352711,0.01015885110525059,0.08755364806864455,0.8635193133047709,0.136480686695229,WIN,75694.028,6,0.5025,0.4025,0.5743,-0.0337,DISCOVERY
58735,B-BTC_USDT,2026-04-28 15:40:00+00:00,SHORT,DOWNTREND,75903.1,45.03882178131205,-3.9295906240963347,19.154490048234372,-4.978428517655935,-10.89276803354246,-0.17684958171447118,-0.007533812274718166,-0.014888139684565704,-0.6166464145586833,-51.13946320123887,0.4923313702518902,0.43689549236430925,0.22903842814537909,0.0007874015748489824,0.43622047244089907,0.0007874015748489824,LOSS,76282.6155,48,-0.4975,-0.5975,0.0828,-0.532,DISCOVERY
58743,B-BTC_USDT,2026-04-28 16:20:00+00:00,SHORT,DOWNTREND,75940.0,46.607272499646214,-2.663353593100261,9.815238549434593,-4.08990046005114,-11.718519536330351,-0.120892389320738,-0.004145294439572567,-0.006237384354212949,-0.6414945768261932,-49.39368193039047,0.4834607536371898,0.3555160321408488,-0.04072938808150847,0.0,0.7916666666666666,0.0,LOSS,76319.7,41,-0.4975,-0.5975,0.1315,-0.5136,DISCOVERY
58745,B-BTC_USDT,2026-04-28 16:30:00+00:00,SHORT,DOWNTREND,75892.1,43.19550147818687,-4.272461503762749,1.4546854182091629,-4.65058408001941,-12.45045359127657,-0.12017279264790422,-0.00924004493129127,-0.01880221772914137,-0.6418994620544313,-49.39368193039047,0.12619104699701134,0.7097561238146147,-0.103779810287333,0.02386363636370251,0.5829545454545785,0.02386363636370251,LOSS,76271.5605,38,-0.4975,-0.5975,0.0683,-0.5466,DISCOVERY
58747,B-BTC_USDT,2026-04-28 16:40:00+00:00,SHORT,DOWNTREND,75885.8,42.741710726711084,-2.91693421875199,-3.4349953637661095,-1.7151983897034597,-9.540264861994682,-0.12097379646817627,-0.008283555784116547,-0.026634339318099,-0.6419527522168984,-49.39368193039047,0.16106784167586868,0.9024944776156703,-0.11929028123292369,0.408418657565474,0.5881683731512167,0.408418657565474,LOSS,76265.229,36,-0.4975,-0.5975,0.0444,-0.5549,DISCOVERY
59071,B-BTC_USDT,2026-04-29 19:40:00+00:00,SHORT,DOWNTREND,75395.6,45.64500205302365,-2.4214121819785177,28.747209983296102,-2.9846771589073597,-19.680011311457122,-0.34546730029576683,-0.008332893177676048,-0.038430495873043036,-0.31517546867123625,-170.2654468020444,0.6205149860220172,0.0916422439014623,0.20707125749935923,0.35039370078737675,0.6062992125984101,0.3937007874015898,LOSS,75772.578,11,-0.4975,-0.5975,0.0065,-0.5718,DISCOVERY
59478,B-BTC_USDT,2026-05-01 05:35:00+00:00,LONG,UPTREND,77072.5,56.33953141334975,0.7506316084087672,-15.071750657598322,1.9048171302187953,2.9741666301840226,0.18302866164731585,0.004862860426979587,0.0102273356565874,0.04361268783657946,87.45024523446976,0.5725360802447548,0.44022331420458594,0.08907014951999247,0.8141263940520547,0.0,1.0,WIN,77457.8625,33,0.5,0.4,0.5287,-0.3098,DISCOVERY
59487,B-BTC_USDT,2026-05-01 06:20:00+00:00,LONG,UPTREND,77115.8,58.359763166390586,2.4282634550743722,-6.714072983777108,0.7451378778077,-0.5704804924150721,0.15451628668920356,0.004981781361990123,0.011678790463554023,0.09303209919200212,97.06122189849428,0.7296175086587948,1.1695997717244917,0.13949781436110412,0.5801354401806736,0.0022573363429186258,0.9977426636570814,TIME_EXIT,77373.3,48,0.3339,0.2339,0.4723,-0.3658,DISCOVERY
59489,B-BTC_USDT,2026-05-01 06:30:00+00:00,LONG,UPTREND,77125.0,59.332924209937616,3.1009545910929504,-5.6171334773905315,0.9116660887177019,1.8420773841942761,0.14799040844696054,0.005259096473775315,0.014279132287176033,0.09302100168389753,97.06122189849428,0.7527331102876781,0.6162296227340238,0.018489641699413004,0.675,0.0,1.0,TIME_EXIT,77287.7,48,0.211,0.111,0.4603,-0.3777,DISCOVERY
59523,B-BTC_USDT,2026-05-01 09:20:00+00:00,LONG,UPTREND,77344.1,62.32420520872955,2.604266345040763,-6.599364434687672,0.5956160385754714,-6.1882954183938494,0.14995693591593431,0.010707722137914821,0.02360179952121122,0.2055700526696078,89.33803461845031,0.6458112868539163,0.6141254314304432,0.058629644607595344,0.3902439024390244,0.07195121951212413,0.9280487804878759,WIN,77730.8205,36,0.5,0.4,0.5248,-0.2922,DISCOVERY
59600,B-BTC_USDT,2026-05-01 15:45:00+00:00,LONG,UPTREND,78623.4,65.31127150133428,2.8614679295480343,14.788086494995895,1.7046452901019649,15.457404739181484,0.3267359743000626,0.027859946955444137,0.09106124585043229,0.5408620050420834,153.35822552096,0.8728637098960021,0.43457524919271157,0.03579732188700523,0.6395806028833689,0.20707732634341164,0.7929226736565884,LOSS,78230.283,1,-0.5,-0.6,0.0001,-0.6275,DISCOVERY
59624,B-BTC_USDT,2026-05-01 17:45:00+00:00,LONG,UPTREND,78422.2,55.56770440291212,10.868523745777019,23.428265680295198,5.1070387331497,33.159166420122745,0.08172698759017157,0.01593188859423389,0.05836576686784056,0.6421804801906015,121.5483321604724,0.9137184732427797,0.5225297562472152,0.09504103420981898,0.5804597701150307,0.1302681992337795,0.8697318007662205,LOSS,78030.089,35,-0.5,-0.6,0.224,-0.6623,DISCOVERY
59627,B-BTC_USDT,2026-05-01 18:00:00+00:00,LONG,UPTREND,78507.1,58.802393596432836,3.2346891935207154,34.09980090492683,0.5249542464285639,10.671535224631633,0.10939472440473866,0.020421482619292775,0.06566098851430446,0.6949121373325491,115.53315148717007,0.9087679350839477,0.9320139242627377,0.31104792725487385,0.6565252201761715,0.32586068855083256,0.6565252201761715,LOSS,78114.5645,28,-0.5,-0.6,0.1157,-0.5751,DISCOVERY
60334,B-BTC_USDT,2026-05-04 04:55:00+00:00,LONG,UPTREND,80300.0,57.703027451451185,-0.8194279616902307,-43.01119499950647,2.3768148002278338,-5.374480574744496,0.4603915366807786,0.012001535989369927,0.025477309926502656,0.5733441143370922,151.87244896164572,0.607535645132245,1.2505709616792449,-0.02659628688445482,0.3869230769230993,0.11384615384617623,0.8861538461538238,LOSS,79898.5,14,-0.5,-0.6,0.0872,-0.5532,DISCOVERY
60491,B-BTC_USDT,2026-05-04 18:00:00+00:00,LONG,UPTREND,80382.4,60.80589220850031,-0.40334161876543817,-18.249839737576508,0.8571767226316922,0.972172887825991,0.37911514303443755,0.019416398549454428,0.05905757259194733,0.6059527338458369,42.71574690453653,0.7432260375358016,1.6822334285424756,-0.14548844966678592,0.7006403415155122,0.07203842049093073,0.9279615795090692,LOSS,79980.488,13,-0.5,-0.6,0.0148,-0.5811,DISCOVERY
60605,B-BTC_USDT,2026-05-05 03:30:00+00:00,LONG,UPTREND,80772.5,67.08543751580618,1.1918502550076369,13.35418185848404,0.9345398069839206,10.077337300589278,0.24548259557092586,0.03050911916144816,0.09741232364699481,0.6630135558754913,23.61062053047897,0.8844217121036546,0.7724211492912387,0.2113000965389432,0.4760076775431157,0.2639155470249594,0.7360844529750407,WIN,81176.3625,25,0.5,0.4,0.6261,-0.1252,DISCOVERY
60629,B-BTC_USDT,2026-05-05 05:30:00+00:00,LONG,UPTREND,81087.9,66.4332340095234,4.813231923356717,14.759305874624673,5.168563039614028,24.763251446494564,0.24329481925765656,0.02939978021669898,0.09155000503457966,0.7336174843042443,64.10892478107496,1.0415037722605904,0.9128629720771502,0.25400440676535724,0.3641618497109368,0.0,1.0,LOSS,80682.4605,38,-0.5,-0.6,0.2347,-0.5096,DISCOVERY
60647,B-BTC_USDT,2026-05-05 07:00:00+00:00,LONG,UPTREND,80905.5,53.43347473604208,1.2053003248010157,-3.948291347306597,3.7259203088039996,19.29234062496091,0.1163444605945437,0.004683831219720602,0.016712192331747033,0.7914728911157924,69.03856406308523,0.4988065966942284,0.46484514629503676,-0.18286021806649644,0.6421568627450954,0.0,0.6421568627450954,LOSS,80500.9725,34,-0.5,-0.6,0.254,-0.5252,DISCOVERY
60653,B-BTC_USDT,2026-05-05 07:30:00+00:00,LONG,UPTREND,81049.1,61.801240693262805,5.54201108499462,15.589889288699851,3.812825215152312,10.637347302480256,0.12474433470068716,0.016981854712727618,0.04273452804413047,0.7900705867451797,69.03856406308523,0.9888504761497363,0.9095924502961589,-0.13585002000076285,0.3503836317136145,0.0,1.0,LOSS,80643.8545,18,-0.5,-0.6,0.0764,-0.5035,DISCOVERY
60731,B-BTC_USDT,2026-05-05 14:00:00+00:00,LONG,UPTREND,81387.1,55.48819015910158,-11.879908106435707,-26.519693850084465,0.5092872564736268,-21.63733884716929,0.23419277005559883,0.008884573709710963,0.006002592290554887,0.8378239715717619,24.774722762148315,0.5568960453319688,0.6377086531137738,-0.1752790276414172,0.5569767441860353,0.02131782945736434,0.9786821705426356,LOSS,80980.1645,3,-0.5,-0.6,0.0002,-0.6072,DISCOVERY
60743,B-BTC_USDT,2026-05-05 15:00:00+00:00,LONG,UPTREND,81369.8,55.056175782188625,7.971764944685027,-3.563895314552653,9.60190302193929,26.88483327346929,0.12027886828591355,0.013739807753254674,0.0265895796054183,0.8530691316929647,26.045294699879605,0.6573476531120894,0.44198529813790033,-0.1872429120593771,0.5382131324004221,0.0,1.0,TIME_EXIT,81423.0,48,0.0654,-0.0346,0.3329,-0.4545,DISCOVERY
61001,B-BTC_USDT,2026-05-06 12:30:00+00:00,LONG,UPTREND,82390.1,54.223566033308494,7.344584607279813,-40.175631881134635,7.917322993153832,23.79057700945249,0.2532988697588801,0.005204103836153884,0.01023403207589535,0.8045636552912901,74.74202733531274,0.4295186298876423,0.2554186603207895,-0.3310971770925414,0.5147058823529569,0.07773109243691602,0.922268907563084,LOSS,81978.1495,7,-0.5,-0.6,0.009,-0.7258,DISCOVERY
61411,B-BTC_USDT,2026-05-07 22:40:00+00:00,SHORT,DOWNTREND,79785.7,47.738406526767726,-2.810669930657049,12.993391327582806,-0.1397146809815979,-7.493051398968369,-0.10667457178901954,-0.002420757685028807,-0.018576764402045143,-0.3689325895129913,-82.54630671267836,0.5401768603145854,0.45023661597652437,0.14080588762777402,0.03992395437246421,0.8365019011408232,0.03992395437246421,WIN,79386.7715,43,0.5025,0.4025,0.6277,-0.4018,DISCOVERY
61490,B-BTC_USDT,2026-05-08 05:15:00+00:00,SHORT,DOWNTREND,79563.4,46.6301634609646,-5.868355906059229,-3.079260400846815,-3.071851587155548,-6.659107273246994,-0.03774824048303214,-0.004347289912765007,-0.005233124070902484,-0.5376725454682529,-17.85336321393777,0.27349156418485066,0.9558012244986244,-0.05010471615588391,0.049928673323818965,0.5035663338088442,0.049928673323818965,LOSS,79961.217,47,-0.4975,-0.5975,0.4487,-0.5085,DISCOVERY
61923,B-BTC_USDT,2026-05-09 17:20:00+00:00,LONG,UPTREND,80732.5,69.28565101141055,-2.1799654656003042,6.988370033712215,1.0184896496566722,1.590228338314546,0.14027213427593385,0.01818102719031156,0.051174830077349576,0.01914723139030193,23.278163074552708,0.9232796272043178,0.771406179851047,0.32449426892481953,0.5316718587746162,0.06334371754938356,0.9366562824506165,TIME_EXIT,80762.1,48,0.0367,-0.0633,0.3849,-0.0727,DISCOVERY
62219,B-BTC_USDT,2026-05-10 18:00:00+00:00,LONG,UPTREND,81443.0,61.7953854893019,5.21151354751499,4.145269808283928,1.7032773764119682,14.494286338908864,0.16159366851889553,0.015326889428801671,0.0537352126653623,0.30261372688425725,56.65968818643705,0.9129151997114091,0.9608594675487513,-0.03038318750723156,0.6308962264150727,0.3502358490565574,0.6497641509434425,LOSS,81035.785,27,-0.5,-0.6,0.0297,-0.536,DISCOVERY
62500,B-BTC_USDT,2026-05-11 17:25:00+00:00,LONG,UPTREND,81602.4,56.50881115934578,4.454643170506195,-28.890961691524794,5.3563403394124265,14.343353517471186,0.2161696468275208,0.012456692571549688,0.03189598293746876,0.18796322479075414,38.01195886026578,0.5246283922623853,0.17020699692156288,-0.09772016480454006,0.4650406504065987,0.0016260162602572481,0.9983739837397427,WIN,82010.412,4,0.5,0.4,0.5287,-0.0636,DISCOVERY
62512,B-BTC_USDT,2026-05-11 18:25:00+00:00,LONG,UPTREND,81995.2,63.97619230188249,0.9876998691255778,-0.7394730541989816,2.4164540725211623,-14.179345357990229,0.29263493981696614,0.02685403350606297,0.0540671635671508,0.2354271956488816,75.84589394974549,0.8087959296008059,0.7307462577434668,0.106690066957895,0.4292534722222078,0.10069444444443436,0.8993055555555657,LOSS,81585.224,37,-0.5,-0.6,0.1265,-0.5369,DISCOVERY
62768,B-BTC_USDT,2026-05-12 15:45:00+00:00,SHORT,DOWNTREND,80265.0,39.41862580849277,-4.744434799657064,-22.542630390500534,-0.4846597845744327,7.117585856497314,-0.1556682273661516,-0.026848635593468284,-0.06764349734454944,-0.0839329473898636,-82.55075941777838,0.1530849924465216,0.6358277370457998,-0.27151829298237024,0.1383831026948259,0.36635105608158663,0.1383831026948259,WIN,79863.675,12,0.5025,0.4025,0.539,-0.1931,DISCOVERY
62775,B-BTC_USDT,2026-05-12 16:20:00+00:00,SHORT,DOWNTREND,80273.3,41.18619916385633,-2.3394230532067866,2.560643115386611,-1.118801419001116,6.794794905093724,-0.16714753251637143,-0.01579556922739478,-0.035005491466311156,-0.12624661369019352,-88.42991814104786,0.2724863858563269,0.4870628195639975,-0.028282849919947953,0.2200577200577339,0.40548340548341005,0.2200577200577339,WIN,79871.9335,5,0.5025,0.4025,0.5494,-0.0427,DISCOVERY
63631,B-BTC_USDT,2026-05-15 15:40:00+00:00,SHORT,DOWNTREND,79057.2,38.24876956415882,-1.5691405081825351,38.13885817826002,-6.71643672152473,-17.355246339869808,-0.46004935206616393,-0.01996169600867459,-0.05176181829615878,-0.09120329814644694,-237.78093020588926,0.21242877486226736,0.5385271455988211,0.17466247111806357,0.19371727748687576,0.45724258289708614,0.19371727748687576,LOSS,79452.486,23,-0.4975,-0.5975,0.0974,-0.5133,DISCOVERY
63747,B-BTC_USDT,2026-05-16 01:20:00+00:00,SHORT,DOWNTREND,79072.6,45.45327104405855,-3.8141248827344825,-6.51006760254518,-0.6950333321332778,0.4906676917354007,-0.006305023224207606,-0.0032968209872086263,-0.004836714258971142,-0.5442802475054259,-51.12090005338973,0.23358437136516355,1.4786055873071453,-0.0916039021998835,0.0016000000000931322,0.7728000000000466,0.0016000000000931322,TIME_EXIT,78985.9,48,0.1098,0.0098,0.3319,-0.1333,DISCOVERY
63763,B-BTC_USDT,2026-05-16 02:40:00+00:00,SHORT,DOWNTREND,79052.8,44.2798201035835,-7.528399859588646,-4.281389840433565,-2.5044923805056136,-13.084287548263392,-0.005087709898337343,-0.0048285130674563526,-0.0162728111301913,-0.554797359114035,-27.79217035711389,0.38039313421563137,0.9194977771008358,-0.020501078741205752,0.14664586583475628,0.8112324492978983,0.18876755070210174,TIME_EXIT,78705.5,48,0.4413,0.3413,0.4533,-0.1276,DISCOVERY
63778,B-BTC_USDT,2026-05-16 03:55:00+00:00,SHORT,DOWNTREND,79041.7,40.745767124808026,2.6619633740634043,-9.171355757126772,-0.966545938407025,-4.622410464430546,-0.006972123923984273,-0.006046962575467774,-0.017660952345577297,-0.5628628015081849,-9.290692204221102,0.1877630048359966,0.9527632336783753,-0.11649875925472933,0.0,0.7356321839079755,0.0,WIN,78646.4915,34,0.5025,0.4025,0.6447,-0.0697,DISCOVERY
64321,B-BTC_USDT,2026-05-18 01:10:00+00:00,SHORT,DOWNTREND,77024.8,38.10059015663051,-4.308963772496732,26.404716767400743,-2.4821366424077667,12.985610820396317,-0.4300405000745656,-0.02887223134508954,-0.06454083251443699,-0.47304646744718876,-70.22936341257258,0.28946650870972235,0.331537126169895,-0.2354720969450836,0.0,0.5392000000000117,0.0,TIME_EXIT,77000.0,48,0.0322,-0.0678,0.4643,-0.2145,DISCOVERY
64340,B-BTC_USDT,2026-05-18 02:45:00+00:00,SHORT,DOWNTREND,76805.7,36.169201870234915,-7.176597858701058,4.423652978620524,-8.048935705666551,-28.888542801201623,-0.3235709828487299,-0.02490984655061368,-0.06838356929164124,-0.5237069104919373,-99.91124322622048,0.21657631003918568,0.6719056934508434,-0.44042767514411935,0.020565552699179427,0.5964010282776997,0.020565552699179427,TIME_EXIT,76888.3,48,-0.1074,-0.2074,0.3543,-0.3306,DISCOVERY
64355,B-BTC_USDT,2026-05-18 04:00:00+00:00,SHORT,DOWNTREND,76896.9,46.54655563962905,-2.7244857704148515,14.277463451336345,-1.703538467573523,-7.220867644010703,-0.2124093333250414,-0.002853102543898256,-0.01059594514554174,-0.6281485122809145,-134.59277656796243,0.5232396117396946,0.5021638515853761,0.008570650840133831,0.07443365695778402,0.8737864077669492,0.07443365695778402,TIME_EXIT,77128.3,48,-0.3,-0.4,0.4735,-0.3009,DISCOVERY
64379,B-BTC_USDT,2026-05-18 06:00:00+00:00,SHORT,DOWNTREND,76822.0,39.95143480688407,-7.038752721463339,-13.200028766860003,-4.971589785830412,-9.023589646457191,-0.08269432065640481,-0.013888704549425146,-0.025421107549550293,-0.6883749302443408,-113.8396686882804,0.1332502175143276,0.8105288854729799,-0.15304182818374118,0.0,0.36950146627567776,0.0,TIME_EXIT,76839.7,48,-0.023,-0.123,0.3756,-0.4836,DISCOVERY
64386,B-BTC_USDT,2026-05-18 06:35:00+00:00,SHORT,DOWNTREND,76687.2,38.25597718373554,-2.1501267931211885,-21.01877396968623,-0.5563332508278265,-0.6646452383095465,-0.12618417815080024,-0.019583627648345203,-0.05509623881966297,-0.6895849488732247,-113.8396686882804,0.09622636264034881,0.5663940354105667,-0.09180516070269251,0.027537372147913766,0.5420928402832854,0.027537372147913766,LOSS,77070.636,17,-0.4975,-0.5975,-0.0001,-0.5752,DISCOVERY
64418,B-BTC_USDT,2026-05-18 09:15:00+00:00,SHORT,DOWNTREND,76885.7,45.6462576750323,-2.055536554369276,-13.821935176835291,-0.24499890879439512,-5.493066520040658,-0.006178998084588961,-0.006545551312664433,-0.022162296613914556,-0.7259818814321356,-54.115817272129334,0.20552414855628454,0.3219557827628614,-0.11305304009005279,0.12215909090918368,0.6704545454545595,0.32954545454544043,LOSS,77270.1285,29,-0.4975,-0.5975,0.3376,-0.6364,DISCOVERY
64510,B-BTC_USDT,2026-05-18 16:55:00+00:00,SHORT,DOWNTREND,76377.3,47.5969460736906,-2.2882978240042107,26.86622626939144,-4.356096220666792,-13.181583133643677,-0.21153928663350322,-0.0020326002864279324,-0.0028119374552715293,-0.7612554894315813,-27.019054722049134,0.5855101920701462,0.9937098868502633,0.11780118566712487,0.10191082802549616,0.8550955414013037,0.10191082802549616,LOSS,76759.1865,25,-0.4975,-0.5975,0.3542,-0.6816,DISCOVERY
64785,B-BTC_USDT,2026-05-19 15:50:00+00:00,SHORT,DOWNTREND,76473.1,47.112670976333604,-3.783740108504631,18.257560782798905,-1.432496260508401,-7.771837636509389,-0.14518768781583377,-0.00401301783130581,-0.017105460011046514,-0.4297562307479758,-9.976471410510428,0.6041330676233605,0.21511285795378765,-0.01690504788912827,0.12993039443167204,0.8607888631090675,0.12993039443167204,LOSS,76855.4655,12,-0.4975,-0.5975,0.1258,-0.519,DISCOVERY
64787,B-BTC_USDT,2026-05-19 16:00:00+00:00,SHORT,DOWNTREND,76496.5,48.365148077330986,1.2127519955105726,17.90699453635287,-0.03520084858092787,-1.7830625069544368,-0.13531570198213355,-0.0005475678104494008,-0.00634899327708327,-0.439189837254785,-22.165214148500695,0.6456030120506124,0.38046250026351863,0.02330388100656521,0.0,0.8629032258064516,0.13709677419354838,LOSS,76878.9825,11,-0.4975,-0.5975,0.1565,-0.5118,DISCOVERY
65135,B-BTC_USDT,2026-05-20 21:00:00+00:00,LONG,UPTREND,77700.7,61.57855280414944,0.4958378714831113,2.82225732833664,0.9760379273734188,0.8339399561182859,0.10034322911233944,0.011823144315248335,0.03117166071999744,0.14607004613758803,25.53082567330543,0.8869954995512448,0.9965323689275206,0.10822090773567412,0.7525206232813734,0.04766269477541252,0.9523373052245875,LOSS,77312.1965,13,-0.5,-0.6,0.0449,-0.5414,DISCOVERY
65215,B-BTC_USDT,2026-05-21 03:40:00+00:00,LONG,UPTREND,77980.0,58.68022586560925,-3.0463724578921756,-4.610120377601341,0.9200137265242461,1.3335269373689513,0.12732399443387013,0.0065033313187301545,0.017395422033672503,0.24108441608407774,31.3623311109059,0.6804592068691995,0.3569821285081561,-0.007135935990208352,0.4,0.0,1.0,LOSS,77590.1,37,-0.5,-0.6,0.2093,-0.6139,DISCOVERY
65456,B-BTC_USDT,2026-05-21 23:45:00+00:00,LONG,UPTREND,77674.0,53.79937158985354,2.0445024319248404,11.05905460999713,1.1786706322241969,7.733511223489376,0.012815413185658233,0.0056853180930405145,0.018799019933379846,0.10216193182400901,19.866723657729917,0.8241822649085409,0.5905139276408028,0.020248968960494964,0.639175257732031,0.10652920962217184,0.8934707903778282,TIME_EXIT,77747.9,48,0.0951,-0.0049,0.13,-0.4969,DISCOVERY
65648,B-BTC_USDT,2026-05-22 15:45:00+00:00,SHORT,DOWNTREND,76682.5,39.219777118366096,-8.138289978093532,8.899191516925669,-1.739815275929061,-12.039612707245254,-0.2465784693084678,-0.020316310903101265,-0.06785374980191605,-0.04592164596958461,-56.28452131777864,0.22774535412915628,0.26236976592716,-0.10678117102873394,0.26215277777785234,0.6840277777776076,0.26215277777785234,LOSS,77065.9125,21,-0.4975,-0.5975,0.075,-0.5055,DISCOVERY
65746,B-BTC_USDT,2026-05-22 23:55:00+00:00,SHORT,DOWNTREND,75513.1,36.073295283182716,-11.003571676857653,-14.132476371449528,-3.1946136562259255,-24.961501325587122,-0.23813784346109404,-0.02582893728272362,-0.09013280361458431,-0.4820658569581912,-150.83456127093746,0.035858806531614856,0.6891977491612523,-0.017126544508787825,0.10412926391388175,0.5278276481148243,0.10412926391388175,TIME_EXIT,75599.1,48,-0.1138,-0.2138,0.4365,-0.1597,DISCOVERY
65805,B-BTC_USDT,2026-05-23 04:50:00+00:00,SHORT,DOWNTREND,75482.1,41.238290594666715,-0.1260483449166543,-17.043129332176918,-0.23718370210855966,-4.73386875613474,-0.02114997321699604,-0.008102515883368078,-0.026508193897722965,-0.7368383857757408,-84.95258442983561,0.06811716362329505,0.5532760398943807,-0.1638494732824105,0.004545454545719126,0.65454545454519,0.004545454545719126,WIN,75104.6895,35,0.5025,0.4025,0.7637,-0.0607,DISCOVERY
65812,B-BTC_USDT,2026-05-23 05:25:00+00:00,SHORT,DOWNTREND,75450.0,37.608167665709445,-4.858885035006352,-10.684648660605758,-0.3637012739606469,-0.8313467295505017,-0.03668911409237366,-0.008536359051081188,-0.022598338491142123,-0.7624820055480918,-63.70396152013171,0.1408974670409456,0.5948074463559049,-0.1986602215768314,0.0,0.9354838709676663,0.0,WIN,75072.75,28,0.5025,0.4025,0.7209,-0.055,DISCOVERY
65830,B-BTC_USDT,2026-05-23 06:55:00+00:00,SHORT,DOWNTREND,75368.0,34.32492879305606,-5.79120406572784,-5.419932749973235,-0.004624478480870664,-3.8564556002677968,-0.06626766946251118,-0.008457019951557676,-0.029226569671381153,-0.7868149527732186,-46.76868590239587,0.030860514520181005,1.564968663143979,-0.09993916299964072,0.3633879781420982,0.5683060109289508,0.4316939890710491,WIN,74991.16,10,0.5025,0.4025,0.6114,-0.0528,DISCOVERY
65878,B-BTC_USDT,2026-05-23 10:55:00+00:00,SHORT,DOWNTREND,74687.7,46.07844598395867,-5.607283472862278,10.87354424034805,-3.0746765116581223,-13.158751570058097,-0.16338082189996725,-0.002256996517313592,-0.007726341881941767,-1.000672210607822,-80.93538360553339,0.4470025263689855,0.6319606787516147,-0.06795360957767017,0.0763358778626039,0.7290076335880894,0.2709923664119106,LOSS,75061.1385,34,-0.4975,-0.5975,0.0895,-0.5847,DISCOVERY
65894,B-BTC_USDT,2026-05-23 12:15:00+00:00,SHORT,DOWNTREND,74662.4,37.536204362439044,-9.44346135878201,-10.479714864447892,-3.9597876148351503,-10.146056622047638,-0.07385370796528344,-0.010297003581305475,-0.02046863293903023,-1.054999770183901,-46.20411974879846,0.040253467603939566,1.5912559402055486,-0.10002053530204048,0.009174311926472818,0.5259938837920067,0.009174311926472818,LOSS,75035.712,18,-0.4975,-0.5975,0.0556,-0.6188,DISCOVERY
66119,B-BTC_USDT,2026-05-24 07:00:00+00:00,LONG,UPTREND,76957.5,68.078508680229,4.878146686478438,27.727617002027316,1.5883312156237182,17.52430195887801,0.045256624044914005,0.02078509332896772,0.07124863427161454,0.06247563091101812,96.01454104083166,0.9507262307441422,1.1861111948489953,-0.009647251653903852,0.5981055480378967,0.3815967523680556,0.6184032476319443,WIN,77342.2875,41,0.5,0.4,0.8349,-0.3458,DISCOVERY
66148,B-BTC_USDT,2026-05-24 09:25:00+00:00,LONG,UPTREND,76921.6,64.13431842560922,3.088971407701038,18.13820128130572,0.6071761972868472,8.089918699739876,0.03417194056951702,0.012530173903946284,0.03967410367795576,0.113768023309909,51.07869335127896,0.980289261973479,1.6667104900060186,0.1699252631611731,0.6923868312757708,0.0010288065844220552,0.6923868312757708,WIN,77306.208,12,0.5,0.4,0.8819,-0.0594,DISCOVERY
66417,B-BTC_USDT,2026-05-25 07:50:00+00:00,LONG,UPTREND,77335.2,52.98167882145877,4.5152152133210635,-5.3978864690865285,5.565912360601801,14.348339250491701,0.04886569050483663,0.004349223896893406,0.002286606698542748,0.30887082241477,50.64586069703739,0.5870696374895407,0.8264380231850609,-0.2494627628086606,0.4884080370941683,0.0015455950541858618,0.9984544049458142,TIME_EXIT,77360.0,48,0.0321,-0.0679,0.4704,-0.1209,DISCOVERY
66419,B-BTC_USDT,2026-05-25 08:00:00+00:00,LONG,UPTREND,77372.2,55.67800199674115,5.3088639309957415,4.686657240861459,3.655991148636585,15.650456070549788,0.05469952093166816,0.007627368329155004,0.02106263877379444,0.3292308106064739,48.86704080544595,0.6636126959376963,1.6911578621252805,-0.20173844221757037,0.8335343787695552,0.10977080820273172,0.8335343787695552,TIME_EXIT,77280.7,48,-0.1183,-0.2183,0.4224,-0.1687,DISCOVERY
66428,B-BTC_USDT,2026-05-25 08:45:00+00:00,LONG,UPTREND,77332.9,53.06317032633484,4.387462183238036,1.1017594370637565,2.154128153211891,4.86704933607274,0.03389339863217579,0.0033108102892587254,0.004641493731849522,0.32939812323611584,48.86704080544595,0.7066519429407806,0.6732556236563361,-0.028391880342375025,0.5225653206650109,0.002375296912251946,0.9976247030877481,TIME_EXIT,77304.2,48,-0.0371,-0.1371,0.4734,-0.1139,DISCOVERY
66435,B-BTC_USDT,2026-05-25 09:20:00+00:00,LONG,UPTREND,77471.6,63.4225441021366,2.0531343469926284,14.150107584996078,1.858529212437002,0.28740468993755997,0.06564799790609402,0.014120071358703079,0.032170791008501176,0.348660224436254,46.55784627372637,0.9812279170659346,1.1274229656680934,0.14958460660154502,0.3521444695259034,0.0,1.0,TIME_EXIT,77308.6,48,-0.2104,-0.3104,0.2935,-0.2928,DISCOVERY
66545,B-BTC_USDT,2026-05-25 18:30:00+00:00,LONG,UPTREND,77596.0,51.25077297796976,1.0866553270669925,0.7550995130214981,0.6960080949267804,3.815391864622782,0.028795498754376973,0.0010114452552834052,0.0029572807746625074,0.4351997793932658,4.174082315644142,0.4850168232596292,0.7082174013373391,-0.16140975239138886,0.6824457593687944,0.0,0.6824457593687944,LOSS,77208.02,26,-0.5,-0.6,0.0075,-0.5464,DISCOVERY
66780,B-BTC_USDT,2026-05-26 14:05:00+00:00,LONG,UPTREND,77212.0,57.522281109804474,1.9534565731714508,34.56279793941654,3.4637314263643795,13.546455712521265,0.04059115123000335,0.021199106230596065,0.0585305082429155,0.059729169323540096,36.97527305989098,0.805051741150496,0.7761997559636931,0.047220261415027234,0.370656370656422,0.19240669240666217,0.8075933075933378,WIN,77598.06,2,0.5,0.4,0.6272,-0.0001,DISCOVERY
66869,B-BTC_USDT,2026-05-26 21:30:00+00:00,SHORT,DOWNTREND,75976.0,47.1879188945137,2.3282027838644623,-2.968604645432574,-0.15319395748452536,6.664514388404612,-0.11134199314123425,-0.0037110340084134386,-0.0029999954215265134,-0.24775312911079045,-100.10664302216614,0.2858317213137442,0.6382956068547818,-0.1178193249460076,0.1516314779270955,0.4040307101726722,0.1516314779270955,TIME_EXIT,75830.2,48,0.1923,0.0923,0.4426,-0.142,DISCOVERY
66871,B-BTC_USDT,2026-05-26 21:40:00+00:00,SHORT,DOWNTREND,75972.4,46.96677541427286,-3.606529002575023,-2.083919112861018,-0.31253098002358826,0.7314915750870306,-0.1057030524294312,-0.00368243679984559,-0.008720962278219169,-0.24776486904877845,-100.10664302216614,0.3008499814882854,0.6384780430262186,-0.12255208069033181,0.29475100942117527,0.44010767160155867,0.29475100942117527,TIME_EXIT,75841.0,48,0.1733,0.0733,0.4379,-0.1468,DISCOVERY
66875,B-BTC_USDT,2026-05-26 22:00:00+00:00,SHORT,DOWNTREND,75895.1,42.16781970877673,-4.871093334953528,-11.02272443650433,-0.3041915445293917,-9.01577080215984,-0.11270054768615517,-0.010171938025227423,-0.03686141506643592,-0.2930234164823236,-100.59699565496763,0.16134565179956736,1.191369094462571,-0.15817859921430422,0.0008952551477691168,0.7206803939121899,0.2793196060878101,TIME_EXIT,75836.7,48,0.077,-0.023,0.3357,-0.2488,DISCOVERY
66917,B-BTC_USDT,2026-05-27 01:30:00+00:00,SHORT,DOWNTREND,75830.2,41.650004123641665,-2.4285993624103597,-18.218107216884356,-4.083175294855618,-19.793949325232713,-0.014314048609822093,-0.012464515181587199,-0.0372653017718827,-0.38012746602461517,-58.231574808603,0.15195822986671467,0.7083678865007431,-0.13429748324737345,0.24678663239069887,0.5642673521851811,0.24678663239069887,WIN,75451.049,36,0.5025,0.4025,0.7338,-0.1705,DISCOVERY
66940,B-BTC_USDT,2026-05-27 03:25:00+00:00,SHORT,DOWNTREND,75817.7,49.039912356991465,-3.2885756035075886,10.676658696818897,-1.9980775449594432,-8.117802329271793,-0.046507559321804524,-0.0004049430084140937,-0.001246346831351719,-0.4230873419551354,-38.550548281410556,0.5746401107390362,0.7874700549636041,0.12458837420142692,0.0,0.6516634050880453,0.3483365949119547,WIN,75438.6115,13,0.5025,0.4025,0.7172,-0.0274,DISCOVERY
66946,B-BTC_USDT,2026-05-27 03:55:00+00:00,SHORT,DOWNTREND,75635.6,36.77377746172068,-6.15951712398045,-16.394274391885972,-1.9002652447786765,-14.108376265074781,-0.08104727396117496,-0.01715924188698814,-0.056635002123262,-0.424105965526179,-38.550548281410556,0.11473061176450176,1.0732259913663666,-0.008067639672716446,0.3268998793728314,0.5138721351024639,0.3268998793728314,TIME_EXIT,75935.0,48,-0.3943,-0.4943,0.4753,-0.4025,DISCOVERY
67096,B-BTC_USDT,2026-05-27 16:25:00+00:00,SHORT,DOWNTREND,75068.1,43.470133477545374,-8.305128783645394,-14.268253366213939,-5.206770040971996,-31.525044692117163,-0.13322269479605636,-0.015885600522003163,-0.05489164425777071,-0.5955382014489947,-31.59781014822704,0.25231909888492193,0.49562074800439504,0.07499148717807853,0.0,0.6703296703296469,0.3296703296703531,WIN,74692.7595,18,0.5025,0.4025,0.5668,-0.3313,DISCOVERY
67097,B-BTC_USDT,2026-05-27 16:30:00+00:00,SHORT,DOWNTREND,75030.1,41.8453594022029,-1.7999656206512356,-19.139759598950533,-4.8715062327365946,-21.950766429413406,-0.1393733677883378,-0.01918871236592512,-0.05639672089988723,-0.5958398197549154,-31.59781014822704,0.18932945574250556,0.42670145078885113,-0.0063303918112523035,0.06267029972759643,0.5930971843778334,0.06267029972759643,WIN,74654.9495,17,0.5025,0.4025,0.5159,-0.3821,DISCOVERY
67113,B-BTC_USDT,2026-05-27 17:50:00+00:00,SHORT,DOWNTREND,74866.9,37.45393756988853,-3.7458272440928297,-21.11461081038368,-0.2236305154297753,-2.335542292660378,-0.16571333434825317,-0.022906817060308615,-0.06822197938669561,-0.6085349186869939,-24.817261897733317,0.1455980207815446,0.3873401913651752,-0.1873614262372837,0.004807692307622515,0.524038461538375,0.004807692307622515,LOSS,75241.2345,27,-0.4975,-0.5975,0.3147,-0.505,DISCOVERY
67181,B-BTC_USDT,2026-05-27 23:30:00+00:00,SHORT,DOWNTREND,74288.0,34.13465236769052,-7.730287948364499,-1.9577738058569025,-1.1372266826731448,-14.111589595790463,-0.29002899345747635,-0.02847773865218839,-0.09565219273082182,-0.7779397971155319,-60.97607395529826,0.0859237884726226,0.6800776565717331,-0.1678774274723595,0.0029296874998864797,0.8300781250000472,0.16992187499995282,WIN,73916.56,45,0.5025,0.4025,1.1596,-0.3733,DISCOVERY
67191,B-BTC_USDT,2026-05-28 00:20:00+00:00,SHORT,DOWNTREND,74449.0,47.3187456895866,-3.4595024089300352,29.695723740202325,-2.7127783134911283,-6.451124889347398,-0.21070855108909084,-0.0014220315867841116,-0.004128869955732917,-0.8111834241757161,-64.64730460047411,0.612622910247237,0.565937553203585,-0.03885378807650252,0.0,0.5921325051760683,0.0,WIN,74076.755,35,0.5025,0.4025,1.3789,-0.1562,DISCOVERY
67211,B-BTC_USDT,2026-05-28 02:00:00+00:00,SHORT,DOWNTREND,74230.0,40.441739401608025,-4.921158566971705,-12.174836555239168,-1.7039852443036168,3.2707639710979635,-0.16477160767518192,-0.01881459478449976,-0.04342924740646792,-0.8615400015540505,-53.2355218050688,0.12653387898560034,0.8218563823666103,-0.09119051077622076,0.15727699530517333,0.35563380281691737,0.15727699530517333,WIN,73858.85,15,0.5025,0.4025,1.0807,-0.1692,DISCOVERY
67224,B-BTC_USDT,2026-05-28 03:05:00+00:00,SHORT,DOWNTREND,74227.3,43.96644336505733,-5.194447020984818,8.899094517208304,-2.9041380846129314,-2.5550695255052105,-0.14403255069503504,-0.008163634566971112,-0.01472244445397397,-0.8885788770257348,-51.058836689373095,0.3126361312183757,0.8882424736698237,-0.07992348829459703,0.07096307023897536,0.5452570601013739,0.07096307023897536,WIN,73856.1635,2,0.5025,0.4025,1.077,-0.0181,DISCOVERY
68093,B-BTC_USDT,2026-05-31 03:30:00+00:00,LONG,UPTREND,74188.5,62.888632496793306,5.057929175671774,17.89163699783914,1.7146200539210845,9.055739407373993,0.07102905701209357,0.01654014373992929,0.048590403134252114,0.048990924151760144,12.591707422339539,0.8535891392464977,0.5002412607597985,0.2584284528334768,0.7864476386035678,0.002053388090468108,0.9979466119095319,LOSS,73817.5575,48,-0.5,-0.6,0.0082,-0.5098,DISCOVERY
68107,B-BTC_USDT,2026-05-31 04:40:00+00:00,LONG,UPTREND,74165.9,57.40097251711781,-0.40946869215149206,-0.10772842556245266,1.139260694509158,0.7536183526810731,0.06974397811979592,0.006573355979355711,0.014189841835166028,0.0660492988991198,15.180034382152144,0.7536725769207122,0.4247967300097419,0.10389542026691745,0.7676537585421768,0.002277904328151117,0.9977220956718489,LOSS,73795.0705,35,-0.5,-0.6,0.0387,-0.5025,DISCOVERY
68278,B-BTC_USDT,2026-05-31 18:55:00+00:00,SHORT,DOWNTREND,73573.8,46.19415429469041,-3.874990235430978,-4.830347048393067,-1.2934083905025417,-6.191304529688281,-0.03107758212294293,-0.0033874516954024436,-0.010199272119137959,-0.03120798350118214,-52.9186746693846,0.2565468052813486,0.6586517017683001,-0.056472579826984864,0.0371428571429403,0.8057142857142026,0.0371428571429403,LOSS,73941.669,37,-0.4975,-0.5975,0.2133,-0.5045,DISCOVERY
68279,B-BTC_USDT,2026-05-31 19:00:00+00:00,SHORT,DOWNTREND,73571.1,45.80819369303577,-0.5325416790235238,-5.606629491502578,-0.776282443109511,-3.77731838552753,-0.03186910002332773,-0.003414331892437339,-0.00975879137427027,-0.04703878594042891,-51.22559940791372,0.19893590840467432,1.167100531623214,-0.06014029202934734,0.03683241252302816,0.9152854511971961,0.03683241252302816,LOSS,73938.9555,36,-0.4975,-0.5975,0.2096,-0.5082,DISCOVERY
68463,B-BTC_USDT,2026-06-01 10:20:00+00:00,SHORT,DOWNTREND,72669.9,33.42751424343547,-8.167913072278793,-20.346909406113816,-4.470875009781814,-13.774057863102083,-0.16670590899918733,-0.024309790080689897,-0.062427279009014125,-0.28751777924358585,-91.86332859684603,-0.001988874304064404,1.0831863704254658,-0.09556373582205058,0.21554770318021202,0.5017667844522968,0.21554770318021202,WIN,72306.5505,19,0.5025,0.4025,0.6676,-0.1611,DISCOVERY
68465,B-BTC_USDT,2026-06-01 10:30:00+00:00,SHORT,DOWNTREND,72616.5,31.004354440507754,-4.710000254224013,-24.213669238828004,-3.101869789553014,-8.337634842496001,-0.18163501738841747,-0.02702322853392891,-0.07194287550971179,-0.2877292112103097,-91.86332859684603,-0.0027738258538153554,1.1822600606165214,-0.16031215498858953,0.0990990990990991,0.5165165165165165,0.0990990990990991,WIN,72253.4175,17,0.5025,0.4025,0.5936,-0.2348,DISCOVERY
68517,B-BTC_USDT,2026-06-01 14:50:00+00:00,SHORT,DOWNTREND,71412.6,31.38448077103679,-0.7597149481020438,3.4939760607407493,-0.7145236691365824,6.113311823763354,-0.4863543868963196,-0.036406795835275396,-0.09955603174128802,-0.5573229336749831,-158.77936926955817,0.14496250140750036,0.4347043984318172,-0.5333896042303418,0.10814742967993804,0.5198836081474228,0.10814742967993804,WIN,71055.537,7,0.5025,0.4025,0.5279,-0.3501,DISCOVERY
68709,B-BTC_USDT,2026-06-02 06:50:00+00:00,SHORT,DOWNTREND,70139.9,32.118142643504854,-5.717948104175747,-5.841021250706092,-2.3453142969360385,-1.496506651577107,-0.30941834044072725,-0.03530922540158077,-0.09466787008686195,-1.2892198002281232,-35.314471608539066,0.14972542045555046,1.5378510379195023,0.0446628595961735,0.2974316487157833,0.43454846727422003,0.2974316487157833,WIN,69789.2005,2,0.5025,0.4025,0.6791,-0.0001,DISCOVERY
68722,B-BTC_USDT,2026-06-02 07:55:00+00:00,SHORT,DOWNTREND,70079.4,44.20473088350321,-3.5099669113747183,28.29455697374823,-1.0972214138779748,-0.038022786079608295,-0.32177151552104055,-0.01029665504846955,-0.02978880224474567,-1.3473695489706636,-53.79405735829073,0.4373316862671739,0.4236080097645,-0.07836743365280996,0.08138528138523099,0.7679653679653428,0.08138528138523099,WIN,69729.003,12,0.5025,0.4025,0.5767,-0.0953,DISCOVERY
68756,B-BTC_USDT,2026-06-02 10:45:00+00:00,SHORT,DOWNTREND,69459.7,42.33352081872918,-0.17086960608977364,16.02766998660678,-2.3733255450093935,-14.126531701573981,-0.338503511912129,-0.014348731115942925,-0.049749577679247814,-1.5368680408174136,-92.18782554108589,0.3927112745473359,0.2492729421494699,-0.264710318777383,0.0,0.6773109243697968,0.32268907563020316,WIN,69112.4015,22,0.5025,0.4025,0.5715,-0.2979,DISCOVERY
68832,B-BTC_USDT,2026-06-02 17:05:00+00:00,SHORT,DOWNTREND,67418.9,41.30159430795517,-1.4643936554949661,17.093781998635308,-9.42813146862855,-35.427846639173794,-0.5767995491912074,-0.03254790587232659,-0.09634315525599568,-2.219951121109995,-218.86274607412997,0.4116307645482907,0.3905045916781955,-0.2765440747296046,0.15658844765341234,0.4259927797834217,0.15658844765341234,LOSS,67755.9945,3,-0.4975,-0.5975,0.0,-0.5504,DISCOVERY
68930,B-BTC_USDT,2026-06-03 01:15:00+00:00,SHORT,DOWNTREND,66839.9,48.684179586781724,-2.0339742505322818,4.0642272689124415,-3.6851405533519763,-26.73657614762,-0.14363283740982266,-0.0029551392814686217,-0.023085366757402692,-2.684427995454117,-34.67152700112706,0.46549320527480126,0.6725127122325919,0.13231897524514905,0.09994121105231875,0.6590241034685596,0.3409758965314404,WIN,66505.7005,5,0.5025,0.4025,0.5989,-0.2545,DISCOVERY
68949,B-BTC_USDT,2026-06-03 02:50:00+00:00,SHORT,DOWNTREND,66675.1,45.56564556482184,-4.380075600334955,-7.429713882660515,-2.31041176105418,0.5172911536492784,-0.12834595621992764,-0.014499484304431043,-0.029533865702280337,-2.6965343204906187,-1.3204550580185241,0.3199988752290077,0.41502305129549677,-0.267299689770809,0.06400602409639115,0.41189759036145995,0.06400602409639115,WIN,66341.7245,6,0.5025,0.4025,0.5506,-0.0087,DISCOVERY
69676,B-BTC_USDT,2026-06-05 15:25:00+00:00,SHORT,DOWNTREND,60760.5,42.82998115485524,5.395296618471484,51.38928443527425,-0.9387021423881947,20.916415261930013,-0.7632952616382865,-0.030256891801028196,-0.06671053710294306,-2.2387601963961785,-153.00675172202807,0.47271778765537037,0.8522125151007565,-0.1515954496715432,0.18914473684210592,0.5242011278195472,0.18914473684210592,WIN,60456.6975,2,0.5025,0.4025,1.0805,-0.1178,DISCOVERY
69682,B-BTC_USDT,2026-06-05 15:55:00+00:00,SHORT,DOWNTREND,60400.8,40.06787858342672,2.4511610629972296,13.330533316384447,-1.9851520459842504,15.287325606812658,-0.8013624963446868,-0.05339848844740924,-0.12784191241915766,-2.2520925039590534,-153.00675172202807,0.20746141398162854,0.46168255821085447,0.20289157825759252,0.09332070108955236,0.37233538607294686,0.09332070108955236,WIN,60098.796,2,0.5025,0.4025,0.8,-0.1641,DISCOVERY
69684,B-BTC_USDT,2026-06-05 16:05:00+00:00,SHORT,DOWNTREND,60024.9,33.96351793749929,-8.128896545513378,-15.04019020269152,-17.322570020336997,-30.355875565060217,-0.8475534583897772,-0.1001100355336293,-0.22972610743706712,-2.3730076043817814,-187.6766193953905,-0.06196048003743854,3.5643019376471266,-1.3130077523056771,0.17891097666378566,0.48038029386344244,0.17891097666378566,LOSS,60325.0245,1,-0.4975,-0.5975,0.4784,-1.7223,DISCOVERY
69703,B-BTC_USDT,2026-06-05 17:40:00+00:00,SHORT,DOWNTREND,60729.4,45.7354188447923,1.6821778122245803,-29.775241152674283,-7.9757012074988225,-12.540813447427496,-0.23666443294641876,-0.028198720354755125,-0.048066202306262795,-2.3401812208933244,-133.08826663440163,0.33351302911905,0.4101771332558611,0.21472615741995432,0.048494983277599095,0.6390348781653151,0.048494983277599095,WIN,60425.753,7,0.5025,0.4025,0.5209,-0.3353,DISCOVERY
70364,B-BTC_USDT,2026-06-08 00:45:00+00:00,LONG,UPTREND,63714.9,67.9877397486605,4.09127285104455,19.79972579233032,3.1205108442109974,35.645440664874315,0.6993291155803226,0.07201241372165601,0.24724644753963965,0.21922407703884073,65.04039433990297,0.9534537430281963,0.8035099523056461,1.3023932459665422,0.8371232152300204,0.01639344262294325,0.9836065573770567,LOSS,63396.3255,3,-0.5,-0.6,0.0829,-0.6024,DISCOVERY
70459,B-BTC_USDT,2026-06-08 08:40:00+00:00,LONG,UPTREND,63136.6,52.97748679199555,2.108802383186841,-16.217112773617856,1.4496619147311094,5.905439633858094,0.12927333745072123,0.0053940598745194634,0.019985177535586374,0.5998089922355477,20.182679767641616,0.49400900130302017,0.39173415592559835,-0.012958315281238983,0.5887353878852075,0.20935175345380602,0.7906482465461939,WIN,63452.283,7,0.5,0.4,0.6622,-0.2164,DISCOVERY
70538,B-BTC_USDT,2026-06-08 15:15:00+00:00,LONG,UPTREND,64153.7,67.80740966207733,7.8508742929283315,26.62912647026802,4.125935475387138,20.412382606207117,0.3290536238828062,0.05097247140928296,0.14946547768390772,0.855143822975999,51.08817930709682,0.9821515344190317,1.4363481059490517,0.32583294374281024,0.9412639405204353,0.05241635687731801,0.9412639405204353,LOSS,63832.9315,3,-0.5,-0.6,0.0402,-0.5231,DISCOVERY
70842,B-BTC_USDT,2026-06-09 16:35:00+00:00,SHORT,DOWNTREND,60812.8,30.64256090713195,-2.975183010015968,8.153102481193002,-9.052501914486328,13.02538208907248,-0.715872332424683,-0.06526816175493888,-0.1265237212173531,-0.13969088683804945,-208.51999600286857,0.09494662314747615,2.65171672781198,-0.26098895016116,0.08794726930320973,0.36685499058379595,0.08794726930320973,LOSS,61116.864,1,-0.4975,-0.5975,0.0951,-0.6872,DISCOVERY
70928,B-BTC_USDT,2026-06-09 23:45:00+00:00,SHORT,DOWNTREND,61572.3,37.85400593385747,-2.4779989294015508,-15.904026894835816,-1.3864676778525293,-7.830661341909554,-0.10016359236048376,-0.024791279214853024,-0.07548480065979746,-0.44752089411323204,-34.962300792081976,0.06906694235263983,0.9506281486390796,-0.2417956518907187,0.17342799188645852,0.47058823529410465,0.17342799188645852,LOSS,61880.1615,14,-0.4975,-0.5975,0.2731,-0.5467,DISCOVERY
71335,B-BTC_USDT,2026-06-11 09:40:00+00:00,LONG,UPTREND,62908.2,57.40085642569805,8.62685557984684,-3.423384232004004,2.8044252154562415,12.649915256538598,0.15159982934100877,0.010583038391520638,0.03393438835661566,0.14685266810685535,122.9028853986405,0.6792148177430902,0.8362838817751905,-0.04140034707649684,0.3758865248226822,0.0,1.0,WIN,63222.741,22,0.5,0.4,0.5209,-0.2181,DISCOVERY
71336,B-BTC_USDT,2026-06-11 09:45:00+00:00,LONG,UPTREND,62900.0,56.557492324163576,-2.336672948907818,-2.344533971465289,1.0788502605387151,6.591764748720173,0.1505702974805402,0.008331452893317604,0.027666587120211972,0.14687181265182317,122.9028853986405,0.6250737013868186,0.35681244560737985,-0.05866588090639573,0.7117437722420298,0.0,0.7117437722420298,WIN,63214.5,21,0.5,0.4,0.534,-0.2051,DISCOVERY
71352,B-BTC_USDT,2026-06-11 11:05:00+00:00,LONG,UPTREND,63130.2,68.01399891285058,1.3272070681459809,29.126318668341128,0.8536632660965893,17.706212604270185,0.1637103562309938,0.03001442954411182,0.10378384425620002,0.26716437173494234,117.81362138494057,0.9731789949646603,1.1699282865304952,0.0289525304071867,0.7336010709504517,0.06626506024097295,0.7336010709504517,LOSS,62814.549,15,-0.5,-0.6,0.1674,-0.7607,DISCOVERY
71387,B-BTC_USDT,2026-06-11 14:00:00+00:00,LONG,UPTREND,63050.0,55.90808354308994,1.1732504822078624,28.140902127715783,0.790291699473098,18.510265788514815,0.03129834641657144,0.017575529442859228,0.0711694329976087,0.3922768262583823,74.13796826061505,0.8236366950817993,0.6600486592575695,0.38323149463785855,0.8758928571428442,0.08928571428571429,0.9107142857142857,LOSS,62734.75,2,-0.5,-0.6,0.0,-0.5307,DISCOVERY
71478,B-BTC_USDT,2026-06-11 21:35:00+00:00,LONG,UPTREND,63492.0,54.60836525597896,0.26187740887472444,4.516762909271243,1.8967773519263815,1.415398188951876,0.13659179026948465,0.00737893924280808,0.01167926798220087,0.5780215536934904,44.29972715160818,0.6693964627748845,0.4899611427160202,0.21231905056830558,0.5389048991354564,0.0,1.0,TIME_EXIT,63344.3,48,-0.2326,-0.3326,0.4489,-0.3471,DISCOVERY
71505,B-BTC_USDT,2026-06-11 23:50:00+00:00,LONG,UPTREND,63602.2,60.319960166272075,5.821613780084114,19.134785621540175,4.40085876781167,20.65501037581489,0.06486431034778696,0.01921058538640885,0.05773106724100696,0.632323576219775,32.40305587521135,0.8570678487060411,1.8779630849082936,-0.006988263569013873,0.6345177664974776,0.05922165820643124,0.9407783417935688,LOSS,63284.189,19,-0.5,-0.6,0.2748,-0.5198,VALIDATION
71931,B-BTC_USDT,2026-06-13 11:20:00+00:00,LONG,UPTREND,63926.4,68.70911267972265,2.539084998265949,14.800232462538709,0.2875834652483853,4.889520449263253,0.08443415682597184,0.015777935349992056,0.048931716077160736,0.41692104982830497,2.8398772660750637,0.9369288869639447,0.8674938331493852,0.28751333673134155,0.7770114942529405,0.0,0.7770114942529405,WIN,64246.032,46,0.5,0.4,0.5416,-0.1054,VALIDATION
71975,B-BTC_USDT,2026-06-13 15:00:00+00:00,LONG,UPTREND,64188.4,62.168358415016854,1.0577260449359542,-0.4291778829560471,0.4986372171530178,3.605219135820242,0.14056358811216083,0.009359293028943227,0.029951052408838663,0.4841502606416876,41.73379855142437,0.7771664869016536,1.078503469284893,0.12616304608257717,0.8158415841585023,0.15643564356424117,0.8158415841585023,LOSS,63867.458,21,-0.5,-0.6,0.2097,-0.5071,VALIDATION
72048,B-BTC_USDT,2026-06-13 21:05:00+00:00,LONG,UPTREND,64270.0,62.65520904530123,3.5862734507015475,-1.1664976697320881,1.0683516028793818,4.436562164539474,0.0852730427949722,0.007800785335509985,0.022998286001185697,0.519159686491459,20.331572893800313,0.7237419618714667,0.5255677927997989,0.16464358736858192,0.9023746701845852,0.08970976253301648,0.9102902374669836,WIN,64591.35,7,0.5,0.4,0.7282,-0.1251,VALIDATION
72443,B-BTC_USDT,2026-06-15 06:00:00+00:00,LONG,UPTREND,65839.4,62.43301882322541,8.583600526913195,13.279930664425137,2.56045709958687,11.400963584313777,0.11954975685979444,0.01701687954682729,0.04883015232277632,0.8075948089651347,128.17201102622852,0.9443442771413177,1.1129173906598735,0.18484683535148816,0.7850467289719626,0.0018691588786134722,0.9981308411213865,LOSS,65510.203,43,-0.5,-0.6,0.2107,-0.5626,VALIDATION
72518,B-BTC_USDT,2026-06-15 12:15:00+00:00,LONG,UPTREND,66258.6,67.70049294051145,7.468859272209073,2.5027863226178937,0.35662056914472373,-2.106385407852841,0.25276824981000184,0.029715184030232322,0.08259937562618003,0.9263845300991249,40.2970518372378,0.7556109041064288,0.6652081681083805,-0.003433398668511666,0.6753826530612677,0.2640306122448559,0.7359693877551441,WIN,66589.893,9,0.5,0.4,0.5095,-0.1616,VALIDATION
73067,B-BTC_USDT,2026-06-17 10:00:00+00:00,SHORT,DOWNTREND,64814.4,32.80200550660622,-5.475086341321173,10.403539949145596,-3.763172675802167,-9.49157106309454,-0.37247098887241475,-0.029559480002416816,-0.0828805915258024,-0.07988992496501478,-90.90471828046694,0.18553183120335281,0.8305717674282123,-0.17287587295153956,0.22423614707407166,0.4360435007767878,0.22423614707407166,LOSS,65138.472,43,-0.4975,-0.5975,0.4485,-0.6296,VALIDATION
73449,B-BTC_USDT,2026-06-18 17:50:00+00:00,SHORT,DOWNTREND,62577.7,44.2521977687393,2.5515342939632006,46.69574500897912,-2.4210220742924378,4.079328439267073,-0.5802157300421465,-0.011790257954813477,-0.023296990587573507,-1.0326563399708337,-125.38416316077235,0.469306602248019,0.5193173150073038,0.1743550868787877,0.0,0.6271463614063391,0.0,LOSS,62890.5885,6,-0.4975,-0.5975,0.1468,-0.5531,VALIDATION
73463,B-BTC_USDT,2026-06-18 19:00:00+00:00,SHORT,DOWNTREND,62640.0,45.807215412115156,-5.303743556101715,9.119675463161219,-6.732375789210263,-24.60447774170216,-0.29734413114354746,-0.010000613806437908,-0.02623633687419691,-1.1804235094858047,-133.7645045244812,0.3953576225054903,0.33882829660082603,0.27886858573536255,0.010322580645198844,0.428387096774156,0.010322580645198844,LOSS,62953.2,8,-0.4975,-0.5975,0.0511,-0.5428,VALIDATION
74012,B-BTC_USDT,2026-06-20 16:45:00+00:00,LONG,UPTREND,63993.6,54.24145106813988,3.8040836407951772,-29.38411817370141,2.102184430119621,6.5263228614090565,0.21771371137951412,0.004557897834978064,0.016527967656099207,0.027433397876900936,41.68479950728573,0.3190197444833247,0.2812721963762476,-0.2602260539720197,0.5156250000000103,0.23437500000001332,0.7656249999999867,LOSS,63673.632,10,-0.5,-0.6,0.0406,-0.5183,VALIDATION
74014,B-BTC_USDT,2026-06-20 16:55:00+00:00,LONG,UPTREND,63999.9,54.62837919565494,1.4569702881661968,-24.98176253958303,2.2764804594813484,6.504540064238,0.2061562111602929,0.004644588870217348,0.013579836590227323,0.027430697397577926,41.68479950728573,0.35336849577877655,0.30915664385353625,-0.2504069380626121,0.8696883852691738,0.0,1.0,LOSS,63679.9005,8,-0.5,-0.6,0.0236,-0.5281,VALIDATION
74067,B-BTC_USDT,2026-06-20 21:20:00+00:00,LONG,UPTREND,63951.0,60.101502351578226,4.509278722624217,6.001287467256905,1.2694492941583686,4.890950084018464,0.03626772556812031,0.008445488407660129,0.024451402986058746,0.1305641542994938,9.713674811443553,0.8999570603696402,0.8505794293096234,0.07610829427047772,0.48051948051949456,0.05194805194810454,0.9480519480518954,WIN,64270.755,13,0.5,0.4,0.5565,-0.1007,VALIDATION
74097,B-BTC_USDT,2026-06-20 23:50:00+00:00,LONG,UPTREND,64290.0,64.40955775015993,-2.3505018689857735,-7.432158921745923,0.10099510743447127,0.6021450425245263,0.1851727218439781,0.01147949581130625,0.03711577897880236,0.19220687713485343,25.687767036158476,0.7132763967993464,0.33730254125465414,0.07789544078172041,0.49750000000003636,0.0,1.0,TIME_EXIT,64380.2,48,0.1403,0.0403,0.2489,-0.1415,VALIDATION
74105,B-BTC_USDT,2026-06-21 00:30:00+00:00,LONG,UPTREND,64238.2,55.613665792286135,2.2832297424000814,-14.574293032267008,0.9874351679410012,2.0431962872548013,0.14148839627622126,0.0014807932976257376,0.0036058805558125684,0.22936186518209156,33.91055246351846,0.3532151129460004,0.8545253587498897,-0.010740118701662003,0.9809523809523116,0.0,0.9809523809523116,WIN,64559.391,47,0.5,0.4,0.5048,-0.061,VALIDATION
74108,B-BTC_USDT,2026-06-21 00:45:00+00:00,LONG,UPTREND,64279.9,62.10014987906796,6.486484086781829,-7.610440992673546,2.352402793413532,6.963852039593462,0.1348186838605859,0.006566183374023815,0.016606101161631415,0.22921307232805643,33.91055246351846,0.7752787817805078,1.4104768277631703,0.061955071676418484,0.7462184873949824,0.0016806722688831061,0.9983193277311169,TIME_EXIT,64430.2,48,0.2338,0.1338,0.4482,-0.1259,VALIDATION
74112,B-BTC_USDT,2026-06-21 01:05:00+00:00,LONG,UPTREND,64256.6,55.79612740544384,0.9948255099433467,-6.826115467553333,0.06850727095945786,1.296759441256345,0.1199741137525416,0.0017906108089826844,0.007925512100626086,0.2600970346675589,35.32842892927192,0.506607009381457,0.48141294788797834,0.02568489152414146,0.5895953757224862,0.29479768786134825,0.5895953757224862,TIME_EXIT,64238.0,48,-0.0289,-0.1289,0.4846,-0.0896,VALIDATION
74522,B-BTC_USDT,2026-06-22 11:15:00+00:00,LONG,UPTREND,64253.8,57.86817073133714,7.256039623983639,17.902266458426396,0.5630486967802177,18.088613804034168,0.023659503770983078,0.013841398857206144,0.0607770059609658,0.13449261695779002,7.583430047337341,0.865846472183791,2.3100979690281744,-0.04481771975344136,0.5570539419087506,0.16701244813276248,0.5570539419087506,WIN,64575.069,3,0.5,0.4,0.5713,-0.0876,VALIDATION
74523,B-BTC_USDT,2026-06-22 11:20:00+00:00,LONG,UPTREND,64319.1,62.157905091960714,-1.6559248564395403,21.44045092043823,3.5381844620118343,9.162488388378575,0.03574469186470168,0.022213041667473732,0.055730913586748976,0.1343560732579039,7.583430047337341,1.0073223143384107,1.260456736147136,0.056764963339226523,0.46179129005750563,0.0008216926869231487,0.9991783073130769,WIN,64640.6955,3,0.5,0.4,0.6427,-0.0944,VALIDATION
74770,B-BTC_USDT,2026-06-23 07:55:00+00:00,SHORT,DOWNTREND,62849.2,35.33146592732555,1.5823180757055866,22.510515356558784,-4.594202701484079,-6.615414786388357,-0.4402153071741882,-0.022667253664288012,-0.05288404423019477,-0.12609481131687647,-157.1686903097532,0.35327339932248697,0.4357238309666456,0.203039291730061,0.17710944026731498,0.41604010025060023,0.17710944026731498,WIN,62534.954,4,0.5025,0.4025,0.7791,-0.1071,VALIDATION
74825,B-BTC_USDT,2026-06-23 12:30:00+00:00,SHORT,DOWNTREND,62308.6,40.7368597184778,-5.645104020757216,-12.888903019753707,-5.2458743797014,-11.8110681656708,-0.13932626024580513,-0.016785292627763404,-0.033438769835481,-0.6393993326477992,-185.36524270423251,0.16743642534285358,0.7405454066422982,-0.29340177841298987,0.0,0.5034770514603616,0.0,WIN,61997.057,11,0.5025,0.4025,0.5334,-0.1034,VALIDATION
74830,B-BTC_USDT,2026-06-23 12:55:00+00:00,SHORT,DOWNTREND,62227.9,35.82048197957515,-5.86702524501807,-19.851632539556327,-1.7764742072552977,-2.618251956783432,-0.1612397379299678,-0.02137237622303889,-0.05345665797243937,-0.6402285350818309,-185.36524270423251,0.06591374210060263,0.8821821193814985,-0.40057988249496956,0.10496613995488785,0.41873589164784597,0.10496613995488785,LOSS,62539.0395,13,-0.4975,-0.5975,0.5023,-0.5899,VALIDATION
75438,B-BTC_USDT,2026-06-25 15:35:00+00:00,SHORT,DOWNTREND,59218.2,40.91100392481264,-1.9161750414817007,47.06998605642718,-0.5543069509312772,0.1265024464969997,-1.0063305281942265,-0.04701943570707412,-0.14672315447915585,-1.180802416020441,-166.10507135228312,0.3638468437043984,0.4312420554433758,-0.11179149347278769,0.00032362459546454633,0.9093851132686084,0.00032362459546454633,LOSS,59514.291,4,-0.4975,-0.5975,0.2848,-0.6957,VALIDATION
75453,B-BTC_USDT,2026-06-25 16:50:00+00:00,SHORT,DOWNTREND,59269.6,42.58660846429987,-0.6363504122557515,-1.2173442995006525,-8.55026597333476,-39.80952171154479,-0.577299658375704,-0.034715296412934915,-0.10963956584211232,-1.260956302282509,-179.1631533871095,0.32546863497408013,0.3721591220237588,-0.026629664856282747,0.304318488529011,0.3684210526315764,0.304318488529011,LOSS,59565.948,5,-0.4975,-0.5975,0.2625,-0.5316,VALIDATION
75487,B-BTC_USDT,2026-06-25 19:40:00+00:00,SHORT,DOWNTREND,59275.4,43.699799680758304,-1.8543155993947025,-9.369431938125025,-0.1791558450003521,16.030914652350624,-0.2287693479958127,-0.018354321879654467,-0.028422051523169234,-1.431488948706438,-142.88133514392064,0.2574472888244916,0.6233692580411988,-0.6029724247843903,0.06569343065694523,0.43928334439282263,0.06569343065694523,LOSS,59571.777,4,-0.4975,-0.5975,0.2066,-0.756,VALIDATION
76146,B-BTC_USDT,2026-06-28 02:35:00+00:00,SHORT,DOWNTREND,60100.5,44.61679435466577,4.172827957421802,-13.716963349108042,-1.4807657784782542,-10.45060855947457,-0.011856508525752612,-0.008477001490214686,-0.02934331727048045,-0.05604084914549542,-59.40182965043778,0.3429222672073073,0.41373928169030155,-0.007199920838304407,0.03162055335979519,0.7272727272727011,0.03162055335979519,WIN,59799.9975,34,0.5025,0.4025,0.6459,-0.2494,VALIDATION
76177,B-BTC_USDT,2026-06-28 05:10:00+00:00,SHORT,DOWNTREND,59990.2,34.084346201473565,-8.172152775914242,-20.870446469896102,-0.7313404032540021,-13.663050222941933,-0.05160613636824283,-0.020399102037749195,-0.07414607612631352,-0.08426892534808073,-45.63093881090871,0.012902192576458827,1.455872634696255,0.0009710013570090233,0.3884615384614825,0.5403846153845874,0.3884615384614825,LOSS,60290.151,41,-0.4975,-0.5975,0.4612,-0.922,VALIDATION
76292,B-BTC_USDT,2026-06-28 14:45:00+00:00,SHORT,DOWNTREND,60069.9,43.53294047965282,-5.098621055119132,1.6372026688733072,-2.3993093700473977,-8.125582639306032,-0.05594058665558621,-0.008342949274053879,-0.022134597373957288,-0.08648069791130905,-2.253089818475459,0.27965274705389,1.9603384628618403,-0.056290181312777535,0.19605911330050696,0.6551724137931034,0.19605911330050696,WIN,59769.5505,18,0.5025,0.4025,0.5327,-0.0554,VALIDATION
76305,B-BTC_USDT,2026-06-28 15:50:00+00:00,SHORT,DOWNTREND,59826.9,35.648189204239884,-2.472376974691308,-16.049992475167002,-4.610632078495783,-10.673668779499373,-0.12920899186338813,-0.0300579928890099,-0.07224476667355706,-0.10251970083467615,-12.783279930705234,-0.00011930868510453752,2.657089990961922,-0.20419333416041852,0.23736842105262393,0.5442105263157971,0.23736842105262393,WIN,59527.7655,16,0.5025,0.4025,0.5106,-0.1484,VALIDATION
76336,B-BTC_USDT,2026-06-28 18:25:00+00:00,SHORT,DOWNTREND,59579.2,43.43474256445105,-2.7636229153986633,19.208257872720296,-2.1668890758500936,-2.5816508521072308,-0.2284188308439037,-0.0067206906742334205,-0.01398830377284943,-0.2155941012080218,-63.93852560007967,0.45289629812870247,0.471772096517224,0.2236010488629849,0.16438356164379342,0.5168119551681009,0.16438356164379342,WIN,59281.304,16,0.5025,0.4025,0.5987,-0.1326,VALIDATION
76337,B-BTC_USDT,2026-06-28 18:30:00+00:00,SHORT,DOWNTREND,59588.6,44.4203889364567,-0.43269430019656596,18.081416649935903,-1.1268412227843925,-3.434767755066943,-0.22212166544922948,-0.00457939126828899,-0.01419008317777859,-0.21556009160633027,-63.93852560007967,0.4981800870562957,0.49175566362306344,0.23941364537081747,0.036986301369823144,0.832876712328807,0.167123287671193,WIN,59290.657,15,0.5025,0.4025,0.6146,-0.1168,VALIDATION
76339,B-BTC_USDT,2026-06-28 18:40:00+00:00,SHORT,DOWNTREND,59568.2,43.3682695475769,-0.06647301687414853,13.240047757888156,-1.1870042301078598,-5.968210114832139,-0.21489429679391248,-0.006389300491049799,-0.021612769515721997,-0.2156339133076536,-63.93852560007967,0.45687652003678464,0.32923760251619005,0.20509694656658792,0.0,0.6808176100629544,0.31918238993704556,WIN,59270.359,13,0.5025,0.4025,0.5802,-0.1511,VALIDATION
76420,B-BTC_USDT,2026-06-29 01:25:00+00:00,SHORT,DOWNTREND,59276.3,45.8518971010713,-5.561484331269114,-7.798239485522425,-6.026179266645649,-26.330797133634853,-0.07552884661216416,-0.019143370391150327,-0.057673244611911034,-0.4169257103195901,-34.6890407945742,0.32252780509689416,0.6510331587144186,-0.5244190623421657,0.05464121132325761,0.7077024358130282,0.05464121132325761,WIN,58979.9185,9,0.5025,0.4025,0.7244,-0.4646,VALIDATION
76778,B-BTC_USDT,2026-06-30 07:15:00+00:00,SHORT,DOWNTREND,59476.6,44.25985998906111,-6.461247996891387,-5.659098810875571,-1.999604054171181,-13.179083619631902,-0.11606602603955671,-0.009372965885023898,-0.033742784482371224,-0.11942723967754126,-74.46372548402765,0.1155018060844352,0.6224983472883839,-0.017117247852500038,0.26537785588748963,0.6467486818981014,0.3532513181018986,WIN,59179.217,18,0.5025,0.4025,0.5369,-0.1348,VALIDATION
76780,B-BTC_USDT,2026-06-30 07:25:00+00:00,SHORT,DOWNTREND,59450.8,42.42960136381886,-1.350597580786932,-7.712436040050248,-2.1670705716528715,-4.052941283345858,-0.11768226866827533,-0.012036339529741813,-0.027424226620575975,-0.11947906779059743,-74.46372548402765,0.07636466446225879,1.5534577493919497,-0.060488226943520185,0.1640378548896091,0.5102523659306221,0.1640378548896091,TIME_EXIT,59191.1,48,0.4387,0.3387,0.4932,-0.1618,VALIDATION
76782,B-BTC_USDT,2026-06-30 07:35:00+00:00,SHORT,DOWNTREND,59449.5,43.28497095861842,-2.5089016268961046,-6.741140329962324,-1.3898023400289912,-1.1957748615649475,-0.11663761893797918,-0.010825883122900226,-0.025734928929377343,-0.11948168047511334,-74.46372548402765,0.12244477599138123,1.4353673153481301,-0.06998521712521039,0.07495256166984199,0.43738140417455323,0.07495256166984199,WIN,59152.2525,47,0.5025,0.4025,0.5914,-0.1541,VALIDATION
76820,B-BTC_USDT,2026-06-30 10:45:00+00:00,SHORT,DOWNTREND,59300.1,44.123322283909076,-3.033876184824628,1.4783457282930215,-1.0537115398663346,-6.409197617618933,-0.10094162337820278,-0.005126853138293086,-0.019215310934250773,-0.2304285448816666,-82.97194617375891,0.29575749984131855,0.5856046221163275,-0.06830479941379318,0.2606557377049419,0.5950819672130432,0.2606557377049419,WIN,59003.5995,16,0.5025,0.4025,0.5843,-0.1673,VALIDATION
76822,B-BTC_USDT,2026-06-30 10:55:00+00:00,SHORT,DOWNTREND,59303.6,45.02517144932599,-0.18166812666100185,1.6608008147945839,-0.5733799524656433,-0.8712564533647722,-0.09624391298045247,-0.003951704430693592,-0.0103941795084328,-0.23041494537156798,-82.97194617375891,0.3413648264460958,1.1750305748354088,0.01998591709638954,0.054088050314410496,0.7295597484276729,0.054088050314410496,WIN,59007.082,14,0.5025,0.4025,0.5903,-0.1614,VALIDATION
76853,B-BTC_USDT,2026-06-30 13:30:00+00:00,SHORT,DOWNTREND,58350.5,30.604321261897,-2.671866943257214,-16.542720412952548,-0.3774017900285003,12.275038498474458,-0.48379144719508055,-0.05871656649815149,-0.15552505545004536,-0.4189744597657115,-127.40262487965697,0.1466700294177093,2.6214537854916773,-0.1722249602627628,0.28289473684210525,0.4644736842105236,0.28289473684210525,LOSS,58642.2525,4,-0.4975,-0.5975,0.241,-0.7561,VALIDATION
77410,B-BTC_USDT,2026-07-02 11:55:00+00:00,LONG,UPTREND,61329.1,65.45596412575732,2.830436297437309,-24.198383368991443,5.300625019511102,3.346120277130211,0.38001269833673856,0.021433001040560562,0.04135571791024084,0.726324302793812,47.76016137537465,1.051996847038595,2.233049393656985,0.0936198357358409,0.5248784137673078,0.14291058735504658,0.8570894126449534,WIN,61635.7455,14,0.5,0.4,0.5035,-0.3574,VALIDATION
77419,B-BTC_USDT,2026-07-02 12:40:00+00:00,LONG,UPTREND,61347.2,59.23076571150552,0.4144578209554126,-9.704035843849198,2.4893631692492164,15.275636387629902,0.311576105294124,0.015066118043560728,0.050944488988347025,0.7907589401769395,64.45328072808525,0.8288530479491011,0.45690737629092676,0.12497832362571312,0.6475477971737075,0.0,0.6475477971737075,WIN,61653.936,6,0.5,0.4,0.6235,-0.0223,VALIDATION
77470,B-BTC_USDT,2026-07-02 16:55:00+00:00,LONG,UPTREND,61646.8,53.87701384423561,9.052932265623106,21.161018032423343,7.630354884607399,51.00821426661816,0.0316809693635366,0.01788394656647707,0.07756226718247383,1.0428770771444111,80.65800163084197,0.6445178786386533,0.49684354143229514,0.6615513574869981,0.8583877995642747,0.04575163398697421,0.8583877995642747,LOSS,61338.566,44,-0.5,-0.6,0.4107,-0.5491,VALIDATION
77776,B-BTC_USDT,2026-07-03 18:25:00+00:00,LONG,UPTREND,62153.6,55.145629682847755,2.208369364808739,-8.787605626970048,1.5084398303214073,-0.24188457439315414,0.09139897418609998,0.00451176699634015,0.0057399833936599975,0.9207026215601593,0.08974636083519272,0.5203956571757116,0.5000877769819764,-0.09377219605160417,0.46586345381524347,0.0,1.0,WIN,62464.368,20,0.5,0.4,0.5198,-0.0539,VALIDATION
77792,B-BTC_USDT,2026-07-03 19:45:00+00:00,LONG,UPTREND,62216.0,56.981121517891495,2.589811883057976,-0.38657285926068496,0.14055692065715775,2.1537433786854123,0.08736452546574495,0.005594552758592108,0.020061336791732387,0.9203443648169327,0.7694022287155349,0.788239968428896,0.8347971977690004,0.050213255575819876,0.6905158069882859,0.09650582362732693,0.903494176372673,WIN,62527.08,6,0.5,0.4,0.7527,-0.1042,VALIDATION
77836,B-BTC_USDT,2026-07-03 23:25:00+00:00,LONG,UPTREND,62602.8,53.11834885004628,6.728778991942555,-4.375238310031902,2.8874906238732105,13.643729208438407,0.10929146078492596,0.0029471452275942056,0.010522613851349227,0.9987831011747503,38.70206816721952,0.5014847190206645,1.0417475890006749,0.06540724159823562,0.7457886676876293,0.09954058192955145,0.7457886676876293,WIN,62915.814,8,0.5,0.4,0.5156,-0.126,VALIDATION
78093,B-BTC_USDT,2026-07-04 20:50:00+00:00,LONG,UPTREND,63299.9,56.41352608178353,6.784145291946814,-6.600173053759313,4.186178004585187,15.355262627810262,0.14999419919087606,0.009351250168365688,0.024569779017635796,0.8592953621608836,41.21736531513142,0.5987938073406286,0.3962871302287506,-0.02384900892363349,0.8881431767337735,0.0022371364652919758,0.997762863534708,LOSS,62983.4005,28,-0.5,-0.6,0.2055,-0.5385,VALIDATION
78100,B-BTC_USDT,2026-07-04 21:25:00+00:00,LONG,UPTREND,63409.9,62.60531158904763,5.142982910597638,13.213578769838946,4.0234535675508525,18.932828490439455,0.14723839791157042,0.02146633551474153,0.06290829367947559,0.8680882431418164,38.99383979586284,0.943941628728495,0.9752328284618995,0.0509012326744922,0.9655737704918271,0.0016393442622712263,0.9655737704918271,LOSS,63092.8505,19,-0.5,-0.6,0.0317,-0.5192,VALIDATION
78419,B-BTC_USDT,2026-07-06 00:00:00+00:00,LONG,UPTREND,63678.7,60.07098525037319,3.2955142757961937,-41.8312164138984,5.065750763429492,-0.9620380693432651,0.42014873326735097,0.01664715266123107,0.02457070588770538,0.43240805231247337,91.1068037342317,0.50746032045077,0.8292284531353452,0.10156948333182163,0.5030048076922858,0.12740384615387126,0.8725961538461288,LOSS,63360.3065,6,-0.5,-0.6,0.0129,-0.5817,VALIDATION
78421,B-BTC_USDT,2026-07-06 00:10:00+00:00,LONG,UPTREND,63575.9,53.46897454201689,-3.7065372477967955,-46.16304586987337,0.015658297924005637,0.7339213074545228,0.3860825699555641,6.909413203803894e-05,0.012420989899264434,0.43310724096379755,91.1068037342317,0.30367446161700273,0.6870288323509117,-0.23175486092608705,0.7856560717196253,0.0,1.0,WIN,63893.7795,16,0.5,0.4,0.5098,-0.4209,VALIDATION
78692,B-BTC_USDT,2026-07-06 22:45:00+00:00,LONG,UPTREND,64273.4,57.17626396147604,5.568006678536797,-30.36344718981408,4.854721309876155,-0.6616401348004217,0.33141577732380917,0.011784494787336897,0.011644430548596318,0.4476633682864831,172.97835265027933,0.5131663129830778,0.44710177620612734,0.040254461114553435,0.4080499653018475,0.0006939625260135033,0.9993060374739865,LOSS,63952.033,27,-0.5,-0.6,0.0888,-0.575,VALIDATION
79529,B-BTC_USDT,2026-07-09 20:30:00+00:00,LONG,UPTREND,63291.2,58.10675355828402,6.988923114242866,-5.942941913242734,5.011892201839082,13.260121741047314,0.14541672861769986,0.01200205609015459,0.025037297863028662,0.09417339569169933,63.07833044016918,0.8873591222868349,0.5750541951457726,0.152821541388998,0.44992947813823414,0.047954866008482165,0.9520451339915178,LOSS,62974.744,48,-0.5,-0.6,0.1654,-0.6228,VALIDATION
79531,B-BTC_USDT,2026-07-09 20:40:00+00:00,LONG,UPTREND,63288.8,57.60413966855511,2.1005418459577996,-1.723247880163683,2.028007572637833,9.231586234918133,0.1448110714554504,0.009670713666376507,0.03033405208128226,0.09417696687885503,63.07833044016918,0.8121430327369576,0.9132426771381167,0.14902375004203747,0.5995807127882661,0.14465408805020127,0.8553459119497987,LOSS,62972.356,46,-0.5,-0.6,0.1692,-0.6191,VALIDATION
79547,B-BTC_USDT,2026-07-09 22:00:00+00:00,LONG,UPTREND,63264.4,52.704779750773994,4.9535218743289064,-6.627258106826446,2.5126112048948084,6.510021982667503,0.08538584549637683,0.0023718968061858803,0.0021106957150962558,0.1678673416845927,58.59569186008116,0.4885678199772237,1.9131020145914548,-0.0017228982182691255,0.45396145610279226,0.38115631691646673,0.6188436830835333,LOSS,62948.078,30,-0.5,-0.6,0.2079,-0.5807,VALIDATION
79621,B-BTC_USDT,2026-07-10 04:10:00+00:00,LONG,UPTREND,63944.9,59.951696343133285,-0.11585884456567186,-13.119689317422953,0.3323942050490274,5.5243195195179595,0.3010299613167006,0.013834313118787911,0.05082192523420126,0.40061956276940164,82.55691459672013,0.7358934836720598,0.4278743087942981,-0.02193985961226161,0.5299625468165194,0.2715355805243372,0.7284644194756629,TIME_EXIT,63999.9,48,0.086,-0.014,0.3755,-0.2806,VALIDATION
79669,B-BTC_USDT,2026-07-10 08:10:00+00:00,LONG,UPTREND,63999.9,60.224052591339024,5.67480934946213,12.669053134752176,1.2031373239560708,3.334463366942659,0.05326435363509768,0.009843530714515047,0.02424561044958029,0.5645472734614992,55.833260763910744,0.9127357949013408,0.4194219565710826,0.07880436291101361,0.7189695550351576,0.0,1.0,WIN,64319.8995,1,0.5,0.4,0.6063,-0.0002,VALIDATION
79698,B-BTC_USDT,2026-07-10 10:35:00+00:00,LONG,UPTREND,64422.3,65.36816120315184,2.68391375595354,-5.4210272618573185,3.0322959606434807,9.831914442089769,0.2020145309629394,0.016431531358751528,0.04637065849808497,0.6556938416540905,64.25606684288437,0.7685287165254175,0.9385103539501337,0.025160662201305244,0.5659760087241341,0.09705561613952521,0.9029443838604748,LOSS,64100.1885,44,-0.5,-0.6,0.4,-0.609,VALIDATION
79714,B-BTC_USDT,2026-07-10 11:55:00+00:00,LONG,UPTREND,64394.2,54.15450926285733,1.7664504853834657,-7.8753920856228135,0.952501229428286,6.261545132295609,0.1386378012828421,0.0031253442453138547,0.01480406726699357,0.6980473618633366,62.23161810848342,0.5009703202849076,0.5523756320626949,-0.030789098633134133,0.5373563218390642,0.1724137931034699,0.8275862068965301,LOSS,64072.229,28,-0.5,-0.6,0.4438,-0.5656,VALIDATION
80352,B-BTC_USDT,2026-07-12 17:05:00+00:00,LONG,UPTREND,64130.0,53.11103415441039,4.823054008991761,-1.3857181524919415,1.2112224785408134,6.602702891012585,0.05179980980152639,0.003052171291639816,0.01180664468036774,0.11467466367695162,24.629964446260047,0.6109744880516921,0.3115274476142118,0.07490793338644341,0.7598425196851104,0.0,1.0,TIME_EXIT,64177.2,48,0.0736,-0.0264,0.184,-0.2291,VALIDATION
80505,B-BTC_USDT,2026-07-13 05:50:00+00:00,SHORT,DOWNTREND,62755.2,45.32457062050342,-0.002748156179663397,26.9881970736528,-0.5303514884707141,3.5128236982038175,-0.3502289020221106,-0.002767517013535503,-0.004561263145375083,-0.24868133098458584,-146.25968342573907,0.539986289032997,0.30469620031575334,0.20613208317313805,0.18545454545449253,0.6581818181817652,0.18545454545449253,LOSS,63068.976,34,-0.4975,-0.5975,0.128,-0.5488,VALIDATION
80519,B-BTC_USDT,2026-07-13 07:00:00+00:00,SHORT,DOWNTREND,62739.2,45.336350715916026,-4.547941059150347,9.474607887711315,-3.6840122385558054,-8.486680018201753,-0.2023187852040404,-0.004812633040218728,-0.0054153486847674515,-0.38206411097155457,-141.7060857157472,0.4168315104101432,1.0397523398571977,-0.044235052626806826,0.26756756756750855,0.3621621621622015,0.26756756756750855,LOSS,63052.896,17,-0.4975,-0.5975,0.0118,-0.5156,VALIDATION
80579,B-BTC_USDT,2026-07-13 12:00:00+00:00,SHORT,DOWNTREND,62864.3,36.99062161644036,-5.854358800373383,-12.463884159699667,-1.2797825382488348,-6.361211922025287,-0.041138501640181645,-0.016279560331899923,-0.0481286836071515,-0.4960469434085357,-38.55686957746593,0.16363024418826905,1.2445617627736576,-0.15265544837401263,0.08038029386346711,0.7718236819360231,0.08038029386346711,WIN,62549.9785,8,0.5025,0.4025,0.5102,-0.0593,VALIDATION
80581,B-BTC_USDT,2026-07-13 12:10:00+00:00,SHORT,DOWNTREND,62820.2,33.41420375959112,-5.011563911888878,-15.332781130577715,-1.0708175485018145,-4.148679509126882,-0.06039878609104586,-0.019580900082782904,-0.05501394784108715,-0.4963951700968354,-38.55686957746593,0.10596016102080778,0.7198234243583304,-0.20017886701828116,0.19881889763776947,0.6545275590551275,0.19881889763776947,WIN,62506.099,12,0.5025,0.4025,0.5397,-0.0726,VALIDATION
80666,B-BTC_USDT,2026-07-13 19:15:00+00:00,SHORT,DOWNTREND,62006.6,44.71388478518057,1.6482261927033122,27.833650387344946,-2.2397892555203924,1.7334513589659082,-0.2629175715073119,-0.003641026674139347,-0.0005417361211623728,-0.8123148846806603,-71.06839706800281,0.6388911824300573,0.47736323506958767,0.12569281219259643,0.001180637544256768,0.46280991735535343,0.001180637544256768,TIME_EXIT,62096.9,48,-0.1454,-0.2454,0.2459,-0.4716,VALIDATION
80691,B-BTC_USDT,2026-07-13 21:20:00+00:00,SHORT,DOWNTREND,62053.1,43.38089352844209,-3.6401467139614994,-14.320297810288652,-2.435872600898719,-7.417468071510013,-0.057770947250290555,-0.011712279643938395,-0.028301001266206605,-0.8469106296698001,-34.11973189457251,0.07795244707265161,0.5767466304843721,-0.22799698094228535,0.001388888888868678,0.5875000000000404,0.001388888888868678,LOSS,62363.3655,34,-0.4975,-0.5975,0.3211,-0.6673,VALIDATION
80950,B-BTC_USDT,2026-07-14 18:55:00+00:00,LONG,UPTREND,64544.0,51.14602801712215,-0.751881085452716,0.48023016290107634,0.17739060947712915,1.3069260631855801,0.19177661827752046,0.0009135406729532392,0.0038754635832027873,0.30073668556758937,257.0157720845166,0.6338187401996614,0.34816910630950293,0.12316837458077994,0.3593750000000622,0.3750000000000237,0.6249999999999764,WIN,64866.72,33,0.5,0.4,0.517,-0.238,VALIDATION
80954,B-BTC_USDT,2026-07-14 19:15:00+00:00,LONG,UPTREND,64584.0,53.80768680781326,0.358995420240511,4.503388544860433,0.9014885318767281,2.026662723303607,0.1730338226037758,0.005610723106097559,0.012006282375431887,0.3864496581689651,227.97530890930227,0.734444525783391,0.8671821147181416,0.01871943935376152,0.8081180811808194,0.10332103321035555,0.8081180811808194,WIN,64906.92,37,0.5,0.4,0.8454,-0.2998,VALIDATION
81010,B-BTC_USDT,2026-07-14 23:55:00+00:00,LONG,UPTREND,65014.7,63.99206212672331,1.7758279958513867,1.470972494796726,0.5990481356148649,4.036632277490682,0.21493711684284264,0.01931009194060529,0.060229703370562326,0.6451530237734298,120.86451440064343,0.8787730329374698,0.4282450609518268,0.09540013980934983,0.5756676557863809,0.1884272997033248,0.8115727002966752,LOSS,64689.6265,16,-0.5,-0.6,0.044,-0.5156,VALIDATION
81575,B-BTC_USDT,2026-07-16 23:00:00+00:00,SHORT,DOWNTREND,63908.7,30.682558433441727,-7.211099555785729,-20.717625848595873,-2.017272126185212,-9.802954461468754,-0.10904019025294394,-0.024961088838781897,-0.07335679047028032,-0.036667487082702906,-30.281951427196645,-5.810845647145747e-05,1.333177641709785,-0.4254712494317964,0.048979591836714895,0.5306122448979592,0.048979591836714895,WIN,63589.1565,19,0.5025,0.4025,0.517,-0.0243,VALIDATION
81637,B-BTC_USDT,2026-07-17 04:10:00+00:00,SHORT,DOWNTREND,63471.0,39.94303712955564,-4.91115934171814,-4.480579547617474,-2.583290061446693,-13.092557352856126,-0.14940651007153355,-0.013505860183149476,-0.04236526545139396,-0.26480529823367854,-70.57380837522624,0.33294554346317556,0.6103806167043938,0.05924321911068605,0.1703577512776916,0.7120954003406764,0.1703577512776916,WIN,63153.645,15,0.5025,0.4025,0.5561,-0.1402,VALIDATION
81681,B-BTC_USDT,2026-07-17 07:50:00+00:00,SHORT,DOWNTREND,62876.3,43.15384407615449,-2.4431354106735768,22.72366577649612,-1.9812045106248064,-2.7536540260530558,-0.2774139469982172,-0.004646135825792097,-0.009429184048759254,-0.4697490926145054,-110.28093130220142,0.5473841455346605,0.917234477916795,-0.02606423631806584,0.0020040080161486543,0.7655310621241679,0.0020040080161486543,LOSS,63190.6815,45,-0.4975,-0.5975,0.4237,-0.6355,VALIDATION
81684,B-BTC_USDT,2026-07-17 08:05:00+00:00,SHORT,DOWNTREND,62821.3,40.00507292988342,-3.1487711462710735,10.774999722336688,-1.5731677250569902,-11.948666054159432,-0.2680477225361276,-0.009771859192275745,-0.038769330074106545,-0.5395621959349421,-114.77971699842067,0.19147015194844066,1.4682490858499804,-0.11873969851730251,0.2182203389829718,0.608050847457603,0.39194915254239704,LOSS,63135.4065,31,-0.4975,-0.5975,0.3359,-0.5447,VALIDATION
82046,B-BTC_USDT,2026-07-18 14:15:00+00:00,LONG,UPTREND,64112.7,57.31816497140886,-0.20160214904567653,7.538553314260335,0.3884773228986571,6.964294080696405,0.04129248392922326,0.007026964899892185,0.026153511372228877,0.051077022558197585,14.142065060291557,0.6342441897773672,0.6171986388402164,-0.10955001527857547,0.5510597302504382,0.0,0.5510597302504382,WIN,64433.2635,37,0.5,0.4,0.5004,-0.1758,VALIDATION
82071,B-BTC_USDT,2026-07-18 16:20:00+00:00,LONG,UPTREND,64106.1,54.35736589422771,4.4339348270977865,3.7484034867188076,0.5090723514268962,4.262575619301157,0.020712890625627152,0.0033017569968984972,0.012281530663549312,0.07264675885280708,9.024678544479684,0.688973895718075,0.4263525741690404,0.002495924623074113,0.8828828828828494,0.11711711711715059,0.8828828828828494,WIN,64426.6305,12,0.5,0.4,0.5107,-0.0312,VALIDATION
82116,B-BTC_USDT,2026-07-18 20:05:00+00:00,LONG,UPTREND,64536.2,63.851237043726236,0.899769176065746,-4.776676884474895,1.2400292518871012,2.6075145187477773,0.15201422878969928,0.008398885389615529,0.02263010935767973,0.1971091105880837,46.311968739552185,0.9065954871666293,2.0698341416614188,-0.04443978590997368,0.7028985507246377,0.0,1.0,TIME_EXIT,64812.7,48,0.4284,0.3284,0.4667,-0.0002,VALIDATION
82164,B-BTC_USDT,2026-07-19 00:05:00+00:00,LONG,UPTREND,64812.7,61.152727955075015,1.414354684716443,-0.6735841549996522,0.03389670629707808,-0.901799774475549,0.12449299067364915,0.006855655754911538,0.019553804234218042,0.34194398404922566,60.20850243448962,0.8027389769408677,0.7328128411181909,0.04198856387573379,0.4791666666666864,0.19010416666673524,0.8098958333332648,TIME_EXIT,64614.9,48,-0.3052,-0.4052,0.21,-0.3365,VALIDATION
82187,B-BTC_USDT,2026-07-19 02:00:00+00:00,LONG,UPTREND,64790.1,63.092464922249796,16.324490742871284,0.7050136538367051,2.9232424971000226,3.916151118766942,0.04236175344157093,0.004914742488248969,0.0029367040264238753,0.3843987661999058,41.47821742341205,1.4379875601804841,4.260755063102331,0.06223957448516541,0.5135671740569112,0.22104566512244722,0.7789543348775527,TIME_EXIT,64677.0,48,-0.1746,-0.2746,0.2449,-0.3237,VALIDATION
82498,B-BTC_USDT,2026-07-20 03:55:00+00:00,LONG,UPTREND,64839.4,53.972173983530126,-2.1987776850725993,7.512584080614079,1.050078660507996,5.823260986812511,0.05838995117233566,0.00928582419985613,0.029027109667967288,0.2173447163372232,10.288103280714147,0.7089801036991231,1.0293093932927493,0.0695276671499952,0.8117782909930348,0.0,1.0,LOSS,64515.203,11,-0.5,-0.6,0.0062,-0.5188,VALIDATION
82616,B-BTC_USDT,2026-07-20 13:45:00+00:00,LONG,UPTREND,64699.6,55.12085378432566,2.5628419195839385,-12.279136402816285,6.4835085433933415,11.771172078855606,0.15144807392463552,0.009590173040052719,0.009229243848252189,0.07594154989781814,22.149948144892736,0.7457242258912159,2.125960091313831,-0.1820223702419101,0.7956305309734465,0.0011061946902695154,0.9988938053097305,LOSS,64376.102,1,-0.5,-0.6,0.057,-0.6331,VALIDATION
82771,B-BTC_USDT,2026-07-21 02:40:00+00:00,LONG,UPTREND,65326.6,51.0813548568158,6.150981686995799,-2.7719289351758825,5.071793859150292,18.44455710669866,0.009700818640340277,0.002847981172160452,0.0044350303712414885,0.445879437299652,26.993676011652184,0.4808459795945894,0.4962309730062985,-0.07788227810883643,0.546610169491518,0.16384180790959407,0.836158192090406,WIN,65653.233,16,0.5,0.4,0.5205,-0.0695,VALIDATION
82800,B-BTC_USDT,2026-07-21 05:05:00+00:00,LONG,UPTREND,65520.2,54.37556411596048,4.316221495133206,-10.268007131989357,1.5982103445415277,4.226802064961078,0.09280222677907274,0.0032717184665909116,0.007221461614626001,0.4967756285274487,23.246329725670478,0.4833014918529863,1.2289522781936288,0.02169648995825638,0.7774902975420691,0.18499353169464997,0.7774902975420691,WIN,65847.801,8,0.5,0.4,0.6223,-0.0884,VALIDATION
82805,B-BTC_USDT,2026-07-21 05:30:00+00:00,LONG,UPTREND,65565.9,57.59585569725965,9.597771955840976,-0.45251326935849434,1.5145533404662679,11.167323915480459,0.09108823921564035,0.007789285494164133,0.029721732473375617,0.4964293716130512,23.246329725670478,0.6338041023619585,0.7493815676454686,0.09364615584190282,0.6045454545452561,0.18636363636357023,0.6045454545452561,WIN,65893.7295,3,0.5,0.4,0.5521,-0.0496,VALIDATION
82851,B-BTC_USDT,2026-07-21 09:20:00+00:00,LONG,UPTREND,66210.0,58.663668369481925,2.110186526009741,-22.411429570605918,1.5381134907575102,0.8488774126414995,0.262805655410404,0.0068964683906935775,0.01663658252419875,0.6633915750408481,75.88296324465023,0.4705539384798996,0.359897752828125,0.040055306844666724,0.594059405940537,0.14851485148513424,0.8514851485148658,WIN,66541.05,39,0.5,0.4,0.6162,-0.1403,VALIDATION
82857,B-BTC_USDT,2026-07-21 09:50:00+00:00,LONG,UPTREND,66315.1,66.05790740063779,0.8222838720693204,-5.3114594373529656,2.814813191811055,6.648458215522268,0.2468595891325092,0.015697348431209512,0.04045497992983815,0.6623401937636308,75.88296324465023,0.8953741709018566,0.5431997506501367,0.04531941285111328,0.6088082901554633,0.0246113989636561,0.975388601036344,WIN,66646.6755,48,0.5,0.4,0.6253,-0.2986,VALIDATION
82863,B-BTC_USDT,2026-07-21 10:20:00+00:00,LONG,UPTREND,66343.3,65.92979857273575,6.546584949545462,-2.0118527328823177,1.3424288613516637,7.111170321574569,0.22805220879091562,0.01359965255613993,0.04273537161783025,0.7064518813673741,79.34125194213101,0.9137201305442464,1.1182577238695492,0.11604674465492126,0.8914027149321754,0.05580693815983299,0.944193061840167,WIN,66675.0165,42,0.5,0.4,0.5826,-0.341,VALIDATION
82882,B-BTC_USDT,2026-07-21 11:55:00+00:00,LONG,UPTREND,66317.9,59.7914551589157,-0.16957235301822493,8.971173410670836,1.4881335380733924,8.34427553356313,0.11004840136217114,0.009679853579624975,0.030588528440733675,0.7342319340442192,68.33189737902586,0.6935623334937175,0.37497008987763547,0.18998099434678073,0.4414062500000133,0.0039062500002264855,0.9960937499997735,WIN,66649.4895,23,0.5,0.4,0.6211,-0.1235,VALIDATION
82886,B-BTC_USDT,2026-07-21 12:15:00+00:00,LONG,UPTREND,66425.2,66.11008098010524,15.761564875365352,16.31534893347759,4.505193702826233,11.285597482813504,0.12177842904664171,0.021510705777183503,0.05046066394405191,0.7674073014082021,65.07064848182733,1.0101700876450272,1.0175646074356068,0.33382704577205197,0.5259574468085354,0.07319148936175167,0.9268085106382483,WIN,66757.326,20,0.5,0.4,0.5296,-0.2029,VALIDATION
82901,B-BTC_USDT,2026-07-21 13:30:00+00:00,LONG,UPTREND,66497.2,55.811872785012866,-4.302125819016176,-10.835271512601231,0.187827243376681,-17.623588706266425,0.1686093206254154,0.007183306894598118,0.00037805000367985286,0.8112259218371047,70.07074917842823,0.6047553889606666,1.6671810194255432,0.112081323338708,0.3693693693694048,0.07014157014162238,0.9298584298583776,WIN,66829.686,7,0.5,0.4,0.642,-0.311,VALIDATION
82907,B-BTC_USDT,2026-07-21 14:00:00+00:00,LONG,UPTREND,66819.5,68.22131779548798,7.324467199343815,25.713073833888217,10.171016557378849,35.89166742143814,0.20168189995063962,0.045315312622151716,0.12067353965521388,0.8614609609274716,80.5482244005903,1.086027829231508,2.3903277164881747,0.5917070684945354,0.4237421383647438,0.019654088050314916,0.9803459119496851,LOSS,66485.4025,30,-0.5,-0.6,0.1565,-0.532,VALIDATION
82915,B-BTC_USDT,2026-07-21 14:40:00+00:00,LONG,UPTREND,66815.1,59.6026752048632,3.689963045023859,3.6782453854411585,0.32740283641714996,-3.6170552602483355,0.24644371862311756,0.02340631854556019,0.06501710967761198,0.8615176910412944,80.5482244005903,0.7528335267569368,0.4626579359164342,0.05028711724019161,0.658859470468447,0.010183299389001584,0.9898167006109985,LOSS,66481.0245,22,-0.5,-0.6,0.1125,-0.5255,VALIDATION
82931,B-BTC_USDT,2026-07-21 16:00:00+00:00,LONG,UPTREND,66724.9,54.305637194623614,4.544946256898278,-9.355488246354454,7.950255607441342,16.50799953499696,0.12225683137270685,0.00976808688188946,0.00741283370233603,0.9369969993929328,67.02485880484312,0.5874421493360352,1.024751214481658,-0.1512211834458745,0.3668341708543055,0.0847092605886767,0.9152907394113233,LOSS,66391.2755,15,-0.5,-0.6,0.0,-0.5373,VALIDATION
83456,B-BTC_USDT,2026-07-23 11:45:00+00:00,SHORT,DOWNTREND,65530.1,35.070062769874866,-6.787841340750958,-21.68199825936685,-0.15053835734378396,-4.915029164835751,-0.011159860002810674,-0.015358734227133297,-0.04776465260649676,-0.029990585400559062,-17.54372072321675,0.03970752352933882,1.276895530265024,-0.22333616233926248,0.3949191685911639,0.5588914549654213,0.4411085450345788,WIN,65202.4495,10,0.5025,0.4025,0.639,-0.1056,VALIDATION
83512,B-BTC_USDT,2026-07-23 16:25:00+00:00,SHORT,DOWNTREND,64797.1,42.61822463916062,-1.8248509663808008,-0.5891412733164785,-0.2508263085405247,-8.27526637751923,-0.21754781485307026,-0.013002581986110151,-0.05014081394988379,-0.2698775363380987,-83.00765539007182,0.2514221356799357,0.3169271483307276,-0.09077036393103459,0.43931623931618957,0.43760683760681274,0.43931623931618957,LOSS,65121.0855,46,-0.4975,-0.5975,0.2492,-0.5036,VALIDATION
83553,B-BTC_USDT,2026-07-23 19:50:00+00:00,SHORT,DOWNTREND,64700.3,41.098693537360376,-6.517872692897193,-14.206608152125423,-3.041833383498849,-17.602625408566723,-0.06744633009706663,-0.01404126591578736,-0.04450421166113383,-0.40671342587350734,-74.75038069805856,0.09785595379631107,2.598450602437564,-0.0010857637020375657,0.15221987315012342,0.6797040169132835,0.3202959830867165,LOSS,65023.8015,3,-0.4975,-0.5975,0.0,-0.5215,VALIDATION
83879,B-BTC_USDT,2026-07-24 23:00:00+00:00,SHORT,DOWNTREND,64129.4,45.429331624094814,-6.004690553834685,0.8905315550074429,-1.1067660959779744,-3.4248676868409067,-0.011787401787573861,-0.001979561895526505,-0.004017809278766826,-0.6805120921026612,-27.073218642605525,0.3873144704195061,0.9695214741725471,0.00281859949756046,0.3133333333333818,0.5733333333332363,0.3133333333333818,TIME_EXIT,64023.4,48,0.1656,0.0656,0.2382,-0.0399,VALIDATION
83881,B-BTC_USDT,2026-07-24 23:10:00+00:00,SHORT,DOWNTREND,64126.4,44.55711705996136,-1.8274451912482519,-0.3613310910155261,-0.6649553524656402,-2.3586287420009433,-0.012965896464226499,-0.0020928333881120587,-0.005581245528674117,-0.6805439282306258,-27.073218642605525,0.3600952764498547,0.7025073391311725,-0.001859573942367134,0.2428571428572468,0.40714285714264925,0.2428571428572468,TIME_EXIT,64016.6,48,0.1715,0.0715,0.2335,-0.0446,VALIDATION
83924,B-BTC_USDT,2026-07-25 02:45:00+00:00,SHORT,DOWNTREND,64010.5,41.49054190390751,0.30347226443220165,-0.304676228975179,-0.4233750700838854,0.836508951629046,-0.051639819816804496,-0.004906572211005322,-0.011158402728073114,-0.7041671858073403,-3.0788518899617543,0.3154364198061253,1.628539772314464,-0.05254187931293362,0.10561056105602477,0.38613861386134574,0.10561056105602477,TIME_EXIT,63933.2,48,0.1209,0.0209,0.1209,-0.2664,VALIDATION
84466,B-BTC_USDT,2026-07-26 23:55:00+00:00,LONG,UPTREND,65375.1,62.773145984992105,-1.432814283776061,-22.938358874012764,0.21551327476021243,2.866872565449924,0.31105765793139784,0.012256846145786149,0.04290377135087731,0.14042798887730773,54.704242309405444,0.5486532457905618,0.44898859126994856,0.08944499664728553,0.7840112201963418,0.0,0.7840112201963418,LOSS,65048.2245,12,-0.5,-0.6,0.0363,-0.5233,VALIDATION
84494,B-BTC_USDT,2026-07-27 02:15:00+00:00,LONG,UPTREND,65194.8,55.5862696224501,5.212967437187395,16.95291228741174,1.2633144550045863,5.393032830477161,0.03676929736548386,0.009196200446059954,0.02506789211256244,0.25145605452259406,58.630658767760764,0.8498552652843286,0.43239424148480254,0.03832295084420715,0.6938502673796716,0.0,1.0,WIN,65520.774,45,0.5,0.4,0.5166,-0.1638,VALIDATION
84863,B-BTC_USDT,2026-07-28 09:00:00+00:00,SHORT,DOWNTREND,63388.3,40.489584406961974,-7.310642356776555,-9.349555821045147,-0.6830162631222425,-3.805954764873837,-0.011331192090832292,-0.010007721284244209,-0.030051830060717766,-0.646785055251198,-51.860211242351454,0.10980070260364871,1.7558684170137342,-0.14500550170248847,0.15162454873648437,0.6083032490975357,0.15162454873648437,TIME_EXIT,63496.9,48,-0.171,-0.271,0.1973,-0.2851,VALIDATION
84904,B-BTC_USDT,2026-07-28 12:25:00+00:00,SHORT,DOWNTREND,63401.6,47.225889905876116,-1.101654525737402,-3.69704050007707,-2.1021184785746447,-4.072005074677042,-0.003939893643234391,-0.005233859872511015,-0.00880091430929264,-0.6930856559260418,-0.7685164802750251,0.3223152297213466,0.8733983158508527,-0.04055034959697791,0.05111111111109494,0.5600000000000162,0.05111111111109494,WIN,63084.592,14,0.5025,0.4025,0.9339,-0.2634,VALIDATION
85425,B-BTC_USDT,2026-07-30 07:50:00+00:00,SHORT,DOWNTREND,63981.3,45.908286887282976,-0.6610519178190017,-3.418311198803642,-1.2642240376059082,-4.227777927735971,-0.02248295877415957,-0.005284561948226685,-0.012633360318192732,-0.059078720078366884,-0.9606408607664179,0.334914217613614,1.7790096205947659,3.9073918473258636e-06,0.3691507798960364,0.5805892547659872,0.4194107452340127,LOSS,64301.2065,7,-0.4975,-0.5975,0.0489,-0.5394,VALIDATION
85429,B-BTC_USDT,2026-07-30 08:10:00+00:00,SHORT,DOWNTREND,63978.1,45.57871643564047,-0.4022944524530203,-3.188259544894338,-0.21674125927639842,0.7594614367870918,-0.027254649128386817,-0.004274157303518766,-0.009912851533278033,-0.060230256690771034,-2.2409404155692183,0.32842264070214244,0.8256290197231796,-0.004997554168078628,0.0,0.8415384615384167,0.0,LOSS,64297.9905,3,-0.4975,-0.5975,0.0392,-0.5444,VALIDATION
85472,B-BTC_USDT,2026-07-30 11:45:00+00:00,LONG,UPTREND,64646.1,65.80382517631008,12.664568365795496,-5.966725433505488,2.972978237244675,12.438277088845233,0.1965028427352152,0.012802705353687216,0.03868634070098853,0.050062880152581896,59.268237446923955,1.0091450457540425,0.535135367729553,0.1259316368127453,0.6504424778763412,0.004424778760997843,0.9955752212390021,WIN,64969.3305,5,0.5,0.4,0.5716,0.0,VALIDATION
85565,B-BTC_USDT,2026-07-30 19:30:00+00:00,LONG,UPTREND,64839.5,57.37103053235954,3.2919045790489108,14.98616866006978,0.7600672579012571,7.587361410358046,0.007857165177338895,0.008887274754476593,0.02895170881320741,0.3084478220923976,33.833580838750095,0.7899644611869795,0.664012011792923,0.014985395987348264,0.70035460992906,0.001773049645364224,0.70035460992906,TIME_EXIT,65034.2,48,0.3003,0.2003,0.3114,-0.3134,VALIDATION
85892,B-BTC_USDT,2026-07-31 22:45:00+00:00,SHORT,DOWNTREND,62906.5,40.15687449751292,-6.2379959161383525,-6.272194545849133,-1.3493603172350204,-5.071345219131698,-0.02796160182922299,-0.007885206061986061,-0.02156274659718127,-0.6549730840780669,-48.58708338306781,0.04083618377389966,0.6348259942241754,-0.12756234545633274,0.0029761904761472957,0.6220238095238798,0.0029761904761472957,TIME_EXIT,63033.1,48,-0.2008,-0.3008,0.1297,-0.2831,VALIDATION
85923,B-BTC_USDT,2026-08-01 01:20:00+00:00,SHORT,DOWNTREND,62911.8,44.63634000602651,-4.407179397169941,-1.7943424848975718,-1.3682374520309708,-2.5089053230386886,-0.016035815332580226,-0.003679481054186251,-0.005376607679374867,-0.708769063493324,-8.1784399313608,0.4035044696080886,1.047216221378031,-0.030906743470051984,0.08965517241386838,0.7706896551723637,0.08965517241386838,TIME_EXIT,63064.9,48,-0.2428,-0.3428,0.0364,-0.3289,VALIDATION
86141,B-BTC_USDT,2026-08-01 19:30:00+00:00,SHORT,DOWNTREND,62476.3,40.14476744713065,-4.08586878741049,16.670564758838424,-2.2597806749653557,-3.342407735710708,-0.23955910737608735,-0.01309422510471503,-0.03414137936311734,-0.5627555884951371,-6.011194222143274,0.3911199764963324,0.3308823123541345,0.14458348895025827,0.09413067552602891,0.48062015503879907,0.09413067552602891,LOSS,62788.6815,24,-0.4975,-0.5975,0.0729,-0.59,VALIDATION
86148,B-BTC_USDT,2026-08-01 20:05:00+00:00,SHORT,DOWNTREND,62496.1,43.69677006392752,0.8048656262671869,16.18255919945142,-0.15420094296729303,2.1378566973384636,-0.2085772738521711,-0.003956645297886752,-0.010831134168820533,-0.5845412619862477,-20.66608694932833,0.5755698215051029,0.2407982023375626,0.17741726261589152,0.08442776735459201,0.7842401500938204,0.08442776735459201,LOSS,62808.5805,17,-0.4975,-0.5975,0.0,-0.5581,VALIDATION
86375,B-BTC_USDT,2026-08-02 15:00:00+00:00,SHORT,DOWNTREND,63028.9,41.593219871657595,-8.17089200772552,-3.246249720306441,-2.5159781107291748,-10.526066630491972,-0.05440425078093403,-0.008078796835231383,-0.02342728464289623,-0.15232069227974765,-15.3273351428121,0.1848962645651578,0.8485959478501374,-0.025854466319395666,0.15051020408168095,0.5,0.15051020408168095,LOSS,63344.0445,43,-0.4975,-0.5975,0.0,-0.6164,VALIDATION
86389,B-BTC_USDT,2026-08-02 16:10:00+00:00,SHORT,DOWNTREND,63080.3,48.1767084456489,0.16064787548823745,-0.773370001257053,-0.8449531904054153,-2.540214627509621,-0.02309838932148736,-0.001605849015551275,-0.0040418506084050065,-0.1503190981518326,-17.06674361229352,0.4294218162165762,0.6857295093638803,-0.01473301580078023,0.0,0.4410112359551968,0.0,LOSS,63395.7015,29,-0.4975,-0.5975,0.0528,-0.5344,VALIDATION
86479,B-BTC_USDT,2026-08-02 23:40:00+00:00,LONG,UPTREND,63502.7,51.41464007763443,-1.4350553534441985,6.024682770641055,0.8767959252842115,10.068774508416999,0.03795244409884487,0.002829177052410259,0.01735804221378867,0.004482291844875251,31.390311170553296,0.5178105228892451,0.591017503055362,0.0675072400096636,0.9294710327456968,0.0,1.0,LOSS,63185.1865,10,-0.5,-0.6,0.1148,-0.5266,VALIDATION
86561,B-BTC_USDT,2026-08-03 06:30:00+00:00,SHORT,DOWNTREND,62753.3,36.258394797234786,-3.6510841303643247,4.961474410672608,-1.8200126867103776,-5.401083406718257,-0.1724657259352512,-0.010034642131551141,-0.027291354457037453,-0.10517081719577956,-74.07140680350771,0.07386947215154059,1.1212646577025553,-0.034058317780349304,0.044797687861352964,0.7875722543352104,0.044797687861352964,WIN,62439.5335,22,0.5025,0.4025,0.7274,-0.0002,VALIDATION
86579,B-BTC_USDT,2026-08-03 08:00:00+00:00,SHORT,DOWNTREND,62581.6,35.40920094870323,-3.563734509444842,6.517299569712151,-0.5440098230769763,-1.648027649246366,-0.1936880548408511,-0.009611613152737952,-0.029216904781792508,-0.1895381829578301,-92.41266912761088,0.30150301516637396,0.6206206073932335,-0.0729434492068255,0.4246947082767554,0.4477611940298684,0.4246947082767554,WIN,62268.692,6,0.5025,0.4025,0.5033,-0.0366,VALIDATION
86712,B-BTC_USDT,2026-08-03 19:05:00+00:00,LONG,UPTREND,63869.4,53.778344524988555,-1.3933855483467568,-7.613060490047644,2.3906921186120194,4.565631856515878,0.18057328389072386,0.004420902552371153,0.006129434630719466,0.09980981974606264,131.3525848818517,0.5891689235631394,0.7330705427361724,-0.09723288086381206,0.6427566807313365,0.12658227848101525,0.8734177215189848,LOSS,63550.053,34,-0.5,-0.6,0.2965,-0.5699,VALIDATION
86728,B-BTC_USDT,2026-08-03 20:25:00+00:00,LONG,UPTREND,63917.4,53.753578570057066,3.7323815267443337,-1.1134838927667126,1.5189029558128553,9.31858099272505,0.12140534951817834,0.005253923643722125,0.020425657287548304,0.14506703579628108,123.32489988647137,0.6299224169653147,0.4105611522233388,0.0954876506162043,0.7959866220736372,0.03344481605351008,0.9665551839464899,LOSS,63597.813,17,-0.5,-0.6,0.0002,-0.533,VALIDATION
86816,B-BTC_USDT,2026-08-04 03:45:00+00:00,LONG,UPTREND,63798.0,58.251060114467116,0.22114882122841806,-3.569077578487736,1.6134038746308406,10.569234399016253,0.09897968874432454,0.00901784372211445,0.03267218983113995,0.23455077750577177,19.6884594620156,0.6502168330571991,0.35430489573567375,-0.002684181374632651,0.6033333333332849,0.16666666666666666,0.6033333333332849,WIN,64116.99,12,0.5,0.4,0.6925,-0.1035,VALIDATION
86820,B-BTC_USDT,2026-08-04 04:05:00+00:00,LONG,UPTREND,63774.5,55.176628373667356,-0.1873412014556095,-6.040077560606555,0.07671975930038855,-1.815434828747584,0.0920932414167564,0.003660379487668841,0.00935547831046879,0.2509474908415699,18.19148611063906,0.514395555496475,1.1445345631612842,-0.11806990262903297,0.6093117408906409,0.13967611336034924,0.8603238866396508,WIN,64093.3725,8,0.5,0.4,0.7296,-0.0099,VALIDATION
87272,B-BTC_USDT,2026-08-05 17:45:00+00:00,LONG,UPTREND,64700.0,61.103462419522295,9.206923492534166,1.450873562958762,4.1446675794118235,16.52367312358774,0.14393049506188518,0.016163579633410308,0.04741078822452227,0.3929099353330629,20.78639379733994,0.8731749841098725,0.5991987466828173,0.0433959491083765,0.3891402714932395,0.07541478129713093,0.924585218702869,TIME_EXIT,64684.0,48,-0.0247,-0.1247,0.4977,-0.1019,VALIDATION
87275,B-BTC_USDT,2026-08-05 18:00:00+00:00,LONG,UPTREND,64749.7,64.51551854434473,3.412056124822435,9.26793212850017,1.5009711048358625,7.817058565541409,0.15892457459889028,0.018394756406592272,0.055647926116741964,0.4212713340760064,36.098701540638416,0.9070698839051556,1.1977630695833819,0.14686470420694064,0.4815724815724803,0.12285012285013164,0.8771498771498684,TIME_EXIT,64651.0,48,-0.1524,-0.2524,0.4205,-0.1971,VALIDATION
87289,B-BTC_USDT,2026-08-05 19:10:00+00:00,LONG,UPTREND,64850.4,63.004379743469336,4.911630680850138,10.223108829319187,0.3449894241857834,10.086336785828784,0.16706264651347352,0.01837327242308895,0.06537515834028618,0.4464462537728098,44.54592455007028,0.9343664749636221,0.47527215500110176,0.251733099841757,0.6375968992248524,0.17054263565883493,0.6375968992248524,TIME_EXIT,64654.2,48,-0.3025,-0.4025,0.2646,-0.4601,VALIDATION
88403,B-BTC_USDT,2026-08-09 16:00:00+00:00,LONG,UPTREND,65210.6,62.042237146338124,1.5100431237939986,-7.034347570874537,0.440226912198888,0.49857156789600054,0.11394967561422845,0.003625366909854044,0.0100262452708888,0.12978371744907136,44.1257969905009,0.643587711877728,0.9606299135999237,0.011368309256351225,0.7257383966245231,0.15611814346007105,0.843881856539929,TIME_EXIT,65131.0,48,-0.1221,-0.2221,0.0498,-0.1222,VALIDATION
88422,B-BTC_USDT,2026-08-09 17:35:00+00:00,LONG,UPTREND,65206.4,53.6868935983717,-2.142187454650724,-2.5381226084266295,0.261383930180779,0.7517345813853886,0.06132437025406867,0.0007905091321758206,0.0025364976038444453,0.14482748279197308,44.49925502920157,0.5424700761459538,0.584853486563602,-0.001131011156555729,0.36666666666699005,0.011111111110949423,0.9888888888890506,TIME_EXIT,65210.0,48,0.0055,-0.0945,0.0055,-0.2498,VALIDATION
88597,B-BTC_USDT,2026-08-10 08:10:00+00:00,LONG,UPTREND,65240.4,54.169368516245,7.027410750663506,-11.00465071592079,0.25995167291885224,4.3435954992487495,0.10062126608723986,0.0019661109434743196,0.012801373815474193,0.13351354273103452,7.467180517565566,0.4609676578582045,0.4128436715762466,-0.016815738243661033,0.78703703703709,0.0,0.78703703703709,TIME_EXIT,65100.4,48,-0.2146,-0.3146,0.1019,-0.4788,VALIDATION
88598,B-BTC_USDT,2026-08-10 08:15:00+00:00,LONG,UPTREND,65258.0,56.353809337038534,-2.750689338445021,-9.503888985433434,1.5007617304873548,2.3196481653456473,0.0992060695995785,0.004348559483302594,0.009230442534380323,0.13347753429755407,7.467180517565566,0.5408606279054479,0.635652099934775,0.010156874478007843,0.6805054151625158,0.0,1.0,LOSS,64931.71,19,-0.5,-0.6,0.0749,-0.5057,VALIDATION
88713,B-BTC_USDT,2026-08-10 17:50:00+00:00,SHORT,DOWNTREND,63886.0,36.15040238197765,-3.1964576906353344,21.33361990151093,-1.733645191760104,-0.4367961539299756,-0.38950526571868654,-0.01792596735722407,-0.047643796596030796,-0.14451705597480802,-121.6113069059252,0.304382176455024,0.2716749667113161,-0.3471183808489161,0.13863928112968818,0.5147625160461848,0.13863928112968818,TIME_EXIT,63963.1,48,-0.1205,-0.2205,0.1536,-0.4748,VALIDATION
88715,B-BTC_USDT,2026-08-10 18:00:00+00:00,SHORT,DOWNTREND,63883.5,37.645693798903956,-0.04508546003356173,21.325425163850156,-1.9808892445453665,-1.7418399294208768,-0.3740758186163217,-0.01571213156258411,-0.04290385643700434,-0.2147033686812245,-133.63483651924508,0.32635112513204045,0.8555750908123919,-0.35101801776542174,0.0019743336623602985,0.5133267522211475,0.0019743336623602985,TIME_EXIT,63941.0,48,-0.0899,-0.1899,0.1497,-0.4787,VALIDATION
88717,B-BTC_USDT,2026-08-10 18:10:00+00:00,SHORT,DOWNTREND,63922.2,41.872155977689346,1.2050150677199767,24.12874118916467,-0.11288759810037163,0.822426780769149,-0.35235873119007055,-0.00803201315469071,-0.028209572917792247,-0.21457338222318706,-133.63483651924508,0.49357778474745284,0.47859859262496607,0.10171123873952777,0.0,0.6790865384615028,0.0,TIME_EXIT,64010.6,48,-0.1381,-0.2381,0.2104,-0.4179,VALIDATION
88762,B-BTC_USDT,2026-08-10 21:55:00+00:00,SHORT,DOWNTREND,63949.0,37.319411962122075,-6.101361246156401,-20.825111074735105,-1.56209547633307,-8.175218238770103,-0.03106275086513667,-0.013942237748920672,-0.04016311488944657,-0.3498936496449481,-97.41418002559561,-0.03862689334592316,0.6620336618345226,-0.11965914422138939,0.0,0.3974358974359971,0.0,TIME_EXIT,64026.6,48,-0.1212,-0.2212,0.1333,-0.1551,VALIDATION
88763,B-BTC_USDT,2026-08-10 22:00:00+00:00,SHORT,DOWNTREND,63941.0,36.44728476395733,-3.2563955314229958,-21.319084551958078,-0.4939734772229727,-4.494837957450478,-0.03798131106560922,-0.013806011887518288,-0.040833289721753374,-0.38739423488285407,-86.7354456930297,0.013718926090039258,1.430558151206939,-0.22933319394161825,0.2825806451613091,0.614193548387078,0.2825806451613091,TIME_EXIT,64052.3,48,-0.1738,-0.2738,0.1207,-0.1742,VALIDATION
89000,B-BTC_USDT,2026-08-11 17:45:00+00:00,SHORT,DOWNTREND,63513.7,41.81766994696282,-0.20058588601300187,19.222019487173938,-1.300792295055686,-2.0333909929716043,-0.2443027773066972,-0.004963980083450004,-0.013797563840922678,-0.4589783293010062,-29.18455375100268,0.45027539180723064,1.0412702399135996,-0.12207638997329456,0.02170283806336566,0.6777963272121007,0.02170283806336566,TIME_EXIT,63624.4,48,-0.174,-0.274,0.4779,-0.3839,VALIDATION
89277,B-BTC_USDT,2026-08-12 16:50:00+00:00,SHORT,DOWNTREND,63465.2,43.2072762508112,-4.738572678698063,15.74552288046307,-2.7799295178488563,-10.324891626759921,-0.19989573102696723,-0.00622846086872908,-0.017782810363742296,-0.30303630274968274,-21.66609841790384,0.40656475046766016,0.40851832529320203,0.09601869399435979,0.16574585635358227,0.6095764272560598,0.3904235727439402,TIME_EXIT,63500.5,48,-0.0556,-0.1556,0.2879,-0.13,VALIDATION
89282,B-BTC_USDT,2026-08-12 17:15:00+00:00,SHORT,DOWNTREND,63488.0,46.567276401213284,0.31107990777733363,12.95655545815962,-0.9892454228090841,-0.6879082699072754,-0.16866481449377324,-0.0014146294072370225,-0.002423797100625791,-0.3205141341735365,-32.79775018533726,0.5517223248850538,0.5545290536830343,0.0024335899681250965,0.028985507246310587,0.38405797101440614,0.028985507246310587,TIME_EXIT,63544.0,48,-0.0881,-0.1881,0.3239,-0.2233,VALIDATION
89286,B-BTC_USDT,2026-08-12 17:35:00+00:00,SHORT,DOWNTREND,63451.9,44.42636142700022,4.396720383599522,4.84623794528283,-0.19247110233111897,-2.7692692540610935,-0.15959087681151038,-0.004347496322432143,-0.017374462976804672,-0.320696485848485,-32.79775018533726,0.3430276519842366,0.45186067732719104,-0.054428932911753054,0.2538631346578611,0.57174392935975,0.2538631346578611,TIME_EXIT,63483.8,48,-0.0502,-0.1502,0.2669,-0.2804,VALIDATION
89289,B-BTC_USDT,2026-08-12 17:50:00+00:00,SHORT,DOWNTREND,63455.1,45.07144299536085,0.6450815683606308,5.567932640003853,-0.14898470932661212,0.7216946947210232,-0.14617820014051744,-0.0029494546118224996,-0.008243568135735124,-0.3206803133303625,-32.79775018533726,0.32620387904507586,0.7493502037049763,-0.04938848767032779,0.0015197568388835925,0.8313069908814885,0.0015197568388835925,TIME_EXIT,63531.7,48,-0.1206,-0.2206,0.272,-0.2753,VALIDATION
89305,B-BTC_USDT,2026-08-12 19:10:00+00:00,SHORT,DOWNTREND,63360.8,39.74187302503078,1.664320780417441,-2.15562435515389,-1.071140453439316,1.7966866162007022,-0.11914937707947935,-0.009024266241097756,-0.017937068632101205,-0.35627654491412053,-45.07954711762534,0.09599233767996525,0.8609046434193726,-0.03216254161230144,0.0,0.3712121212121243,0.0,TIME_EXIT,63388.6,48,-0.0439,-0.1439,0.1229,-0.4246,VALIDATION
89310,B-BTC_USDT,2026-08-12 19:35:00+00:00,SHORT,DOWNTREND,63330.0,39.08112768823639,-1.821443436990485,-2.701001154433495,-1.6183382736053247,-1.8078604011279538,-0.11635540586151122,-0.010592330578984566,-0.024317383455962904,-0.3564498169429119,-45.07954711762534,0.07081992414426407,0.8818004264151881,-0.01027053829382815,0.0,0.40839694656490194,0.0,TIME_EXIT,63442.0,48,-0.1765,-0.2765,0.049,-0.4734,VALIDATION
89711,B-BTC_USDT,2026-08-14 05:00:00+00:00,SHORT,DOWNTREND,63351.7,43.21123898931359,-0.4297883704106482,2.7965371881893972,-0.34054108572723507,-1.261751545170572,-0.05780301080446766,-0.004650491953683833,-0.01387422680588779,-0.22356425332528562,-1.0844365081689062,0.4205087933331142,0.7553261344472708,-0.013947956170670829,0.1523178807946685,0.7913907284769457,0.20860927152305436,WIN,63034.9415,22,0.5025,0.4025,0.5868,-0.0374,VALIDATION
89714,B-BTC_USDT,2026-08-14 05:15:00+00:00,SHORT,DOWNTREND,63297.9,36.270987290577935,-6.940251698735658,-2.864175072181851,-1.4485645861400087,-5.660712260371248,-0.0682814141465355,-0.010435810829489967,-0.029946090388799362,-0.22375427158543168,-1.0844365081689062,0.10531763707228904,0.9927053530833974,-0.09885885201020761,0.2775229357797924,0.48394495412842314,0.2775229357797924,WIN,62981.4105,20,0.5025,0.4025,0.6323,-0.1224,VALIDATION
89715,B-BTC_USDT,2026-08-14 05:20:00+00:00,SHORT,DOWNTREND,63262.6,32.1983796181828,-6.2084826071362045,-5.627512405168169,-2.7633373329863176,-5.966511220773356,-0.0743295894906745,-0.014748885579085602,-0.034986439106909906,-0.22387912459158327,-1.0844365081689062,-0.04294944007296819,1.527680774284699,-0.15123089209101126,0.07347447073476017,0.4869240348692046,0.07347447073476017,WIN,62946.287,19,0.5025,0.4025,0.5762,-0.1783,VALIDATION
89798,B-BTC_USDT,2026-08-14 12:15:00+00:00,SHORT,DOWNTREND,62770.5,41.07401874260711,-7.387526076734709,-7.559408786562293,-2.436709377630608,-9.734493083525429,-0.07043764356422895,-0.00979737937832903,-0.027637172191619097,-0.40920299607528354,-55.475860090363255,0.04860895376561622,0.9928146109926909,-0.13144932184749994,0.001377410468299543,0.6487603305785054,0.001377410468299543,TIME_EXIT,63036.1,48,-0.4213,-0.5213,0.4582,-0.4803,VALIDATION
89816,B-BTC_USDT,2026-08-14 13:45:00+00:00,SHORT,DOWNTREND,62638.0,40.73614147997093,-3.661457195276462,-3.6649024842727442,-1.127812117703101,-1.299649332464213,-0.11411802062378237,-0.013443691264558577,-0.03657537740212602,-0.43628935786042916,-55.08962429669111,0.1930837927605424,1.1146503339831633,-0.04623647463437611,0.0,0.46170212765958996,0.0,LOSS,62951.19,22,-0.4975,-0.5975,0.2461,-0.5779,VALIDATION
90507,B-BTC_USDT,2026-08-16 23:20:00+00:00,SHORT,DOWNTREND,62850.1,45.464719824219294,-7.788324280504845,12.65026687301328,-0.3429180285028437,-4.304062433811332,-0.12727590636762146,-0.003262703518536192,-0.016858467043034953,-0.05552317365139952,-17.624596505356067,0.5036098247796292,0.5305418655823344,-0.01937171302773426,0.1324376199616439,0.8541266794625958,0.14587332053740418,LOSS,63164.3505,21,-0.4975,-0.5975,0.2012,-0.5249,VALIDATION
90587,B-BTC_USDT,2026-08-17 06:00:00+00:00,LONG,UPTREND,63490.8,56.588934566357516,1.3214155608037288,-9.6240073828982,1.4887189551306221,6.170973716521999,0.15271646793327442,0.004109982792988021,0.013708739179829621,0.06972979423578539,57.43185997756916,0.555650494307671,1.4106688380627785,0.026900894819072124,0.7070175438595725,0.24561403508771928,0.7543859649122807,TIME_EXIT,63305.8,48,-0.2914,-0.3914,0.3188,-0.3714,VALIDATION
90680,B-BTC_USDT,2026-08-17 13:45:00+00:00,LONG,UPTREND,63691.9,60.800653736703566,-0.6310756898085543,15.920762377459884,4.975028038347814,17.416277829464534,0.05421501049616963,0.01928505366894928,0.05121626270421231,0.19695258509526414,28.951232203763567,0.9488132169539152,1.116440916284774,0.1678654198611239,0.4779470729751703,0.0,1.0,WIN,64010.3595,20,0.5,0.4,0.6042,-0.205,VALIDATION
90726,B-BTC_USDT,2026-08-17 17:35:00+00:00,LONG,UPTREND,64187.0,57.63515845731243,-7.974709166816112,-3.344960802041328,2.0264588287926415,-2.715202317038049,0.2237977963655022,0.01615775713201817,0.03548497094376657,0.34650365489645796,69.38266279093713,0.7984754381750152,1.217583896575327,0.049789527505290414,0.36775178026451394,0.1988809766022321,0.8011190233977679,WIN,64507.935,9,0.5,0.4,0.6447,-0.0259,VALIDATION
90731,B-BTC_USDT,2026-08-17 18:00:00+00:00,LONG,UPTREND,64308.4,63.35979524889547,2.074970117898971,8.955408036633173,1.2060282615464502,6.598712876424784,0.2440944522785538,0.024266341642587008,0.07315063256894128,0.39759881811677394,80.5395540892209,0.8923720522088081,1.2772960143499255,0.031471576787447754,0.5506117908787452,0.2803114571746016,0.7196885428253984,TIME_EXIT,64339.4,48,0.0482,-0.0518,0.4547,-0.1199,VALIDATION
90767,B-BTC_USDT,2026-08-17 21:00:00+00:00,LONG,UPTREND,64377.3,56.46087180989702,6.320616919944612,2.542408821273435,1.5752948155244635,4.063926279743336,0.11230568578309409,0.007061973845234881,0.016893848547572254,0.5184137749023985,72.83010197188236,0.816982570173625,0.9652573908444676,0.03492356633710964,0.42005420054198883,0.1300813008128847,0.8699186991871153,TIME_EXIT,64306.7,48,-0.1097,-0.2097,0.2767,-0.2012,VALIDATION
91007,B-BTC_USDT,2026-08-18 17:00:00+00:00,LONG,UPTREND,64780.2,57.411392579199564,-0.8939407070349858,-10.148774530617779,0.6391677999916183,7.445237254743347,0.1958211864389004,0.0060325005070138715,0.02556664902615413,0.5537917203055606,31.871965958306845,0.5482560502183255,0.6491839687082773,-0.04010804985958756,0.5802047781569389,0.0017064846417373862,0.5802047781569389,TIME_EXIT,64572.7,48,-0.3203,-0.4203,0.0364,-0.3879,VALIDATION
91009,B-BTC_USDT,2026-08-18 17:10:00+00:00,LONG,UPTREND,64771.6,55.98527323423699,-4.561330994853613,-10.888439345863397,0.4531624485731527,-0.10049701525399968,0.18412144816194057,0.004029976052399853,0.011769449544529742,0.5538652495806538,31.871965958306845,0.5255303004582226,0.24173838956277538,-0.0629200779233826,0.4090909090908281,0.0,1.0,TIME_EXIT,64596.2,48,-0.2708,-0.3708,0.0497,-0.3747,VALIDATION
91313,B-BTC_USDT,2026-08-19 18:30:00+00:00,LONG,UPTREND,68260.4,58.26054570635935,-0.9036355080182048,-29.04934021908224,6.288962263080492,23.943230994347545,0.7871944590740556,0.01438945702487704,0.04259139959841285,1.1872476091636526,448.8286446597749,0.6886082886365157,0.24347550400530907,0.20019738266313764,0.8251968503938383,0.0,1.0,WIN,68601.702,19,0.5,0.4,0.5486,-0.2783,VALIDATION
91317,B-BTC_USDT,2026-08-19 18:50:00+00:00,LONG,UPTREND,68377.7,61.82132099465074,3.52481898303607,-3.0659145993238326,1.9347491223553988,21.582192697083528,0.7234812758017006,0.022281733296924955,0.08376865602970351,1.1852109196500407,448.8286446597749,0.8615976215344003,0.364142273682047,0.1960945141195923,0.633470225872698,0.051334702258729964,0.633470225872698,WIN,68719.5885,18,0.5,0.4,0.5698,-0.4494,VALIDATION
91331,B-BTC_USDT,2026-08-19 20:00:00+00:00,LONG,UPTREND,68485.9,61.40478427891467,5.575934456723708,6.387945832501444,7.671200370272672,18.049009559456834,0.4676907236225796,0.02741870780400557,0.06150361838761498,1.518132883642251,424.4068124791263,0.9418298050870437,1.1594086296810477,0.3659274427702895,0.3656080557707941,0.0007745933385423413,0.9992254066614576,WIN,68828.3295,10,0.5,0.4,1.6136,-0.0594,VALIDATION
91402,B-BTC_USDT,2026-08-20 01:55:00+00:00,LONG,UPTREND,69691.4,58.96694217367811,0.7881728794342848,24.561256217673446,0.7844105717182259,21.43429509212224,0.23552274496225784,0.025407820189959907,0.09800883442594444,2.207719419832932,268.3256821490752,0.7808885824509392,0.42869582064737877,0.3504058069305126,0.5644444444443151,0.19111111111124046,0.8088888888887595,LOSS,69342.943,8,-0.5,-0.6,0.1558,-0.5352,VALIDATION
91439,B-BTC_USDT,2026-08-20 05:00:00+00:00,LONG,UPTREND,69487.0,60.58330370370691,5.454193836591166,34.010794633567215,0.03707202138941312,10.199560479134554,0.026975347096869398,0.02263598166312164,0.07616367489964304,2.4173094096834666,44.807830584049725,0.8653078257670257,0.7119519878857713,0.7429004196654184,0.40860215053763443,0.44086021505376344,0.5591397849462365,WIN,69834.435,21,0.5,0.4,0.6259,-0.2255,VALIDATION
91513,B-BTC_USDT,2026-08-20 11:10:00+00:00,LONG,UPTREND,71963.9,57.529050928339856,-1.62875258367189,-54.47870470087386,3.3503024625646844,15.281821999107223,0.7215810816647721,0.014664931280461424,0.05547812079662595,2.81131074273702,150.553163402265,0.5473354020146843,0.3353996672850642,0.09922444692297716,0.8183556405353661,0.0,1.0,LOSS,71604.0805,11,-0.5,-0.6,0.4672,-0.6919,VALIDATION
91537,B-BTC_USDT,2026-08-20 13:10:00+00:00,LONG,UPTREND,72035.9,57.53441358179467,3.4804796352771987,18.782166326562773,8.980441805215694,32.56065831326471,0.2742193832167552,0.024320902907404296,0.06171099581377959,2.9671987824833055,124.48162183671616,0.7289996702786928,0.5966572984033321,0.38477329660429715,0.5415129151292151,0.008302583025910136,0.9916974169740899,LOSS,71675.7205,4,-0.5,-0.6,0.0,-0.8256,VALIDATION
91562,B-BTC_USDT,2026-08-20 15:15:00+00:00,LONG,UPTREND,72208.9,62.484714703401686,-4.040400714909488,81.94388624312873,1.546170888970238,24.368999505527178,0.14499762758027251,0.05357706175035393,0.1691232073873561,3.012184913234437,37.44427462317299,0.9383837574770116,1.3068444441656433,0.03165431548061055,0.7775692163303264,0.21116846550914486,0.7775692163303264,WIN,72569.9445,3,0.5,0.4,0.8877,-0.3756,VALIDATION
91797,B-BTC_USDT,2026-08-21 10:50:00+00:00,LONG,UPTREND,77814.2,52.50720242665195,2.0181896406163062,-80.06108753220414,6.489947137467084,15.604765297806267,0.7099353117767241,0.0014763391262606618,0.0021786248038058176,3.793304865873643,316.2393719869674,0.4206490410992898,0.22241294505496143,-0.5349584420967087,0.4590294351630742,0.28321400159114274,0.7167859984088573,LOSS,77425.129,4,-0.5,-0.6,0.091,-0.6378,VALIDATION
91799,B-BTC_USDT,2026-08-21 11:00:00+00:00,LONG,UPTREND,77810.2,52.408692666008015,0.5551826603450749,-68.20099620673727,6.180082956550535,18.350038462933952,0.6558779816760203,0.000845941351967916,0.0023237524258812314,3.8835503805595124,280.5992680680197,0.3800283751984838,0.8049330606095182,0.10676118696774171,0.9054355919582718,0.06850335070740257,0.9314966492925975,LOSS,77421.149,2,-0.5,-0.6,0.0614,-0.6327,VALIDATION
92439,B-BTC_USDT,2026-08-23 16:20:00+00:00,LONG,UPTREND,77247.8,50.941651424150876,3.2102878228567064,9.072197245613971,2.953391418034254,9.134304782767074,0.028651865957682234,0.003457125419936702,0.005802084598904855,0.6575978032593728,71.36133559622856,0.7071797853518509,0.29795089795931584,0.23156746556744712,0.3524904214558141,0.13793103448279068,0.8620689655172094,TIME_EXIT,77345.5,48,0.1265,0.0265,0.2848,-0.2236,VALIDATION
92450,B-BTC_USDT,2026-08-23 17:15:00+00:00,LONG,UPTREND,77343.9,53.39453641904192,8.688210239545555,3.027293651349771,2.2870228257416922,-3.859497162342734,0.056360637818165714,0.007559953751612447,0.008081596119668966,0.6615654543525761,81.16120103502084,0.7156975108606672,1.1074188434901293,0.09427851698664096,0.5477088948787375,0.0005390835579828613,0.9994609164420172,WIN,77730.6195,48,0.5,0.4,0.7979,-0.3475,VALIDATION
92463,B-BTC_USDT,2026-08-23 18:20:00+00:00,LONG,UPTREND,77286.4,52.811478774314345,6.206558213286094,5.207038315773694,2.9499420134806478,17.6096869242682,0.0135902353216362,0.004930568132199831,0.019993838585774526,0.6470246419855716,68.52024383485474,0.5952353984687189,0.9247376014593089,0.06728540408450445,0.6697612732094715,0.31299734748014707,0.6697612732094715,WIN,77672.832,33,0.5,0.4,0.5054,-0.1541,VALIDATION
92532,B-BTC_USDT,2026-08-24 00:05:00+00:00,LONG,UPTREND,77672.5,54.07655223306828,2.379276181132667,11.956426717371526,4.196040998176246,15.45610387132361,0.050803925335565714,0.010671306002585368,0.03004378709108302,0.6709424590505338,77.77400110532012,0.7764267098783341,1.1184537075786627,-0.04396341176022817,0.546944858420217,0.06259314456038569,0.9374068554396143,LOSS,77284.1375,4,-0.5,-0.6,0.0467,-0.5526,VALIDATION
92882,B-BTC_USDT,2026-08-25 05:15:00+00:00,LONG,UPTREND,80538.3,56.27709064969956,3.0187655087874035,9.793437098812168,7.199696404854686,34.21859771228277,0.23804785710236945,0.01572128247311344,0.04926057975711551,1.211224590248511,131.97220684245497,0.8096577196671285,1.2312019127407752,0.12464563173858771,0.5031496062991667,0.3425196850393701,0.65748031496063,LOSS,80135.6085,30,-0.5,-0.6,0.464,-1.0831,VALIDATION
93191,B-BTC_USDT,2026-08-26 07:00:00+00:00,LONG,UPTREND,78991.1,53.92200593443277,8.074853641566008,0.7410125834304004,8.009527127156149,15.096475949317247,0.0068853920398560566,0.008890515901249785,0.0047209485529498,0.2863297153090525,1.0389390337421105,0.5938868094938683,1.0781305898374038,-0.037388963352531106,0.4881571346042586,0.036972848064667614,0.9630271519353324,LOSS,78596.1445,23,-0.5,-0.6,0.1225,-0.5327,VALIDATION
93200,B-BTC_USDT,2026-08-26 07:45:00+00:00,LONG,UPTREND,78959.4,52.19098695161028,0.7375015959776405,6.5864216263800355,0.14973882636873892,3.273690556298309,0.01201440005581553,0.0033244967169165918,0.012137940300283034,0.2864446687151739,1.0389390337421105,0.7502792276540483,0.3842882338617863,0.015877767913904488,0.7544642857142219,0.23214285714278754,0.7544642857142219,LOSS,78564.603,18,-0.5,-0.6,0.1627,-0.7237,VALIDATION
93303,B-BTC_USDT,2026-08-26 16:20:00+00:00,SHORT,DOWNTREND,77996.4,47.627766192956734,-4.01458653233135,21.420854809521146,-4.636976347829183,-11.8626530877644,-0.1541958821890652,-0.0036895541010495414,-0.004059542399037497,-0.05151690666856145,-88.61710180335797,0.6034258247175985,0.42395827443272677,-0.0030641500977309647,0.10900832702493221,0.797123391370161,0.10900832702493221,LOSS,78386.382,13,-0.4975,-0.5975,0.2362,-0.628,VALIDATION
93444,B-BTC_USDT,2026-08-27 04:05:00+00:00,LONG,UPTREND,78855.0,56.110061520685456,4.672527833860741,8.252778549468516,1.250713607276115,-1.4842829256493282,0.03244539613631826,0.007660829001276959,0.013891235715468575,0.017380930713067892,70.12223087186646,0.7820323581612523,0.43643438724733313,0.006959459641539772,0.6129032258065054,0.07075962539024452,0.9292403746097555,WIN,79249.275,47,0.5,0.4,0.8095,-0.3659,VALIDATION
93594,B-BTC_USDT,2026-08-27 16:35:00+00:00,LONG,UPTREND,80361.3,55.304592141212325,-4.191825339864728,-37.6400619628439,0.9294843274883249,-6.010238155848157,0.3297109469617249,0.009170313508177763,0.023516561752590093,0.4251704959223358,119.03384173340265,0.44155184195925556,0.351486535731279,-0.22832519949511437,0.4749631811487889,0.07437407952866079,0.9256259204713392,WIN,80763.1065,8,0.5,0.4,0.602,-0.2007,VALIDATION
93688,B-BTC_USDT,2026-08-28 00:25:00+00:00,LONG,UPTREND,80380.0,62.46511940985601,13.562470611227042,10.645810081430941,6.53356823351799,27.113703707222875,0.06715162662467715,0.018517171068066496,0.052703294483680274,0.610727702482698,12.532832348259547,0.9848133107992031,2.112122236879652,0.2014344275386828,0.4283476898981859,0.3719655442443311,0.6280344557556689,WIN,80781.9,7,0.5,0.4,0.5082,-0.0917,VALIDATION
93899,B-BTC_USDT,2026-08-28 18:00:00+00:00,SHORT,DOWNTREND,77850.5,44.131981321163565,-2.427377410065553,53.140027196816675,-3.3492634071228053,-4.08802576261877,-0.4961287485348767,-0.011078392176511187,-0.02899099383734116,-0.11091365746503942,-234.1737365613866,0.5598649248207257,0.3738212720006842,0.6986872422664551,0.2857142857142857,0.41028571428564775,0.2857142857142857,WIN,77461.2475,7,0.5025,0.4025,0.709,-0.0519,VALIDATION
93931,B-BTC_USDT,2026-08-28 20:40:00+00:00,SHORT,DOWNTREND,77374.1,41.381610446571294,-3.531730581479543,-2.540086685639963,-0.011937264450324392,-11.753463538538028,-0.3089329747235319,-0.015666326646468498,-0.06120050641953423,-0.32686774170601574,-254.3738508093464,0.19310629678539523,0.22818134159961703,-0.031069865076533046,0.0,0.9351620947629565,0.06483790523704347,LOSS,77760.9705,39,-0.4975,-0.5975,0.2115,-0.5816,VALIDATION
93935,B-BTC_USDT,2026-08-28 21:00:00+00:00,SHORT,DOWNTREND,77320.5,39.55050623554105,-3.430825076018955,-0.5641151132450943,-1.8860126437318456,-0.5337630397067699,-0.29392361143775075,-0.017212630296425946,-0.04358902468643011,-0.42439558721850645,-248.44796079248908,0.16589851256236726,0.7235088973801408,-0.10107723663303951,0.0011185682327271925,0.3668903803131958,0.0011185682327271925,LOSS,77707.1025,20,-0.4975,-0.5975,0.1421,-0.5167,VALIDATION
94015,B-BTC_USDT,2026-08-29 03:40:00+00:00,SHORT,DOWNTREND,77591.7,42.530610059958335,-6.288401222588561,-3.678961402755469,-0.8649112559313039,-6.223279491375457,-0.02612004872276557,-0.006949323611304958,-0.022554454425405268,-0.6615323829400025,-37.67952904942598,0.2881933397530449,1.025791782829908,0.017546836276401318,0.00927357032444043,0.7928902627512399,0.20710973724876017,TIME_EXIT,77623.9,48,-0.0415,-0.1415,0.3086,-0.129,VALIDATION
94025,B-BTC_USDT,2026-08-29 04:30:00+00:00,SHORT,DOWNTREND,77559.9,43.91104421694936,-1.0492148510705093,3.679181177620343,-0.09519900312810847,5.244132538084251,-0.04964751392169955,-0.003913433559799007,-0.005909923098068592,-0.6924452658945452,-27.80492271970104,0.3405205434270079,0.5693275704814442,0.0486118720936742,0.11666666666652807,0.3619047619046926,0.11666666666652807,TIME_EXIT,77518.1,48,0.0539,-0.0461,0.2675,-0.1701,VALIDATION
94455,B-BTC_USDT,2026-08-30 16:20:00+00:00,LONG,UPTREND,79086.5,65.75549166195684,13.516894989062031,30.794497011676114,4.2059901626100356,28.194794562869745,0.18245631357135905,0.031574728773065,0.10227636037796195,0.018409403015529232,85.31622769570417,1.0238102127049824,1.1810015632817812,0.12788741729295156,0.8322813345356876,0.006311992786268046,0.993688007213732,LOSS,78691.0675,41,-0.5,-0.6,0.3767,-0.5165,VALIDATION
94984,B-BTC_USDT,2026-09-01 12:25:00+00:00,SHORT,DOWNTREND,77955.4,45.841661217683544,-2.4305822892885303,-8.52950919678714,-0.9672201972057799,-12.916649647963633,-0.09533556603035787,-0.005939005278110532,-0.026219011922212765,-0.002520819516371865,-98.15246640776851,0.31381633697094424,0.8362190812382057,-0.13633104710054023,0.0,0.6939820742638617,0.3060179257361383,WIN,77565.623,8,0.5025,0.4025,0.7618,-0.1138,VALIDATION
95028,B-BTC_USDT,2026-09-01 16:05:00+00:00,SHORT,DOWNTREND,77762.0,39.50487433058069,-9.953157238244785,-14.786806746938435,-7.322227279241037,-10.79766488525824,-0.058944804663677526,-0.023799881143538038,-0.046452119188078456,-0.09379214631759218,-69.31414805625974,0.23643711698489425,0.8011931645645689,-0.19946438804906547,0.0,0.3644911504425203,0.0,WIN,77373.19,6,0.5025,0.4025,0.6702,-0.0637,VALIDATION
95106,B-BTC_USDT,2026-09-01 22:35:00+00:00,SHORT,DOWNTREND,77081.8,43.506582195075346,-1.6260836498446807,-10.902450028857935,-0.28933674775360174,-15.08249351947737,-0.09658174557574116,-0.01162558026078786,-0.0493786800280116,-0.3760224835198523,-94.1691860292068,0.3053682160783637,0.6335039573609825,-0.041367487229906914,0.0,0.7162790697674418,0.2837209302325581,LOSS,77467.209,12,-0.4975,-0.5975,0.0376,-0.6052,VALIDATION
95615,B-BTC_USDT,2026-09-03 17:00:00+00:00,LONG,UPTREND,80955.9,61.57101428834052,-0.5903252809888571,-63.952047247134146,5.129567610460072,17.27984339577756,0.8286489030722018,0.026930365217969765,0.08414482798324574,0.6908161757449929,389.4585889106749,0.6084720667556677,0.27921326772250193,0.0027021614357710896,0.8006198347107197,0.0072314049587977325,0.9927685950412023,WIN,81360.6795,24,0.5,0.4,0.5757,-0.1385,VALIDATION
95616,B-BTC_USDT,2026-09-03 17:05:00+00:00,LONG,UPTREND,80967.4,61.855296447130776,0.7852857999611516,-59.48450022297925,4.4675470241548965,14.86353142488349,0.811125731531945,0.025715351188138058,0.08001434853537326,0.6907180574156273,389.4585889106749,0.6093315605279986,0.3540856228804303,0.01690781012668196,0.7054840893703395,0.21665538253216404,0.7833446174678359,WIN,81372.237,23,0.5,0.4,0.5615,-0.1527,VALIDATION
96137,B-BTC_USDT,2026-09-05 12:30:00+00:00,LONG,UPTREND,79638.5,55.484777019339305,3.2334281740305357,4.996334810951147,0.4246694497908745,0.5561863351058749,0.00464648160960359,0.0034912537133502397,0.008929183483519232,0.10350721319783818,15.531032799891364,0.850280952385139,1.6266980724866589,0.0739196283473282,0.5906735751294429,0.1489637305699538,0.8510362694300462,TIME_EXIT,79951.9,48,0.3935,0.2935,0.4112,-0.1739,VALIDATION
96177,B-BTC_USDT,2026-09-05 15:50:00+00:00,LONG,UPTREND,79719.9,56.61949240456596,2.5455957103380342,2.8819883377347892,0.6699608401526724,2.9752864926040807,0.028032738839023835,0.004585124269573804,0.013464243502969708,0.08664434084194342,24.94582615220503,0.8347024735766884,0.7678719237679931,0.030186643675917404,0.785714285714492,0.00396825396848541,0.9960317460315146,WIN,80118.4995,13,0.5,0.4,0.5608,-0.0099,VALIDATION
96313,B-BTC_USDT,2026-09-06 03:10:00+00:00,LONG,UPTREND,79897.0,52.249098701829546,3.85472386229614,-3.994318756670932,2.3566284552915624,5.9799087216861615,0.021069886340540238,0.00146511527530091,0.00045305179507959537,0.12783657164124157,19.257136479685304,0.4731070250436964,0.6845800241587707,-0.03418859026962272,0.5659955257271713,0.0,1.0,TIME_EXIT,79634.9,48,-0.328,-0.428,0.2356,-0.4674,VALIDATION
96344,B-BTC_USDT,2026-09-06 05:45:00+00:00,LONG,UPTREND,79970.3,57.390058364129324,3.853563734644837,19.804264664964382,0.7593910019146044,21.543797989169885,0.007896535587073058,0.009698752021636281,0.047818040754887825,0.13238792797833665,15.826191268355686,0.8122846180109503,0.8643075623584218,-0.04903478219923139,0.6113074204947396,0.12014134275613711,0.6113074204947396,LOSS,79570.4485,17,-0.5,-0.6,0.0,-0.5586,VALIDATION
96426,B-BTC_USDT,2026-09-06 12:35:00+00:00,LONG,UPTREND,79952.4,55.55803654641363,-2.0822353487584238,4.880360091058622,0.6494184781738817,4.836910928081772,0.027042173519415735,0.004396130507955398,0.014008318559421973,0.11609131851459228,3.1619749834044164,0.7923131115875113,0.7335061413179537,0.0747565405714677,0.714851485148342,0.0,0.714851485148342,LOSS,79552.638,21,-0.5,-0.6,0.0113,-0.5033,VALIDATION
96537,B-BTC_USDT,2026-09-06 21:50:00+00:00,LONG,UPTREND,79900.0,54.13952479380801,6.363494489947335,-5.534980579155018,0.6899838747465914,1.9845280393789686,0.05263638559842727,0.0020471338518568416,0.004874331545146049,0.05950502145337742,2.7641068028748648,0.5177421696444433,0.760890790945446,-0.017146621381983168,0.7058823529411492,0.06677265500790903,0.7058823529411492,WIN,80299.5,14,0.5,0.4,0.5418,-0.3755,VALIDATION
96547,B-BTC_USDT,2026-09-06 22:40:00+00:00,LONG,UPTREND,79923.8,57.02640068413104,9.638922022575656,10.23157132610756,7.358341761191067,32.712054603424,0.00840951376135466,0.012005958759075952,0.03523781261889347,0.06470856312826193,9.122781458147552,0.6797664667647161,1.3483331597754509,-0.004660472096428945,0.4507845934379914,0.39657631954351785,0.6034236804564821,WIN,80323.419,4,0.5,0.4,0.5119,-0.0259,VALIDATION
96596,B-BTC_USDT,2026-09-07 02:45:00+00:00,LONG,UPTREND,80249.9,62.149766190640975,10.32749999747071,54.42586088942357,2.9867835744389026,35.50985032824829,0.019701633940691934,0.029454287010532987,0.10866140467178376,0.11448889569422192,27.83241701736469,0.9904788684311846,1.1150893007960418,0.0242021478557055,0.6061007957560524,0.0848806366048805,0.9151193633951195,LOSS,79848.6505,2,-0.5,-0.6,0.0,-0.5677,VALIDATION
96671,B-BTC_USDT,2026-09-07 09:00:00+00:00,SHORT,DOWNTREND,79406.9,45.649164792959795,0.907694455608933,11.823710119724623,-0.44021182621371224,-4.8765180897414595,-0.12769372533971796,-0.003147987171103761,-0.014414075889579436,-0.02282578553725422,-60.543012908701115,0.5911300919985403,0.3029299839827914,0.11610694144006209,0.0027624309393875363,0.6712707182321785,0.32872928176782146,TIME_EXIT,79563.0,48,-0.1962,-0.2962,0.2233,-0.2482,VALIDATION
96704,B-BTC_USDT,2026-09-07 11:45:00+00:00,SHORT,DOWNTREND,79368.4,48.45492398186981,-6.699404924727716,5.713034719064755,-2.017737869787126,-6.026777226817229,-0.05098278517176849,-0.0009364546788237504,-0.0005302096262260747,-0.07727446162978775,-67.16533375960387,0.49305174076571934,1.4820237178171505,0.04273046404779028,0.10115606936414483,0.6531791907515034,0.10115606936414483,WIN,78971.558,33,0.5025,0.4025,0.5129,-0.3092,VALIDATION
96854,B-BTC_USDT,2026-09-08 00:15:00+00:00,SHORT,DOWNTREND,79020.0,47.39943734897634,0.2966114795438699,5.468648236656254,-2.201995765296548,-9.691441677949172,-0.044010331858216685,-0.002622434707511001,-0.008918791972245543,-0.26594335204871117,-6.960553631434209,0.5355746870277994,0.9139677660237451,-0.024060901313692564,0.24308152580404419,0.7337322363499881,0.24308152580404419,LOSS,79415.1,13,-0.4975,-0.5975,0.1039,-0.531,VALIDATION
96856,B-BTC_USDT,2026-09-08 00:25:00+00:00,SHORT,DOWNTREND,78970.8,43.19765094529696,-4.466636678528005,-0.6817919417166429,-3.822938348088103,-8.352435943669445,-0.047521555748757514,-0.007930787020515861,-0.014443568922761774,-0.26610903876988906,-6.960553631434209,0.32056578246346396,1.1128569416179905,-0.029885026987509535,0.0,0.5464684014870806,0.0,LOSS,79365.654,11,-0.4975,-0.5975,0.025,-0.5936,VALIDATION
97359,B-BTC_USDT,2026-09-09 18:20:00+00:00,SHORT,DOWNTREND,78562.7,41.42296517805878,-3.5322902834559002,-19.93458757883843,-1.6527589792467836,-15.552952835163916,-0.11304596346221928,-0.016098056293623042,-0.05429711146149874,-0.049799165782175844,-42.92694700712019,0.0419388668539119,0.8606908507812349,-0.28943436537392997,0.16809815950934529,0.6343558282208231,0.3656441717791768,WIN,78169.8865,18,0.5025,0.4025,0.577,-0.0672,VALIDATION
97436,B-BTC_USDT,2026-09-10 00:45:00+00:00,SHORT,DOWNTREND,78135.0,45.941571226439606,-7.617404800995253,-12.671232707573637,-5.161506625676161,-18.44304868178154,-0.01034220732533244,-0.007167843308353294,-0.013362438043995617,-0.2650312875894796,-103.47056787677583,0.2195252491880553,0.8208913993547424,-0.1597335650651541,0.24611610793135819,0.7138184791496389,0.28618152085036114,LOSS,78525.675,27,-0.4975,-0.5975,0.286,-0.5233,VALIDATION
97536,B-BTC_USDT,2026-09-10 09:05:00+00:00,SHORT,DOWNTREND,78078.7,46.931892540559176,-3.839299691982532,12.601556039053953,-2.560529267790727,-1.7206308717080177,-0.07572117259401799,-0.0027911842391814545,-0.0011432527416754823,-0.3092726278714327,-5.980050554107407,0.5708372907488851,0.8189616943191375,0.19633444445577405,0.04517271922047415,0.4118689105403224,0.04517271922047415,WIN,77688.3065,23,0.5025,0.4025,0.5503,-0.1498,VALIDATION
97558,B-BTC_USDT,2026-09-10 10:55:00+00:00,SHORT,DOWNTREND,77837.0,37.2301602105096,-8.660706492890732,-5.755331734825766,-3.9596896568716247,-6.912167707624889,-0.10899512283833122,-0.016767539101714135,-0.036519197109896595,-0.3279780182977242,-16.191467106436477,0.11134642185818665,1.4706922065739194,-0.16094921557138245,0.0,0.841567291311793,0.0,WIN,77447.815,19,0.5025,0.4025,0.6947,-0.2464,VALIDATION
97688,B-BTC_USDT,2026-09-10 21:45:00+00:00,SHORT,DOWNTREND,77116.1,41.56160732678344,-7.805385619154187,-14.896642451475978,-1.513861197611865,-6.987310682918286,-0.0019358889705579183,-0.009525630888251868,-0.02641312782659666,-0.6570200942801528,-23.613345633666427,0.00016481212592009599,1.1694436739275982,-0.1443784346528961,0.2202111613877101,0.7285067873303287,0.2202111613877101,WIN,76730.5195,15,0.5025,0.4025,0.5858,-0.0861,VALIDATION
97734,B-BTC_USDT,2026-09-11 01:35:00+00:00,SHORT,DOWNTREND,76745.8,44.54357786327346,-6.402253033390039,-3.8559855708171473,-4.707733669084989,-24.11872969901211,-0.07641733774284072,-0.008309285498542263,-0.02717789932437098,-0.7540197164352707,-32.41770697522708,0.31736245025203885,1.5340763422020458,-0.06985727111326212,0.009269988412464368,0.8406720741598992,0.15932792584010075,LOSS,77129.529,34,-0.4975,-0.5975,0.1053,-0.5474,VALIDATION
98068,B-BTC_USDT,2026-09-12 05:25:00+00:00,SHORT,DOWNTREND,77157.4,40.59477239505452,-4.781808870387245,-4.471155505430813,-1.0320305914265493,1.7787029365235814,-0.02538294158884739,-0.006318476618760727,-0.011106436508467876,-0.277382813061386,-23.650475963897847,0.10763753381088365,1.6587321837149125,-0.020143069569280796,0.0,0.43813387423914796,0.0,TIME_EXIT,77337.0,48,-0.2322,-0.3322,0.0067,-0.2496,VALIDATION
98074,B-BTC_USDT,2026-09-12 05:55:00+00:00,SHORT,DOWNTREND,77177.7,44.35707790471741,-4.1678491157129045,1.2247962947180788,-0.974762725415415,0.5472098353579256,-0.023127532119476893,-0.0029481706769751703,-0.0036767801562476166,-0.2773098532413195,-23.650475963897847,0.3024474505337293,3.20541147327009,0.006161485738285748,0.017429193899842228,0.5359477124183255,0.017429193899842228,TIME_EXIT,77320.0,48,-0.184,-0.284,0.004,-0.2233,VALIDATION
98077,B-BTC_USDT,2026-09-12 06:10:00+00:00,SHORT,DOWNTREND,77178.4,44.773682784712086,0.4166048799946793,0.5866792806165719,-0.21796993289835243,-0.6381170141015069,-0.02415703634195337,-0.0021721160967214104,-0.006467486912009601,-0.277463405710711,-21.148409132571018,0.35644556019945184,0.3224789650249393,-0.017660501425463805,0.11715481171502261,0.6150627615063041,0.11715481171502261,TIME_EXIT,77365.6,48,-0.242,-0.342,0.0,-0.2473,VALIDATION
98236,B-BTC_USDT,2026-09-12 19:25:00+00:00,SHORT,DOWNTREND,77093.2,36.547198669216854,-6.533424010595212,3.475548124871466,-1.0775578314203926,-1.5566762998926507,-0.0872316077826939,-0.007322527731934425,-0.018750750304430408,-0.18374907834699303,-6.15289048398866,0.08018728904563667,3.087476671266958,-0.020539096989777277,0.047337278106461746,0.7677514792900039,0.047337278106461746,TIME_EXIT,77220.5,48,-0.1649,-0.2649,0.0884,-0.2367,VALIDATION
98414,B-BTC_USDT,2026-09-13 10:15:00+00:00,SHORT,DOWNTREND,76740.0,41.47849208984209,-1.2727007979354497,20.714502047433285,-1.2690223301994337,2.3186118953146178,-0.17352411027914966,-0.005164205848962045,-0.009646521680284348,-0.20455513130444355,-42.215977273802025,0.49411847874604736,0.19244775387308025,-0.015797608209544685,0.0,0.3942307692309239,0.0,TIME_EXIT,77018.2,48,-0.3612,-0.4612,0.3676,-0.4428,VALIDATION
98593,B-BTC_USDT,2026-09-14 01:10:00+00:00,SHORT,DOWNTREND,76721.1,45.95313874519636,-2.810054075138119,12.04046387945862,-4.110077785644911,-1.6533350565481015,-0.13360920593463263,-0.0062480784707164005,-0.002732551911122094,-0.1611542242582733,-23.98947035420634,0.3817191693628358,1.1103899990310797,-0.048004801066350744,0.0479942693410556,0.4161891117478754,0.0479942693410556,LOSS,77104.7055,9,-0.4975,-0.5975,0.1454,-0.5547,VALIDATION
98663,B-BTC_USDT,2026-09-14 07:00:00+00:00,LONG,UPTREND,77675.0,55.160653541479086,2.1909998731523075,-0.1510402107882527,6.497262005430326,2.9930565437587724,0.0940890775257281,0.011374695890786768,0.006592737330834986,0.023769932991967727,68.66432721181421,0.7302234666588806,0.98560272063474,0.14848535972260404,0.3797533401850284,0.0,1.0,WIN,78063.375,34,0.5,0.4,0.861,-0.1481,VALIDATION
98688,B-BTC_USDT,2026-09-14 09:05:00+00:00,LONG,UPTREND,77771.1,54.699219881684066,8.672736435602204,-6.8748776484636345,6.279411111676172,12.949142777620406,0.08061682610300995,0.008395927992688179,0.009915607772059687,0.09085274940418737,74.85217172143848,0.6285935763452893,0.7368724492118156,-0.043441994013215565,0.37886792452827994,0.199245283018824,0.800754716981176,WIN,78159.9555,9,0.5,0.4,0.7364,-0.2699,VALIDATION
98768,B-BTC_USDT,2026-09-14 15:45:00+00:00,LONG,UPTREND,78512.8,56.04550641723243,0.18930681012057704,-16.735115783885547,2.634022477697684,3.4800511571166197,0.24774598676410542,0.015030806332827495,0.036348226483107204,0.27899897221289566,78.97113514935393,0.6549301913426289,0.8396447705080267,0.11978941928671816,0.8673960612691338,0.10196936542670858,0.8673960612691338,WIN,78905.364,19,0.5,0.4,0.5734,-0.1697,VALIDATION
98824,B-BTC_USDT,2026-09-14 20:25:00+00:00,LONG,UPTREND,79405.6,65.8340975970155,9.172431211932263,28.735217794328136,8.489321416545039,46.186625458134856,0.22763419735765206,0.03702353066206143,0.1167971796927958,0.5589014699137514,122.82933482388705,1.0144999156468992,1.3834780296995055,0.3924035745393079,0.7348586810229297,0.25841184387612837,0.7348586810229297,LOSS,79008.572,7,-0.5,-0.6,0.0725,-0.8591,VALIDATION
99028,B-BTC_USDT,2026-09-15 13:25:00+00:00,SHORT,DOWNTREND,76913.3,47.83900059300624,-2.742370619226783,-2.0703237821282148,-1.7800861718935361,-12.066143706710411,-0.040097317453452776,-0.003511655640020539,-0.014657863703204654,-0.1427435608608506,-139.24219264279924,0.43677159050655534,1.4146679603165755,0.009196264372732053,0.18575553416750715,0.6169393647737715,0.38306063522622846,WIN,76528.7335,2,0.5025,0.4025,1.1152,-0.0,VALIDATION
99114,B-BTC_USDT,2026-09-15 20:35:00+00:00,SHORT,DOWNTREND,75716.7,41.08905588127804,-3.5380161078207024,-12.524923659571328,-1.4073453112793146,-25.518242708869934,-0.2652920468871069,-0.03179325618859474,-0.11545243578438003,-0.5142889547876338,-82.71350714523913,0.08994835486750431,0.6077942989055853,0.6505282488776518,0.06152889993781564,0.6289620882535784,0.3710379117464217,WIN,75338.1165,19,0.5025,0.4025,0.5777,-0.3491,VALIDATION
99152,B-BTC_USDT,2026-09-15 23:45:00+00:00,SHORT,DOWNTREND,75620.0,47.556564151113726,-0.33197130941413633,2.202411050404561,-5.089409495883539,-26.656083347462417,-0.12355981651862602,-0.005685394479904016,-0.024430737107261624,-0.7025105757952558,-103.57852129665747,0.5137672241566006,0.3956379182821176,0.12842112197257535,0.12935323383078273,0.5721393034826285,0.12935323383078273,LOSS,75998.1,33,-0.4975,-0.5975,0.2845,-0.55,VALIDATION
99167,B-BTC_USDT,2026-09-16 01:00:00+00:00,SHORT,DOWNTREND,75681.3,48.014422586390786,-6.529244339394758,-4.233007614332422,-5.967529775311313,-18.258888740404917,-0.030802952162444247,-0.005784393070251692,-0.008714561061395898,-0.7731583492457991,-66.46502370994006,0.42215493855173075,1.439492852174975,-0.06752720498639607,0.17188358045031252,0.5387149917627825,0.17188358045031252,LOSS,76059.7065,19,-0.4975,-0.5975,0.3658,-0.5485,VALIDATION
99176,B-BTC_USDT,2026-09-16 01:45:00+00:00,SHORT,DOWNTREND,75555.9,42.94985794701952,-2.6265076120433477,-26.011838616945965,-4.905291860334529,-22.792989767167892,-0.0422405551616563,-0.019886505823052403,-0.060278012443926166,-0.7744415588561064,-66.46502370994006,0.048118714465281376,1.0771972615536247,-0.20568175626927282,0.09487534626036193,0.4168975069252632,0.09487534626036193,LOSS,75933.6795,9,-0.4975,-0.5975,0.1995,-0.6353,VALIDATION
99646,B-BTC_USDT,2026-09-17 16:55:00+00:00,LONG,UPTREND,76732.7,55.18566976505505,2.0164866608505747,0.10738943834412851,5.912912374893558,0.859519118063659,0.05024084611664017,0.012660582263768205,0.009107606074776342,0.0018963637245724497,35.293734443462256,0.7101390234993831,0.9174083733904606,0.04040001062558142,0.45779601406796755,0.0,1.0,TIME_EXIT,76530.1,48,-0.264,-0.364,0.2755,-0.4026,VALIDATION
99652,B-BTC_USDT,2026-09-17 17:25:00+00:00,LONG,UPTREND,76898.0,60.54742250751195,4.597785422248997,19.36528171232618,1.3831635399536566,2.657521159214994,0.10613868445543857,0.022043145508798823,0.05891245893137054,0.026450827794853343,34.799089477258576,0.93040386018093,1.3166416639467047,0.27605647044984954,0.6621118012422722,0.022360248447241122,0.9776397515527588,LOSS,76513.51,14,-0.5,-0.6,0.0599,-0.6055,VALIDATION
99653,B-BTC_USDT,2026-09-17 17:30:00+00:00,LONG,UPTREND,76927.6,61.81816829868087,4.549912412789233,20.65405241952144,1.2887707071952619,4.447231649806518,0.11579281231875976,0.02361303523699121,0.06655378745914486,0.026440650114765474,34.799089477258576,0.9372839576041809,1.5136661318484679,0.2521433750722762,0.731289449954874,0.0009017132551061687,0.9990982867448939,LOSS,76542.962,13,-0.5,-0.6,0.0214,-0.6437,VALIDATION
99796,B-BTC_USDT,2026-09-18 05:25:00+00:00,LONG,UPTREND,77567.9,65.05201706569883,2.425465785336783,1.5831374450836648,3.3859164921620675,1.7877475101480371,0.2966524338799874,0.025711086105517644,0.06333872875929902,0.2038131643670458,85.10658182457291,0.9346640593205322,1.431600445378601,0.0967862893499399,0.4117321527393214,0.09850581073604425,0.9014941892639557,WIN,77955.7395,31,0.5,0.4,0.5094,-0.2624,VALIDATION
99798,B-BTC_USDT,2026-09-18 05:35:00+00:00,LONG,UPTREND,77609.8,65.77134795584627,4.6204949211346715,7.147509452843266,0.38858256053570983,8.950288499921669,0.30622486730084353,0.025428717584574656,0.08241896746807864,0.20370312966025644,85.10658182457291,0.8890881435086252,1.231376589164195,0.14587708516809145,0.6375502008032221,0.24698795180721791,0.6375502008032221,WIN,77997.849,33,0.5,0.4,0.5472,-0.3162,VALIDATION
99853,B-BTC_USDT,2026-09-18 10:10:00+00:00,LONG,UPTREND,78158.6,57.419842788032156,-1.1700084413214498,-20.08517036063367,3.345394532400533,5.8247938740427685,0.2559207251510035,0.010597168099102383,0.025621118217933336,0.49357547077444697,144.76349020771744,0.558825676592611,0.8780536089613248,0.25851729222626435,0.5617673579801443,0.01983769161403892,0.9801623083859611,WIN,78549.393,41,0.5,0.4,1.0009,-0.3008,VALIDATION
99922,B-BTC_USDT,2026-09-18 15:55:00+00:00,LONG,UPTREND,80688.7,61.05729352044546,1.7956830437177516,-107.83547308130863,1.614721754153038,-7.956942611627085,0.920265470378914,0.01891169154246697,0.05485895003392027,0.947879013658638,301.97181510437895,0.3769140221553847,0.48635085068533235,-0.13137904617000037,0.6110044785668473,0.2853486884197376,0.7146513115802624,WIN,81092.1435,7,0.5,0.4,0.6863,-0.071,VALIDATION
99928,B-BTC_USDT,2026-09-18 16:25:00+00:00,LONG,UPTREND,81018.7,68.65960745530029,2.020631558890912,-47.93099713119676,9.440433530422695,28.383351758044114,0.8321234768580269,0.040075521485505305,0.11278526057481031,1.095474541545641,334.8670308064211,0.8719730885497189,1.0983678768129312,0.2860339245047535,0.7144226161954641,0.00047915668426364233,0.9995208433157363,LOSS,80613.6065,11,-0.5,-0.6,0.2762,-0.5112,VALIDATION
99982,B-BTC_USDT,2026-09-18 20:55:00+00:00,LONG,UPTREND,81085.7,52.24045399068579,-1.9944203851357614,-11.382012014676533,3.401271712745931,8.09865804668916,0.1847437740949513,0.003719288818126998,0.005556996005151582,1.5526888317334513,268.28050231938096,0.48559681821333267,0.34922886795902913,-0.16279043853811198,0.4044943820224719,0.0022471910113667586,0.9977528089886333,WIN,81491.1285,48,0.5,0.4,0.6885,-0.3491,VALIDATION
99992,B-BTC_USDT,2026-09-18 21:45:00+00:00,LONG,UPTREND,81195.2,54.9593940889005,2.912222189719863,4.107053482411601,0.06378728512903109,4.1001923637969355,0.16654091747108082,0.00869392247655476,0.03048731565689078,1.6246123584834726,223.42677926943975,0.7690077161047628,0.6823157780439033,0.07613076150821271,0.8160919540229885,0.05287356321845771,0.9471264367815423,WIN,81601.176,38,0.5,0.4,0.5527,-0.4835,VALIDATION
100046,B-BTC_USDT,2026-09-19 02:15:00+00:00,LONG,UPTREND,81319.8,55.51235736073079,3.462778610625861,3.5211861629631755,0.6424135737147552,10.7755171534888,0.09197216319263492,0.009975155880237452,0.037876457970509314,1.8282351749895644,26.364399942993487,0.5677392564831911,0.18480917161534544,-0.3007291477272858,0.5559701492537252,0.0,0.5559701492537252,LOSS,80913.201,28,-0.5,-0.6,0.1146,-0.5301,VALIDATION
100610,B-BTC_USDT,2026-09-21 01:15:00+00:00,LONG,UPTREND,81796.1,68.48587312603694,8.533535296990578,5.353935583972174,2.3892148724814604,9.946577138098718,0.25037536904741875,0.030085455369932568,0.08928485016661547,0.46232015181232494,75.35617877262827,0.7878061521378531,0.5098156651936717,0.13143795967939506,0.7912727272726426,0.0,1.0,LOSS,81387.1195,3,-0.5,-0.6,0.3714,-0.6933,VALIDATION
100725,B-BTC_USDT,2026-09-21 10:50:00+00:00,LONG,UPTREND,84246.8,57.9314118132827,2.618685099499565,-141.1651280941291,6.711777879052363,3.64484951595756,0.8904896832939937,0.006073111787463503,0.010872781027981837,0.8299461261869898,311.5201502376449,0.31163423144491303,0.2498749079451076,-0.7887564013555056,0.5349329569512822,0.08680310515174242,0.9131968948482576,WIN,84668.034,7,0.5,0.4,0.5092,-0.0145,VALIDATION
100766,B-BTC_USDT,2026-09-21 14:15:00+00:00,LONG,UPTREND,85374.9,60.43290172024943,3.351178340861317,-9.543766983677955,5.78591791169552,-1.6173587476741318,0.4657468865426024,0.02342198297309306,0.043266966781563276,1.4026712617308021,415.29577506413693,0.7927760529342781,1.1357547576012006,0.09842192527917226,0.36688051323174337,0.21210906174822325,0.7878909382517767,WIN,85801.7745,3,0.5,0.4,0.6853,-0.0877,VALIDATION
100818,B-BTC_USDT,2026-09-21 18:35:00+00:00,LONG,UPTREND,85910.7,53.06989184039505,0.7706814454538957,0.03738195543827061,0.42654149409977293,-7.705531631803375,0.16074388374102427,0.004928192783593133,0.005583730352776151,1.8305475437641352,282.8293883449146,0.6361675572818304,1.6608068483569332,0.12649447714983525,0.6578818936065992,0.08687164470475069,0.9131283552952493,WIN,86340.2535,9,0.5,0.4,0.6109,-0.0814,VALIDATION
100820,B-BTC_USDT,2026-09-21 18:45:00+00:00,LONG,UPTREND,85949.1,54.933929700302876,4.471702423737348,1.4149968827686834,2.832143201860397,1.8041564214301857,0.15441111116246214,0.008535676247878321,0.015372261356838557,1.829729698950396,282.8293883449146,0.7707198350310818,0.7523875200973446,0.17640322735736755,0.43397968605723675,0.0,1.0,WIN,86378.8455,7,0.5,0.4,0.5659,-0.0408,VALIDATION
101478,B-BTC_USDT,2026-09-24 01:35:00+00:00,SHORT,DOWNTREND,84247.4,45.50673819201645,-0.8383707104196603,2.885826453521645,-0.6504355688554355,3.7193661717356648,-0.05205189792664753,-0.006219128283857511,-0.015609440253894213,-0.1844096994353304,-53.221017588804784,0.3078560457409774,1.9703316261781771,-0.04242840444047104,0.03192019950121785,0.5042394014962884,0.03192019950121785,WIN,83826.163,6,0.5025,0.4025,0.6167,-0.0,VALIDATION
101482,B-BTC_USDT,2026-09-24 01:55:00+00:00,SHORT,DOWNTREND,84070.7,37.52179406358398,-0.49019713420776867,-16.310217537144986,-2.1029565426326897,-9.740468734078824,-0.08930261482962583,-0.019777951184096754,-0.05892909725724316,-0.18479729218631527,-53.221017588804784,0.020039151461283575,1.0363695166811384,-0.2913462130610981,0.1286727456939966,0.43870314083084283,0.1286727456939966,TIME_EXIT,83937.8,48,0.1583,0.0583,0.4333,-0.4532,VALIDATION
101601,B-BTC_USDT,2026-09-24 11:50:00+00:00,SHORT,DOWNTREND,83397.8,45.939915940721946,-2.5696639196918625,6.515193528370748,-4.419299405604438,-18.02237753597366,-0.13978916824937787,-0.004365346518120372,-0.012059229858119025,-0.5188228647890732,-29.802232836869393,0.4616886254506623,0.5618365650532868,0.14045850290268597,0.43222748815171397,0.5516587677724842,0.44834123222751576,LOSS,83814.789,17,-0.4975,-0.5975,0.1162,-0.5604,VALIDATION
101933,B-BTC_USDT,2026-09-25 15:30:00+00:00,SHORT,DOWNTREND,83704.1,44.96053807152358,-0.7648457834574103,25.179001797385865,-8.089220539576345,-19.826025577750613,-0.2349764481807516,-0.014495287036686566,-0.029048591384706057,-0.14847292271910897,-16.894684708836778,0.4851653314563745,0.48490685208821455,0.018287991839281488,0.06628242074927954,0.7815561959654515,0.06628242074927954,TIME_EXIT,83964.7,48,-0.3104,-0.4104,0.4567,-0.4613,VALIDATION
102361,B-BTC_USDT,2026-09-27 03:10:00+00:00,LONG,UPTREND,84449.8,57.26813556418915,4.5487164723475075,-6.21136119418869,0.6790421497533075,1.8358647336216407,0.07690262624685186,0.0033847330011216314,0.010059618297897366,0.012440492713153183,47.71343823219938,0.5612472010551466,0.45565580520321647,-0.05152773140249765,0.43209876543178827,0.018518518518684864,0.9814814814813151,TIME_EXIT,84490.1,48,0.0477,-0.0523,0.2252,-0.2257,VALIDATION
102702,B-BTC_USDT,2026-09-28 07:35:00+00:00,SHORT,DOWNTREND,82887.0,38.358093022978544,-0.7629419859390012,-13.972262752074428,-4.420606042678777,-13.874132704355368,-0.19160325845251847,-0.021919633312172948,-0.05963871549904409,-0.2537721136431384,-160.98749730250003,0.0005946721160893209,1.3477735226987995,-0.2348279593318005,0.059413027916986993,0.41803865425909376,0.059413027916986993,TIME_EXIT,83038.0,48,-0.1818,-0.2818,0.4063,-0.2811,VALIDATION
102706,B-BTC_USDT,2026-09-28 07:55:00+00:00,SHORT,DOWNTREND,82914.4,41.75677345827267,2.1235790034888,-3.8850226381188406,-0.6143373223201962,10.42865995993671,-0.18855026118575796,-0.01361176527362451,-0.028336910068538224,-0.2536882517818233,-160.98749730250003,0.19263919705237467,1.7055369213590654,-0.027701624267715035,0.0814383923849482,0.4040190375463055,0.0814383923849482,TIME_EXIT,83054.5,48,-0.1687,-0.2687,0.4395,-0.248,VALIDATION
102935,B-BTC_USDT,2026-09-29 03:00:00+00:00,SHORT,DOWNTREND,82882.2,41.39505656939833,-5.041487013299047,12.287543293086259,-4.319714548444011,-7.684427905940069,-0.17521807983021848,-0.012525110800765127,-0.02786134320365008,-0.36317267015836263,-13.63362034442585,0.3104876926594765,1.5612821661562624,-0.05045280145700664,0.12231620039038052,0.5289525048796145,0.12231620039038052,LOSS,83296.611,27,-0.4975,-0.5975,0.0619,-0.5136,VALIDATION
103111,B-BTC_USDT,2026-09-29 17:40:00+00:00,SHORT,DOWNTREND,83088.8,44.00126920569109,-3.130779376887098,32.70980663429066,-3.791926009828572,-7.376975456998423,-0.27614441916992505,-0.00490339117691363,-0.008582002747659079,-0.08676521970245984,-55.818977463184844,0.5193039769891378,0.24480336029692137,-0.10563359644299615,0.0,0.8374384236454002,0.0,LOSS,83504.244,10,-0.4975,-0.5975,0.1868,-0.5551,VALIDATION
103625,B-BTC_USDT,2026-10-01 12:30:00+00:00,LONG,UPTREND,83929.3,56.07130850239167,-0.16700105410118482,-6.214640683523648,1.322776154287574,-6.857051177561949,0.07630991487376576,0.006856424191603594,0.009070683912271171,0.05068849813600167,3.4384009640318887,0.7162188540346813,1.5050716894070522,0.03741153869590866,0.533952823445368,0.0,1.0,LOSS,83509.6535,7,-0.5,-0.6,0.1195,-0.519,VALIDATION
103671,B-BTC_USDT,2026-10-01 16:20:00+00:00,LONG,UPTREND,84294.0,58.325858406958396,3.9870011009342434,23.648755018302623,0.522366328675659,14.550268246622096,0.147927799018808,0.02505845588811617,0.08451427475928419,0.08424662424650432,28.93700609095516,0.8600167470149682,0.6911103936798524,0.27015093962229286,0.7468694096600879,0.05187835420396028,0.7468694096600879,WIN,84715.47,11,0.5,0.4,0.517,-0.3197,VALIDATION
103681,B-BTC_USDT,2026-10-01 17:10:00+00:00,LONG,UPTREND,84400.9,58.02420887477577,6.74948699324684,4.516156797644186,4.102315239579767,18.97826701221169,0.17471308893086016,0.022133286295034083,0.06808784617609032,0.10301122600293489,38.023691112476904,0.8024303216855121,1.2423382368793003,0.079229533326582,0.5615962984383721,0.22903412377100726,0.7709658762289927,WIN,84822.9045,3,0.5,0.4,0.5782,0.0001,VALIDATION
103743,B-BTC_USDT,2026-10-01 22:20:00+00:00,LONG,UPTREND,84693.1,56.80232161232198,2.8573134570584884,24.197223890611344,1.02477041181319,10.655738836182177,0.018518559298662356,0.010042630304130107,0.03376624926418881,0.2792010425064257,71.24949838898394,0.8862836739622596,0.6366286597873885,0.2335027303132261,0.5726315789473071,0.32421052631566694,0.6757894736843331,TIME_EXIT,84832.7,48,0.1648,0.0648,0.4581,-0.2605,VALIDATION
103760,B-BTC_USDT,2026-10-01 23:45:00+00:00,LONG,UPTREND,84800.0,60.74291022161352,2.0029404208427906,13.460033491650954,0.2876114240233072,4.318279688021754,0.060204521614805176,0.011958255190047673,0.03740807382079936,0.3030220844180323,67.59119473047846,0.933686691734797,1.0093318763488903,0.14410476868393957,0.9087947882735122,0.0,1.0,WIN,85224.0,39,0.5,0.4,0.8123,-0.3862,VALIDATION
104251,B-BTC_USDT,2026-10-03 16:40:00+00:00,LONG,UPTREND,84812.0,53.87344442600119,6.432856406067891,-1.3168303665352523,1.563455364195316,4.378011844949706,0.026593332580991082,0.001965449614260706,0.0032256275072084506,0.015321225957181018,48.93047688701782,0.6367971629876543,0.6595635553622728,0.056185160334161606,0.7849829351535056,0.09215017064835568,0.9078498293516443,TIME_EXIT,84812.0,48,0.0,-0.1,0.2157,-0.1903,VALIDATION
104366,B-BTC_USDT,2026-10-04 02:15:00+00:00,LONG,UPTREND,84790.6,56.5539479073763,-4.687728194940661,5.751690819963953,0.14663615731414126,-0.03171664468614921,0.007587919639272166,0.0036922077767176376,0.009523043918502339,0.012711873629834829,9.597600556575792,0.7921303998298208,0.6781796456304254,0.0035441505328753058,0.7307692307692307,0.11538461538461539,0.8846153846153846,TIME_EXIT,84889.9,48,0.1171,0.0171,0.1172,-0.0599,VALIDATION
104454,B-BTC_USDT,2026-10-04 09:35:00+00:00,LONG,UPTREND,85194.5,65.32140326738177,-0.24161499533683184,9.660221270806026,0.1526830428928676,5.787459206834271,0.10070790594306388,0.012493428407900353,0.04245186691533842,0.0644654286080941,40.70555835302339,0.9310693389088559,0.8430473446381125,0.11588103726280453,0.6481876332623256,0.04477611940310085,0.9552238805968991,TIME_EXIT,85213.5,48,0.0223,-0.0777,0.2298,-0.1758,VALIDATION
104571,B-BTC_USDT,2026-10-04 19:20:00+00:00,LONG,UPTREND,85364.1,60.06339849749433,2.9153339017692446,5.5749949682672035,0.9478977428619864,2.4320707917826265,0.033686019175053275,0.005671733056877848,0.014557807023329872,0.18607348721832848,22.833743262181798,0.979544153993154,1.0224269975270828,0.08712942332046494,0.40517241379327645,0.0,1.0,WIN,85790.9205,17,0.5,0.4,0.5689,-0.0112,VALIDATION
104584,B-BTC_USDT,2026-10-04 20:25:00+00:00,LONG,UPTREND,85430.2,58.02855744439317,2.552549383208131,0.5692540313934948,0.34274120908514405,4.147836174619346,0.055497108055331326,0.005259421546566223,0.01886517887690342,0.19775322888531352,23.871173700845077,0.7065142754722533,0.781849740453888,-0.07070364248627084,0.6505190311421002,0.2422145328720211,0.7577854671279789,WIN,85857.351,7,0.5,0.4,0.5072,-0.0352,VALIDATION
105040,B-BTC_USDT,2026-10-06 10:25:00+00:00,LONG,UPTREND,86092.9,63.02657417449424,-3.4398944898153445,2.4401342136451234,1.9634578841094168,2.6272077608151108,0.18253118737417046,0.019007247572710995,0.0508875626961558,0.10515397007864978,20.71289500550104,0.8949652136947622,0.7299169960298579,0.33305220863525825,0.623353819139628,0.0,1.0,TIME_EXIT,85982.3,48,-0.1285,-0.2285,0.4264,-0.2138,VALIDATION
