PAIR,TIME,SIDE,REGIME,SETUP,RSI_5M,MACD_HIST_5M,EMA20,EMA50,EMA20_1H,EMA50_1H,LOWER_WICK_RATIO,UPPER_WICK_RATIO,CLOSE_POSITION,OUTCOME,ENTRY_PRICE,EXIT_PRICE,TP_PRICE,SL_PRICE,EXIT_BARS,TP_HIT_BAR,SL_HIT_BAR,RAW_RETURN_%,NET_RETURN_%,MFE_%,MAE_%
B-BTC_USDT,2025-10-07T06:00:00+00:00,SHORT,DOWNTREND,UPPER_WICK_SWEEP,48.55,-8.54857337,124380.54189628,124423.8741243,124785.63826636,124897.68707996,0.2887,0.5941,0.4059,WIN,124357.4,123362.5408,123362.5408,124979.187,27,27.0,,0.8065,0.7065,0.8085,-0.0425
B-BTC_USDT,2025-10-07T17:25:00+00:00,SHORT,DOWNTREND,UPPER_WICK_SWEEP,38.42,27.04988657,121598.34581929,122232.43815222,123794.44225198,124378.75028848,0.4028,0.3821,0.4028,LOSS,121246.4,121852.632,120276.4288,121852.632,29,,29.0,-0.4975,-0.5975,0.6061,-0.6215
B-BTC_USDT,2025-10-09T04:10:00+00:00,SHORT,DOWNTREND,UPPER_WICK_SWEEP,41.06,36.53644919,121948.13525921,122231.70328261,122611.18893934,122917.42423321,0.0007,0.726,0.0007,TIME_EXIT,121850.1,121675.0,120875.2992,122459.3505,48,,,0.1439,0.0439,0.1871,-0.3044
B-BTC_USDT,2025-10-09T06:15:00+00:00,SHORT,DOWNTREND,UPPER_WICK_SWEEP,44.63,-3.3560854,121951.81114409,122068.00256037,122512.87348549,122852.24359244,0.1414,0.7898,0.1414,TIME_EXIT,121888.0,121662.3,120912.896,122497.44,48,,,0.1855,0.0855,0.6661,-0.206
B-BTC_USDT,2025-10-09T07:15:00+00:00,SHORT,DOWNTREND,UPPER_WICK_SWEEP,46.73,-3.45221212,121959.88757196,122030.91178557,122454.54267735,122814.91639274,0.2883,0.648,0.352,TIME_EXIT,121923.3,122455.0,120947.9136,122532.9165,48,,,-0.4342,-0.5342,0.6952,-0.4447
B-BTC_USDT,2025-10-09T16:35:00+00:00,SHORT,DOWNTREND,UPPER_WICK_SWEEP,43.96,65.18379628,121234.40681164,121641.72266063,122156.69906109,122559.00915246,0.0,0.8919,0.1081,WIN,121128.7,120159.6704,120159.6704,121734.3435,4,4.0,,0.8065,0.7065,1.2621,-0.0243
B-BTC_USDT,2025-10-10T18:40:00+00:00,SHORT,DOWNTREND,UPPER_WICK_SWEEP,32.55,47.8869659,117801.51718002,118666.0168665,120522.94954285,121355.44683293,0.2231,0.6799,0.3201,WIN,117411.2,116471.9104,116471.9104,117998.256,8,8.0,,0.8065,0.7065,1.352,-0.16
B-BTC_USDT,2025-10-11T03:35:00+00:00,SHORT,DOWNTREND,UPPER_WICK_SWEEP,43.17,-80.25123519,112225.63434715,112477.69191355,116308.91677851,119024.7496635,0.1818,0.4444,0.1818,LOSS,111850.0,112409.25,110955.2,112409.25,7,,7.0,-0.4975,-0.5975,0.0895,-0.5663
B-BTC_USDT,2025-10-11T06:45:00+00:00,SHORT,DOWNTREND,UPPER_WICK_SWEEP,43.6,-30.96219349,112251.05502294,112308.07761185,115321.96976393,118287.15157037,0.0109,0.6059,0.0109,WIN,111985.6,111089.7152,111089.7152,112545.528,4,4.0,,0.8065,0.7065,0.9842,-0.0707
B-BTC_USDT,2025-10-13T08:25:00+00:00,LONG,UPTREND,LOWER_WICK_SWEEP,53.18,-29.52156931,115197.10571428,115072.27969935,114259.51820189,113971.37854914,0.6795,0.106,0.894,LOSS,115217.6,114641.512,116139.3408,114641.512,31,,31.0,-0.5,-0.6,0.1377,-0.7222
B-BTC_USDT,2025-10-13T21:10:00+00:00,LONG,UPTREND,LOWER_WICK_SWEEP,56.68,-25.33300427,115492.99950271,115241.29565125,114760.73192501,114342.61567272,0.7932,0.1205,0.7932,LOSS,115570.8,114992.946,116495.3664,114992.946,31,,31.0,-0.5,-0.6,0.1786,-0.5544
B-BTC_USDT,2025-10-13T22:10:00+00:00,LONG,UPTREND,LOWER_WICK_SWEEP,57.83,-4.3196184,115592.68285825,115389.39563482,114845.51936073,114393.92486203,0.4035,0.3075,0.6925,LOSS,115684.5,115106.0775,116609.976,115106.0775,18,,18.0,-0.5,-0.6,0.0307,-0.5917
B-BTC_USDT,2025-10-14T09:25:00+00:00,SHORT,DOWNTREND,UPPER_WICK_SWEEP,44.31,12.4762276,111794.50826939,112117.77977009,113618.77006208,113984.4779757,0.1367,0.6441,0.3559,WIN,111703.1,110809.4752,110809.4752,112261.6155,9,9.0,,0.8065,0.7065,0.8203,-0.1211
B-BTC_USDT,2025-10-14T09:30:00+00:00,SHORT,DOWNTREND,UPPER_WICK_SWEEP,41.04,4.52545725,111776.20271992,112097.56487715,113618.77006208,113984.4779757,0.0,0.5731,0.0,WIN,111602.3,110709.4816,110709.4816,112160.3115,9,9.0,,0.8065,0.7065,1.1275,-0.0875
B-BTC_USDT,2025-10-14T13:30:00+00:00,SHORT,DOWNTREND,UPPER_WICK_SWEEP,39.18,-38.99264659,110785.43763348,111057.59886298,112734.49793893,113534.92458113,0.0792,0.3521,0.0792,LOSS,110458.1,111010.3905,109574.4352,111010.3905,3,,3.0,-0.4975,-0.5975,0.5975,-0.7744
B-BTC_USDT,2025-10-15T13:10:00+00:00,SHORT,DOWNTREND,UPPER_WICK_SWEEP,34.36,-5.26181948,111704.33638804,112002.13116381,112406.66783904,112852.96380345,0.117,0.8689,0.117,LOSS,111422.4,111979.512,110531.0208,111979.512,11,,11.0,-0.4975,-0.5975,0.6835,-0.5794
B-BTC_USDT,2025-10-15T13:25:00+00:00,SHORT,DOWNTREND,UPPER_WICK_SWEEP,34.31,2.68768901,111636.35746523,111939.05370099,112406.66783904,112852.96380345,0.1279,0.4677,0.1279,LOSS,111379.5,111936.3975,110488.464,111936.3975,2,,2.0,-0.4975,-0.5975,0.2516,-0.5225
B-BTC_USDT,2025-10-16T17:30:00+00:00,SHORT,DOWNTREND,UPPER_WICK_SWEEP,46.85,130.46154589,108680.33129365,109363.43501058,110705.8316406,111447.23547107,0.1819,0.4434,0.1819,WIN,108627.8,107758.7776,107758.7776,109170.939,7,7.0,,0.8065,0.7065,0.899,-0.1311
B-BTC_USDT,2025-10-16T18:10:00+00:00,SHORT,DOWNTREND,UPPER_WICK_SWEEP,36.82,-18.93620931,108379.76948831,109037.63597578,110469.13338912,111320.69682514,0.2137,0.6085,0.3915,LOSS,107849.9,108389.1495,106987.1008,108389.1495,6,,6.0,-0.4975,-0.5975,0.2087,-0.681
B-BTC_USDT,2025-10-16T18:15:00+00:00,SHORT,DOWNTREND,UPPER_WICK_SWEEP,35.6,-27.00202915,108320.84858466,108987.57574144,110469.13338912,111320.69682514,0.3029,0.4993,0.3029,LOSS,107761.1,108299.9055,106899.0112,108299.9055,4,,4.0,-0.4975,-0.5975,0.1251,-0.5255
B-BTC_USDT,2025-10-16T19:35:00+00:00,SHORT,DOWNTREND,UPPER_WICK_SWEEP,40.08,-20.92116165,108100.53357846,108558.29638726,110291.12068539,111214.002832,0.2437,0.6976,0.3024,LOSS,107751.8,108290.559,106889.7856,108290.559,3,,3.0,-0.4975,-0.5975,0.03,-0.6944
B-BTC_USDT,2025-10-16T23:45:00+00:00,SHORT,DOWNTREND,UPPER_WICK_SWEEP,48.84,5.81592902,108020.61250023,108088.88172344,109537.43582685,110740.48148874,0.0503,0.8053,0.1947,LOSS,107992.2,108532.161,107128.2624,108532.161,10,,10.0,-0.4975,-0.5975,0.0988,-0.5777
B-BTC_USDT,2025-10-17T14:15:00+00:00,SHORT,DOWNTREND,UPPER_WICK_SWEEP,47.13,-26.8928553,105448.48218649,105482.651393,107039.71584066,108902.70859153,0.3082,0.5035,0.3082,LOSS,105291.1,105817.5555,104448.7712,105817.5555,12,,12.0,-0.4975,-0.5975,0.7672,-0.7171
B-BTC_USDT,2025-10-19T16:35:00+00:00,LONG,UPTREND,LOWER_WICK_SWEEP,56.61,-29.10744013,108300.69009578,108096.00557057,107411.03109858,107377.0138729,0.4118,0.0006,0.9994,WIN,108369.5,109236.456,109236.456,107827.6525,8,8.0,,0.8,0.7,0.9508,-0.0153
B-BTC_USDT,2025-10-19T18:50:00+00:00,LONG,UPTREND,LOWER_WICK_SWEEP,66.14,-3.64605754,109084.72553598,108746.15093697,107664.98645485,107486.72783884,0.4438,0.1522,0.8478,LOSS,109332.0,108785.34,110206.656,108785.34,9,,9.0,-0.5,-0.6,0.0458,-0.5662
B-BTC_USDT,2025-10-20T08:40:00+00:00,LONG,UPTREND,LOWER_WICK_SWEEP,56.41,-8.35713196,111145.04973257,110790.59952581,109243.99768389,108370.9850644,0.8865,0.0411,0.9589,LOSS,111256.3,110700.0185,112146.3504,110700.0185,7,,7.0,-0.5,-0.6,0.0839,-0.545
B-BTC_USDT,2025-10-20T10:05:00+00:00,LONG,UPTREND,LOWER_WICK_SWEEP,49.26,2.51665873,110909.41536071,110829.42384783,109557.72871629,108571.22427514,0.5846,0.3931,0.6069,TIME_EXIT,110910.0,111023.9,111797.28,110355.45,48,,,0.1027,0.0027,0.31,-0.349
B-BTC_USDT,2025-10-20T15:00:00+00:00,LONG,UPTREND,LOWER_WICK_SWEEP,60.03,27.82887112,111018.70995358,110920.58460932,110110.98896155,109002.5388961,0.4773,0.0516,0.9484,LOSS,111230.0,110673.85,112119.84,110673.85,12,,12.0,-0.5,-0.6,0.3767,-0.6563
B-BTC_USDT,2025-10-20T15:40:00+00:00,LONG,UPTREND,LOWER_WICK_SWEEP,57.93,8.28270832,111144.66299423,111008.9984204,110110.98896155,109002.5388961,0.8029,0.0604,0.9396,LOSS,111316.0,110759.42,112206.528,110759.42,4,,4.0,-0.5,-0.6,0.2991,-0.733
B-BTC_USDT,2025-10-21T19:10:00+00:00,LONG,UPTREND,LOWER_WICK_SWEEP,51.12,34.13111369,112030.41183087,111879.72068047,110251.47718968,109658.15074178,0.5284,0.0,1.0,LOSS,112110.4,111549.848,113007.2832,111549.848,4,,4.0,-0.5,-0.6,0.033,-0.5429
B-BTC_USDT,2025-10-22T05:30:00+00:00,SHORT,DOWNTREND,UPPER_WICK_SWEEP,33.35,-60.51844664,108250.91051581,108360.67365375,109384.65683552,109455.09919898,0.1468,0.4339,0.1468,TIME_EXIT,107925.2,108143.3,107061.7984,108464.826,48,,,-0.2017,-0.3017,0.3413,-0.3601
B-BTC_USDT,2025-10-22T12:00:00+00:00,SHORT,DOWNTREND,UPPER_WICK_SWEEP,40.75,-24.07529891,107688.7311626,107840.1977794,108632.01023568,109079.33891551,0.0247,0.6315,0.0247,LOSS,107422.5,107959.6125,106563.12,107959.6125,3,,3.0,-0.4975,-0.5975,0.0308,-0.5927
B-BTC_USDT,2025-10-23T17:25:00+00:00,LONG,UPTREND,LOWER_WICK_SWEEP,57.14,1.32775445,109920.68743697,109711.96985109,109126.40254904,108920.45712164,0.5486,0.0081,0.9919,WIN,110148.4,111029.5872,111029.5872,109597.658,4,4.0,,0.8,0.7,0.9538,-0.0925
B-BTC_USDT,2025-10-24T05:50:00+00:00,LONG,UPTREND,LOWER_WICK_SWEEP,59.87,-6.04822613,111001.78255582,110740.41547414,109994.01771277,109457.38334609,0.592,0.1404,0.592,TIME_EXIT,111195.5,111266.9,112085.064,110639.5225,48,,,0.0642,-0.0358,0.2728,-0.492
B-BTC_USDT,2025-10-24T07:00:00+00:00,LONG,UPTREND,LOWER_WICK_SWEEP,64.19,1.60101687,111243.22628863,110980.04910823,110232.49159707,109599.47628372,0.6652,0.1074,0.8926,LOSS,111438.2,110881.009,112329.7056,110881.009,8,,8.0,-0.5,-0.6,0.0544,-0.5341
B-BTC_USDT,2025-10-25T05:40:00+00:00,LONG,UPTREND,LOWER_WICK_SWEEP,59.25,-2.50938669,111154.88536563,111078.24262358,110783.50857165,110314.89040591,0.7794,0.198,0.7794,TIME_EXIT,111229.1,111676.6,112118.9328,110672.9545,48,,,0.4023,0.3023,0.5037,-0.0262
B-BTC_USDT,2025-10-25T05:55:00+00:00,LONG,UPTREND,LOWER_WICK_SWEEP,66.95,9.82629125,111190.46560014,111102.26113352,110783.50857165,110314.89040591,0.398,0.0191,0.9809,TIME_EXIT,111334.7,111471.0,112225.3776,110778.0265,48,,,0.1224,0.0224,0.4084,-0.121
B-BTC_USDT,2025-10-25T06:05:00+00:00,LONG,UPTREND,LOWER_WICK_SWEEP,68.41,14.68162034,111220.0727475,111121.58515247,110836.0029934,110354.88293901,0.9175,0.0,1.0,TIME_EXIT,111357.0,111404.0,112247.856,110800.215,48,,,0.0422,-0.0578,0.3883,-0.141
B-BTC_USDT,2025-10-25T07:10:00+00:00,LONG,UPTREND,LOWER_WICK_SWEEP,62.24,4.29430986,111308.13959658,111207.35430719,110881.02175594,110392.28752964,0.7876,0.0039,0.9961,TIME_EXIT,111399.9,111485.4,112291.0992,110842.9005,48,,,0.0768,-0.0232,0.3496,-0.0645
B-BTC_USDT,2025-10-25T07:25:00+00:00,LONG,UPTREND,LOWER_WICK_SWEEP,69.21,24.82809766,111378.90479354,111249.42562579,110881.02175594,110392.28752964,0.607,0.0,0.607,TIME_EXIT,111588.0,111589.9,112480.704,111030.06,48,,,0.0017,-0.0983,0.1805,-0.233
B-BTC_USDT,2025-10-25T07:35:00+00:00,LONG,UPTREND,LOWER_WICK_SWEEP,68.7,22.6065146,111416.39689448,111275.19620435,110881.02175594,110392.28752964,0.5078,0.2218,0.7782,TIME_EXIT,111617.5,111573.9,112510.44,111059.4125,48,,,-0.0391,-0.1391,0.154,-0.2594
B-BTC_USDT,2025-10-26T10:55:00+00:00,LONG,UPTREND,LOWER_WICK_SWEEP,61.43,-10.60652937,112271.12789725,112031.03911113,111580.23757587,111178.78737953,0.8292,0.0564,0.9436,WIN,112425.2,113324.6016,113324.6016,111863.074,9,9.0,,0.8,0.7,0.8276,-0.0502
B-BTC_USDT,2025-10-26T11:05:00+00:00,LONG,UPTREND,LOWER_WICK_SWEEP,62.37,-9.85700443,112302.65208823,112062.85325099,111660.71018769,111227.66630583,0.5272,0.4118,0.5882,WIN,112448.8,113348.3904,113348.3904,111886.556,7,7.0,,0.8,0.7,0.8064,-0.0383
B-BTC_USDT,2025-10-26T13:35:00+00:00,LONG,UPTREND,LOWER_WICK_SWEEP,63.25,-36.18653938,113413.59159968,112991.84123378,111974.4747795,111393.62083825,0.6208,0.0236,0.9764,TIME_EXIT,113596.2,113550.0,114504.9696,113028.219,48,,,-0.0407,-0.1407,0.3555,-0.3213
B-BTC_USDT,2025-10-26T14:15:00+00:00,LONG,UPTREND,LOWER_WICK_SWEEP,65.11,-11.53112828,113578.38629874,113187.92162583,112135.89622907,111482.86707989,0.5409,0.1671,0.8329,LOSS,113814.7,113245.6265,114725.2176,113245.6265,24,,24.0,-0.5,-0.6,0.0293,-0.5127
B-BTC_USDT,2025-10-26T17:15:00+00:00,LONG,UPTREND,LOWER_WICK_SWEEP,55.96,18.58614555,113546.73814378,113452.77021911,112500.15128336,111715.68333357,0.9348,0.0,1.0,TIME_EXIT,113638.7,113322.1,114547.8096,113070.5065,48,,,-0.2786,-0.3786,0.1195,-0.3472
B-BTC_USDT,2025-10-27T00:00:00+00:00,LONG,UPTREND,LOWER_WICK_SWEEP,62.07,-31.16794678,114433.69423542,114120.61153114,113176.57613486,112223.33437448,0.4877,0.0086,0.9914,TIME_EXIT,114702.3,114928.4,115619.9184,114128.7885,48,,,0.1971,0.0971,0.615,-0.0892
B-BTC_USDT,2025-10-27T01:30:00+00:00,LONG,UPTREND,LOWER_WICK_SWEEP,63.7,10.12945978,114825.56691149,114508.51406841,113322.1403125,112320.65459509,0.6398,0.1393,0.6398,TIME_EXIT,115072.1,115484.2,115992.6768,114496.7395,48,,,0.3581,0.2581,0.4289,-0.2631
B-BTC_USDT,2025-10-27T07:00:00+00:00,LONG,UPTREND,LOWER_WICK_SWEEP,69.06,36.22955923,115660.83324151,115388.7211347,114233.24645997,112957.87280427,0.7499,0.1474,0.8526,LOSS,116030.3,115450.1485,116958.5424,115450.1485,14,,14.0,-0.5,-0.6,0.3016,-0.5426
B-BTC_USDT,2025-10-28T11:25:00+00:00,LONG,UPTREND,LOWER_WICK_SWEEP,56.36,-7.11330069,114452.75519431,114341.26088991,114332.07638331,113987.43253978,0.6775,0.0,1.0,WIN,114500.0,115416.0,115416.0,113927.5,29,29.0,,0.8,0.7,0.8035,-0.3661
B-BTC_USDT,2025-10-28T16:40:00+00:00,LONG,UPTREND,LOWER_WICK_SWEEP,54.21,39.13051604,114912.36904108,114880.44295683,114505.36063668,114127.5513105,0.877,0.0006,0.877,LOSS,115033.4,114458.233,115953.6672,114458.233,31,,31.0,-0.5,-0.6,0.453,-0.8958
B-BTC_USDT,2025-10-29T03:10:00+00:00,SHORT,DOWNTREND,UPPER_WICK_SWEEP,44.43,-1.26701965,112497.16841778,112631.84334754,113630.44942646,113853.86786767,0.0495,0.8202,0.0495,LOSS,112397.8,112959.789,111498.6176,112959.789,25,,25.0,-0.4975,-0.5975,0.0751,-0.5447
B-BTC_USDT,2025-10-29T03:35:00+00:00,SHORT,DOWNTREND,UPPER_WICK_SWEEP,47.65,0.29780299,112485.72391473,112602.2414954,113630.44942646,113853.86786767,0.1588,0.3833,0.1588,LOSS,112455.1,113017.3755,111555.4592,113017.3755,21,,21.0,-0.4975,-0.5975,0.0134,-0.5251
B-BTC_USDT,2025-10-29T03:50:00+00:00,SHORT,DOWNTREND,UPPER_WICK_SWEEP,47.65,2.34403604,112483.85080781,112588.32240762,113630.44942646,113853.86786767,0.0013,0.539,0.0013,LOSS,112456.8,113019.084,111557.1456,113019.084,18,,18.0,-0.4975,-0.5975,0.0149,-0.5236
B-BTC_USDT,2025-10-30T18:30:00+00:00,SHORT,DOWNTREND,UPPER_WICK_SWEEP,42.32,13.75925947,107381.23967679,107709.04133698,109446.07537756,110977.60572476,0.0421,0.6325,0.0421,WIN,107198.6,106341.0112,106341.0112,107734.593,14,14.0,,0.8065,0.7065,0.9403,-0.0189
B-BTC_USDT,2025-10-30T19:30:00+00:00,SHORT,DOWNTREND,UPPER_WICK_SWEEP,40.61,2.49112791,107059.88933762,107412.57817915,109193.46819875,110813.53099045,0.147,0.4378,0.147,LOSS,106827.2,107361.336,105972.5824,107361.336,13,,13.0,-0.4975,-0.5975,0.5906,-0.5505
B-BTC_USDT,2025-10-31T22:55:00+00:00,SHORT,DOWNTREND,UPPER_WICK_SWEEP,48.04,-5.03986595,109586.94627083,109587.36557017,109547.95319129,109907.19703683,0.0,0.4954,0.0,TIME_EXIT,109543.0,109750.0,108666.656,110090.715,48,,,-0.1886,-0.2886,0.1751,-0.4651
B-BTC_USDT,2025-11-01T00:15:00+00:00,SHORT,DOWNTREND,UPPER_WICK_SWEEP,41.35,-17.68780979,109518.13301933,109552.69686351,109548.41655795,109879.75343538,0.0244,0.7683,0.0244,LOSS,109412.1,109959.1605,108536.8032,109959.1605,15,,15.0,-0.4975,-0.5975,0.0554,-0.5853
B-BTC_USDT,2025-11-02T06:00:00+00:00,LONG,UPTREND,LOWER_WICK_SWEEP,56.62,-12.5889451,110351.20533942,110217.19134385,110113.8504979,110038.13215072,0.6725,0.2133,0.6725,TIME_EXIT,110438.7,110614.7,111322.2096,109886.5065,48,,,0.1594,0.0594,0.5082,-0.1756
B-BTC_USDT,2025-11-02T08:55:00+00:00,LONG,UPTREND,LOWER_WICK_SWEEP,59.33,-7.3212698,110701.52792559,110542.39378666,110226.15018082,110091.28546478,0.5229,0.0012,0.9988,TIME_EXIT,110805.7,110690.8,111692.1456,110251.6715,48,,,-0.1037,-0.2037,0.3703,-0.4545
B-BTC_USDT,2025-11-02T09:10:00+00:00,LONG,UPTREND,LOWER_WICK_SWEEP,65.28,4.99592686,110752.36521344,110582.3884992,110281.3454017,110119.30172106,0.5259,0.1329,0.8671,LOSS,110930.2,110375.549,111817.6416,110375.549,16,,16.0,-0.5,-0.6,0.0628,-0.5662
B-BTC_USDT,2025-11-03T05:20:00+00:00,SHORT,DOWNTREND,UPPER_WICK_SWEEP,41.4,64.47868218,107934.09826425,108450.44818073,109638.41820566,109935.46864638,0.0,0.8156,0.1844,WIN,107815.5,106952.976,106952.976,108354.5775,17,17.0,,0.8065,0.7065,0.8124,-0.1414
B-BTC_USDT,2025-11-03T06:05:00+00:00,SHORT,DOWNTREND,UPPER_WICK_SWEEP,37.36,11.1754387,107742.62790446,108201.36501853,109440.17837655,109842.19144456,0.0,0.7069,0.0,TIME_EXIT,107544.2,107432.1,106683.8464,108081.921,48,,,0.1043,0.0043,0.5784,-0.3135
B-BTC_USDT,2025-11-03T07:15:00+00:00,SHORT,DOWNTREND,UPPER_WICK_SWEEP,39.93,20.15149006,107465.79323076,107848.08828389,109250.90424545,109748.48981929,0.0905,0.3857,0.0905,LOSS,107328.0,107864.64,106469.376,107864.64,22,,22.0,-0.4975,-0.5975,0.3762,-0.5156
B-BTC_USDT,2025-11-03T07:55:00+00:00,SHORT,DOWNTREND,UPPER_WICK_SWEEP,45.19,23.19234196,107489.32493235,107757.73017384,109250.90424545,109748.48981929,0.0,0.6444,0.0,TIME_EXIT,107420.5,107737.4,106561.136,107957.6025,48,,,-0.2941,-0.3941,0.752,-0.4291
B-BTC_USDT,2025-11-03T09:30:00+00:00,SHORT,DOWNTREND,UPPER_WICK_SWEEP,43.25,-2.33809212,107440.14281833,107580.18149352,108931.05812382,109574.50605771,0.2273,0.4338,0.2273,LOSS,107264.4,107800.722,106406.2848,107800.722,27,,27.0,-0.4975,-0.5975,0.6056,-0.5366
B-BTC_USDT,2025-11-04T07:25:00+00:00,SHORT,DOWNTREND,UPPER_WICK_SWEEP,35.49,52.61839171,104740.28405205,105397.80189109,106634.44730966,107823.07424749,0.142,0.4536,0.142,TIME_EXIT,104328.3,104254.7,103493.6736,104849.9415,48,,,0.0706,-0.0294,0.7516,-0.3592
B-BTC_USDT,2025-11-04T09:05:00+00:00,SHORT,DOWNTREND,UPPER_WICK_SWEEP,38.43,0.20331099,104216.6579997,104727.5796373,106196.45913557,107546.51375172,0.3227,0.4265,0.3227,LOSS,103833.8,104352.969,103003.1296,104352.969,26,,26.0,-0.4975,-0.5975,0.2741,-0.553
B-BTC_USDT,2025-11-04T10:10:00+00:00,SHORT,DOWNTREND,UPPER_WICK_SWEEP,40.35,6.33689441,103900.27134161,104349.56168365,105970.34874171,107400.46615362,0.0854,0.4961,0.0854,LOSS,103650.1,104168.3505,102820.8992,104168.3505,12,,12.0,-0.4975,-0.5975,0.0967,-0.5469
B-BTC_USDT,2025-11-04T13:00:00+00:00,SHORT,DOWNTREND,UPPER_WICK_SWEEP,40.51,-52.75331591,104067.11056287,104161.16196162,105479.59974294,107024.5443284,0.0558,0.6425,0.0558,WIN,103842.9,103012.1568,103012.1568,104362.1145,19,19.0,,0.8065,0.7065,0.9458,-0.3352
B-BTC_USDT,2025-11-04T14:10:00+00:00,SHORT,DOWNTREND,UPPER_WICK_SWEEP,46.47,2.41056652,103928.21428015,104039.90614316,105326.30452933,106900.83670768,0.0,0.7044,0.0,WIN,103848.1,103017.3152,103017.3152,104367.3405,5,5.0,,0.8065,0.7065,0.9508,-0.0794
B-BTC_USDT,2025-11-04T18:35:00+00:00,SHORT,DOWNTREND,UPPER_WICK_SWEEP,30.78,1.93391486,101125.82792618,102102.32150849,104424.08731941,106275.82778349,0.4134,0.5102,0.4134,LOSS,100310.7,100812.2535,99508.2144,100812.2535,1,,1.0,-0.4975,-0.5975,0.0747,-0.9201
B-BTC_USDT,2025-11-06T07:35:00+00:00,SHORT,DOWNTREND,UPPER_WICK_SWEEP,44.03,-7.26154758,103280.28685603,103369.29308766,103321.77435116,103676.72813173,0.0003,0.8908,0.0003,TIME_EXIT,103072.9,103147.3,102248.3168,103588.2645,48,,,-0.0721,-0.1721,0.4497,-0.3232
B-BTC_USDT,2025-11-06T12:50:00+00:00,SHORT,DOWNTREND,UPPER_WICK_SWEEP,33.96,-64.81597563,102830.56902683,102960.88227907,103222.22634498,103566.37333488,0.0574,0.6624,0.0574,LOSS,102457.1,102969.3855,101637.4432,102969.3855,5,,5.0,-0.4975,-0.5975,0.0001,-0.6518
B-BTC_USDT,2025-11-06T19:35:00+00:00,SHORT,DOWNTREND,UPPER_WICK_SWEEP,48.06,-10.96210612,101636.55111338,101711.89612864,102567.32579812,103178.11622871,0.0,0.771,0.0,WIN,101536.2,100723.9104,100723.9104,102043.881,13,13.0,,0.8065,0.7065,0.9407,-0.0624
B-BTC_USDT,2025-11-08T12:40:00+00:00,SHORT,DOWNTREND,UPPER_WICK_SWEEP,39.05,0.69929637,102029.1266642,102196.80049284,102327.87115371,102339.44669663,0.0,0.4283,0.0,TIME_EXIT,101847.2,101704.9,101032.4224,102356.436,48,,,0.1399,0.0399,0.4409,-0.2903
B-BTC_USDT,2025-11-08T13:40:00+00:00,SHORT,DOWNTREND,UPPER_WICK_SWEEP,45.25,25.07538398,101997.62109179,102113.1331021,102297.75961527,102326.593885,0.1572,0.4287,0.1572,TIME_EXIT,101935.9,101843.1,101120.4128,102445.5795,48,,,0.0911,-0.0089,0.5284,-0.1143
B-BTC_USDT,2025-11-08T15:15:00+00:00,SHORT,DOWNTREND,UPPER_WICK_SWEEP,41.27,7.86637578,101816.71759724,101934.68496063,102202.60730411,102284.01250207,0.135,0.3798,0.135,TIME_EXIT,101681.3,101725.4,100867.8496,102189.7065,48,,,-0.0434,-0.1434,0.2424,-0.4931
B-BTC_USDT,2025-11-08T15:30:00+00:00,SHORT,DOWNTREND,UPPER_WICK_SWEEP,36.4,-23.66637627,101738.42863616,101887.1675037,102202.60730411,102284.01250207,0.2286,0.3645,0.2286,LOSS,101504.0,102011.52,100691.968,102011.52,36,,36.0,-0.4975,-0.5975,0.0676,-0.5546
B-BTC_USDT,2025-11-09T03:30:00+00:00,SHORT,DOWNTREND,UPPER_WICK_SWEEP,36.1,-20.43566027,101700.02644822,101844.1516139,102037.46009582,102164.40055781,0.0634,0.6698,0.3302,LOSS,101495.4,102002.877,100683.4368,102002.877,9,,9.0,-0.4975,-0.5975,0.0672,-0.5539
B-BTC_USDT,2025-11-09T05:05:00+00:00,SHORT,DOWNTREND,UPPER_WICK_SWEEP,42.2,-16.07021883,101749.0227789,101797.32461453,101967.10406937,102124.75876175,0.0694,0.6038,0.0694,TIME_EXIT,101637.0,101966.6,100823.904,102145.185,48,,,-0.3232,-0.4232,0.0184,-0.3662
B-BTC_USDT,2025-11-09T17:55:00+00:00,LONG,UPTREND,LOWER_WICK_SWEEP,53.45,-19.11175701,103565.51731774,103338.57847736,102415.48701389,102254.64264971,0.6242,0.003,0.997,WIN,103607.6,104436.4608,104436.4608,103089.562,11,11.0,,0.8,0.7,0.8189,-0.1299
B-BTC_USDT,2025-11-09T21:30:00+00:00,LONG,UPTREND,LOWER_WICK_SWEEP,54.46,-24.07943813,104506.82130623,104252.57524341,103069.55376791,102568.20767467,0.5623,0.0244,0.5623,LOSS,104564.2,104041.379,105400.7136,104041.379,7,,7.0,-0.5,-0.6,0.2324,-0.5401
B-BTC_USDT,2025-11-10T03:30:00+00:00,LONG,UPTREND,LOWER_WICK_SWEEP,55.43,-6.37574914,105874.17303882,105614.65562493,104117.09888038,103157.82326017,0.5288,0.0384,0.9616,TIME_EXIT,105986.6,106270.1,106834.4928,105456.667,48,,,0.2675,0.1675,0.4835,-0.1761
B-BTC_USDT,2025-11-10T03:45:00+00:00,LONG,UPTREND,LOWER_WICK_SWEEP,58.02,10.92536778,105936.60374401,105671.23270852,104117.09888038,103157.82326017,0.7115,0.0006,0.7115,TIME_EXIT,106099.9,106377.0,106948.6992,105569.4005,48,,,0.2612,0.1612,0.3762,-0.2827
B-BTC_USDT,2025-11-10T07:00:00+00:00,LONG,UPTREND,LOWER_WICK_SWEEP,57.67,7.38745182,106140.01566699,106025.70631464,104766.82264586,103590.39431968,0.404,0.0392,0.9608,TIME_EXIT,106263.3,106019.5,107113.4064,105731.9835,48,,,-0.2294,-0.3294,0.2886,-0.4547
B-BTC_USDT,2025-11-11T21:45:00+00:00,SHORT,DOWNTREND,UPPER_WICK_SWEEP,33.03,-29.35712373,102779.81962365,103034.56623428,104281.47517025,104553.69926988,0.0921,0.3982,0.0921,LOSS,102442.6,102954.813,101623.0592,102954.813,7,,7.0,-0.4975,-0.5975,0.0013,-0.5382
B-BTC_USDT,2025-11-12T00:55:00+00:00,SHORT,DOWNTREND,UPPER_WICK_SWEEP,45.25,-24.44274833,102947.49911817,102962.23064477,103913.1841478,104361.41810919,0.2513,0.6197,0.2513,LOSS,102838.4,103352.592,102015.6928,103352.592,16,,16.0,-0.4975,-0.5975,0.2035,-0.5074
B-BTC_USDT,2025-11-12T18:15:00+00:00,SHORT,DOWNTREND,UPPER_WICK_SWEEP,42.35,76.35258448,101764.20466643,102438.98021085,103459.77542825,103901.09783331,0.2932,0.5766,0.2932,WIN,101597.1,100784.3232,100784.3232,102105.0855,14,14.0,,0.8065,0.7065,0.8798,-0.1998
B-BTC_USDT,2025-11-12T18:55:00+00:00,SHORT,DOWNTREND,UPPER_WICK_SWEEP,42.88,26.79843126,101641.44437029,102196.09853686,103459.77542825,103901.09783331,0.001,0.6396,0.3604,TIME_EXIT,101493.6,101922.6,100681.6512,102001.068,48,,,-0.4209,-0.5209,0.7771,-0.4507
B-BTC_USDT,2025-11-13T16:00:00+00:00,SHORT,DOWNTREND,UPPER_WICK_SWEEP,32.88,-109.13174797,101923.1067085,102323.70937483,102626.30436295,103043.7979096,0.1395,0.3879,0.1395,WIN,101145.9,100336.7328,100336.7328,101651.6295,16,16.0,,0.8065,0.7065,0.8876,-0.2399
B-BTC_USDT,2025-11-13T17:05:00+00:00,SHORT,DOWNTREND,UPPER_WICK_SWEEP,31.73,-28.7394166,101123.10539265,101734.29875236,102431.43728076,102947.18622687,0.0003,0.4181,0.0003,WIN,100390.1,99586.9792,99586.9792,100892.0505,10,10.0,,0.8065,0.7065,0.837,-0.3563
B-BTC_USDT,2025-11-14T08:10:00+00:00,SHORT,DOWNTREND,UPPER_WICK_SWEEP,43.48,-3.22705984,97128.6242878,97494.52335058,99317.93919078,100973.11681998,0.2754,0.6194,0.2754,LOSS,96864.5,97348.8225,96089.584,97348.8225,1,,1.0,-0.4975,-0.5975,0.0557,-0.5965
B-BTC_USDT,2025-11-14T10:00:00+00:00,SHORT,DOWNTREND,UPPER_WICK_SWEEP,43.11,-39.12140458,97007.52409942,97230.33850204,98907.89580016,100672.64263159,0.2467,0.4643,0.2467,LOSS,96743.8,97227.519,95969.8496,97227.519,7,,7.0,-0.4975,-0.5975,-0.0001,-0.5286
B-BTC_USDT,2025-11-14T22:20:00+00:00,SHORT,DOWNTREND,UPPER_WICK_SWEEP,47.68,41.50233853,94943.99936111,95203.97944233,96623.5311264,98790.07762784,0.2003,0.6446,0.2003,LOSS,94898.9,95373.3945,94139.7088,95373.3945,2,,2.0,-0.4975,-0.5975,0.0233,-0.5702
B-BTC_USDT,2025-11-16T15:40:00+00:00,SHORT,DOWNTREND,UPPER_WICK_SWEEP,45.27,4.03884883,95427.27075723,95550.91531801,95815.62529724,96395.47792881,0.3083,0.6471,0.3083,WIN,95374.4,94611.4048,94611.4048,95851.272,2,2.0,,0.8065,0.7065,0.9069,-0.0242
B-BTC_USDT,2025-11-16T21:15:00+00:00,SHORT,DOWNTREND,UPPER_WICK_SWEEP,34.32,-65.28310534,94091.33689682,94297.90139033,95066.43575381,95920.96118613,0.1535,0.4303,0.1535,LOSS,93657.5,94125.7875,92908.24,94125.7875,18,,18.0,-0.4975,-0.5975,0.707,-0.5281
B-BTC_USDT,2025-11-17T15:05:00+00:00,SHORT,DOWNTREND,UPPER_WICK_SWEEP,43.89,58.97516805,94629.75547031,94857.35721556,95051.99562149,95456.89336595,0.2085,0.3739,0.2085,WIN,94302.8,93548.3776,93548.3776,94774.314,12,12.0,,0.8065,0.7065,1.1211,-0.3851
B-BTC_USDT,2025-11-17T15:45:00+00:00,SHORT,DOWNTREND,UPPER_WICK_SWEEP,43.87,-26.66260498,94375.32466743,94669.48988846,95051.99562149,95456.89336595,0.2033,0.5197,0.2033,WIN,94087.0,93334.304,93334.304,94557.435,4,4.0,,0.8065,0.7065,0.8897,-0.0923
B-BTC_USDT,2025-11-17T19:00:00+00:00,SHORT,DOWNTREND,UPPER_WICK_SWEEP,34.33,12.05706717,92828.6600688,93381.69861435,94467.40058098,95141.45388524,0.2595,0.3817,0.2595,WIN,92397.3,91658.1216,91658.1216,92859.2865,9,9.0,,0.8065,0.7065,0.9253,-0.1965
B-BTC_USDT,2025-11-17T20:35:00+00:00,SHORT,DOWNTREND,UPPER_WICK_SWEEP,34.48,26.89997128,91902.91150144,92543.66396154,94199.66719231,95004.77726229,0.1034,0.5883,0.1034,LOSS,91500.1,91957.6005,90768.0992,91957.6005,2,,2.0,-0.4975,-0.5975,0.032,-0.5058
B-BTC_USDT,2025-11-17T23:25:00+00:00,SHORT,DOWNTREND,UPPER_WICK_SWEEP,43.27,-34.41295404,92012.97146866,92132.88215631,93633.72217601,94666.18718239,0.2753,0.3606,0.2753,LOSS,91856.8,92316.084,91121.9456,92316.084,8,,8.0,-0.4975,-0.5975,0.1123,-0.521
B-BTC_USDT,2025-11-18T05:50:00+00:00,SHORT,DOWNTREND,UPPER_WICK_SWEEP,47.01,50.16759425,90161.45107441,90536.15203375,92512.36980542,93932.26873134,0.17,0.4085,0.17,WIN,90111.0,89390.112,89390.112,90561.555,12,12.0,,0.8065,0.7065,0.8708,-0.125
B-BTC_USDT,2025-11-19T09:20:00+00:00,SHORT,DOWNTREND,UPPER_WICK_SWEEP,41.23,-75.29496482,91398.29221948,91401.08979087,91914.82813671,92575.10463446,0.1967,0.42,0.1967,LOSS,91134.4,91590.072,90405.3248,91590.072,9,,9.0,-0.4975,-0.5975,0.0127,-0.5658
B-BTC_USDT,2025-11-19T18:35:00+00:00,SHORT,DOWNTREND,UPPER_WICK_SWEEP,37.99,21.66525963,89353.06573903,89903.44495317,91206.91175721,92047.99997859,0.1855,0.7742,0.2258,LOSS,89050.0,89495.25,88337.6,89495.25,24,,24.0,-0.4975,-0.5975,0.5483,-0.5017
B-BTC_USDT,2025-11-20T20:50:00+00:00,SHORT,DOWNTREND,UPPER_WICK_SWEEP,43.93,29.38250032,86638.48650489,87201.35548998,90014.10927549,91033.47569728,0.0004,0.6257,0.0004,LOSS,86456.1,86888.3805,85764.4512,86888.3805,4,,4.0,-0.4975,-0.5975,0.1463,-0.5192
B-BTC_USDT,2025-11-21T01:45:00+00:00,SHORT,DOWNTREND,UPPER_WICK_SWEEP,48.17,4.28676767,87158.73810025,87229.52020563,88877.80640962,90323.66369401,0.0729,0.481,0.0729,WIN,87114.2,86417.2864,86417.2864,87549.771,5,5.0,,0.8065,0.7065,0.8648,-0.1293
B-BTC_USDT,2025-11-21T02:35:00+00:00,SHORT,DOWNTREND,UPPER_WICK_SWEEP,35.06,-58.28156436,86787.21692148,87023.49977569,88700.6248468,90194.00629424,0.1531,0.4039,0.1531,WIN,86323.7,85633.1104,85633.1104,86755.3185,3,3.0,,0.8065,0.7065,0.8454,-0.157
B-BTC_USDT,2025-11-21T03:55:00+00:00,SHORT,DOWNTREND,UPPER_WICK_SWEEP,42.28,59.23588634,85976.90097611,86426.14207805,88385.93676615,90005.86487094,0.0188,0.4868,0.0188,LOSS,85782.5,86211.4125,85096.24,86211.4125,14,,14.0,-0.4975,-0.5975,0.5092,-0.5073
B-BTC_USDT,2025-11-21T04:20:00+00:00,SHORT,DOWNTREND,UPPER_WICK_SWEEP,40.49,34.01365598,85852.405482,86287.8484664,88137.99040747,89840.24271914,0.2643,0.6565,0.3435,LOSS,85647.0,86075.235,84961.824,86075.235,7,,7.0,-0.4975,-0.5975,0.3504,-0.5219
B-BTC_USDT,2025-11-21T08:45:00+00:00,SHORT,DOWNTREND,UPPER_WICK_SWEEP,35.14,0.87098547,84340.38685931,84986.75345294,87216.02098864,89182.85994777,0.0422,0.7027,0.0422,WIN,83700.0,83030.4,83030.4,84118.5,8,8.0,,0.8065,0.7065,0.8193,-0.3092
B-BTC_USDT,2025-11-21T08:55:00+00:00,SHORT,DOWNTREND,UPPER_WICK_SWEEP,33.98,-6.92122801,84212.74661272,84883.01447155,87216.02098864,89182.85994777,0.0,0.7536,0.0,WIN,83609.6,82940.7232,82940.7232,84027.648,7,7.0,,0.8065,0.7065,1.1488,-0.4177
B-BTC_USDT,2025-11-21T12:00:00+00:00,SHORT,DOWNTREND,UPPER_WICK_SWEEP,37.54,-26.38547926,82578.88124534,83116.64109096,85708.06368468,88219.81882134,0.3785,0.3748,0.3785,WIN,82185.1,81527.6192,81527.6192,82596.0255,4,4.0,,0.8065,0.7065,1.7971,-0.1944
B-BTC_USDT,2025-11-23T14:30:00+00:00,LONG,UPTREND,LOWER_WICK_SWEEP,56.75,-6.25073295,86678.77991762,86497.45038544,85791.52806498,85670.61958684,0.381,0.1425,0.8575,TIME_EXIT,86833.3,86992.1,87527.9664,86399.1335,48,,,0.1829,0.0829,0.7355,-0.492
B-BTC_USDT,2025-11-23T15:50:00+00:00,LONG,UPTREND,LOWER_WICK_SWEEP,63.78,32.97362296,86763.27717716,86615.22218567,85860.16348736,85703.6227403,0.3861,0.0007,0.9993,LOSS,87019.9,86584.8005,87716.0592,86584.8005,14,,14.0,-0.5,-0.6,0.5195,-0.6457
B-BTC_USDT,2025-11-23T16:30:00+00:00,LONG,UPTREND,LOWER_WICK_SWEEP,64.02,12.35115728,86953.33915931,86750.78674285,85972.79553618,85756.13949558,0.3683,0.0993,0.9007,LOSS,87231.9,86795.7405,87929.7552,86795.7405,5,,5.0,-0.5,-0.6,0.1779,-0.6867
B-BTC_USDT,2025-11-23T19:40:00+00:00,LONG,UPTREND,LOWER_WICK_SWEEP,65.54,52.11328178,87202.25007139,87003.9868645,86181.14179707,85870.79278042,0.3868,0.2827,0.7173,LOSS,87581.4,87143.493,88282.0512,87143.493,18,,18.0,-0.5,-0.6,0.0816,-0.5497
B-BTC_USDT,2025-11-24T20:25:00+00:00,LONG,UPTREND,LOWER_WICK_SWEEP,64.96,-6.82663853,88500.66756557,88060.71573747,87061.95420345,86621.54419928,0.4371,0.0403,0.9597,LOSS,88840.9,88396.6955,89551.6272,88396.6955,38,,38.0,-0.5,-0.6,0.3787,-0.6292
B-BTC_USDT,2025-11-26T00:15:00+00:00,LONG,UPTREND,LOWER_WICK_SWEEP,56.09,-12.81304749,87413.80823968,87290.07749243,87313.34431203,87186.25668798,0.4077,0.0,1.0,LOSS,87560.0,87122.2,88260.48,87122.2,43,,43.0,-0.5,-0.6,0.7309,-0.6142
B-BTC_USDT,2025-11-26T19:35:00+00:00,LONG,UPTREND,LOWER_WICK_SWEEP,58.72,-105.03958869,89693.88100756,88961.70524361,87723.28211544,87428.91412589,0.7692,0.0,0.7692,WIN,89830.0,90548.64,90548.64,89380.85,31,31.0,,0.8,0.7,0.9188,-0.4133
B-BTC_USDT,2025-11-27T01:00:00+00:00,LONG,UPTREND,LOWER_WICK_SWEEP,63.81,22.5660011,90345.97950872,90175.15762291,88848.86332682,88018.96557208,0.3687,0.0004,0.9996,WIN,90601.9,91326.7152,91326.7152,90148.8905,17,17.0,,0.8,0.7,0.9161,-0.1209
B-BTC_USDT,2025-11-27T01:10:00+00:00,LONG,UPTREND,LOWER_WICK_SWEEP,61.84,38.04889635,90407.0829992,90214.31928204,88848.86332682,88018.96557208,0.5532,0.0088,0.5532,WIN,90630.8,91355.8464,91355.8464,90177.646,15,15.0,,0.8,0.7,0.8839,-0.099
B-BTC_USDT,2025-11-27T05:00:00+00:00,LONG,UPTREND,LOWER_WICK_SWEEP,52.6,-3.40098281,91175.87631913,91020.72637915,89617.80489721,88486.2177735,0.7081,0.12,0.7081,TIME_EXIT,91208.4,91459.0,91938.0672,90752.358,48,,,0.2748,0.1748,0.3416,-0.3997
B-BTC_USDT,2025-11-27T07:30:00+00:00,LONG,UPTREND,LOWER_WICK_SWEEP,59.74,17.83790102,91252.53192278,91166.39465489,89881.59811313,88684.73743721,0.8633,0.0866,0.9134,TIME_EXIT,91391.7,91367.9,92122.8336,90934.7415,48,,,-0.026,-0.126,0.5911,-0.2347
B-BTC_USDT,2025-11-27T08:30:00+00:00,LONG,UPTREND,LOWER_WICK_SWEEP,51.31,-9.23483533,91288.75412667,91221.00163015,90022.54114998,88789.7085181,0.6921,0.0,0.6921,TIME_EXIT,91293.2,91271.0,92023.5456,90836.734,48,,,-0.0243,-0.1243,0.6996,-0.1575
B-BTC_USDT,2025-11-27T11:00:00+00:00,LONG,UPTREND,LOWER_WICK_SWEEP,52.18,-12.35062247,91535.63999577,91449.88435226,90409.40275863,89097.53822169,0.8462,0.0316,0.8462,LOSS,91559.9,91102.1005,92292.3792,91102.1005,20,,20.0,-0.5,-0.6,0.0189,-0.5482
B-BTC_USDT,2025-11-28T15:25:00+00:00,LONG,UPTREND,LOWER_WICK_SWEEP,61.95,8.09476399,92245.48135881,91958.546031,91466.17981739,90663.15413613,0.8517,0.1352,0.8648,LOSS,92616.6,92153.517,93357.5328,92153.517,7,,7.0,-0.5,-0.6,0.1371,-0.5928
B-BTC_USDT,2025-11-29T21:30:00+00:00,LONG,UPTREND,LOWER_WICK_SWEEP,64.78,18.19363764,90769.76497229,90694.97688649,90753.8936836,90725.71282792,0.5484,0.0094,0.9906,TIME_EXIT,90936.9,90958.5,91664.3952,90482.2155,48,,,0.0238,-0.0762,0.0914,-0.3122
B-BTC_USDT,2025-11-30T00:00:00+00:00,LONG,UPTREND,LOWER_WICK_SWEEP,53.18,3.69265225,90776.34239018,90758.43805882,90768.63755273,90735.77601444,0.4082,0.0,1.0,TIME_EXIT,90815.5,90916.9,91542.024,90361.4225,48,,,0.1117,0.0117,0.2208,-0.4421
B-BTC_USDT,2025-11-30T08:30:00+00:00,LONG,UPTREND,LOWER_WICK_SWEEP,63.0,21.3337904,90973.39608415,90890.33578402,90805.92858842,90762.76048698,0.6618,0.1748,0.8252,TIME_EXIT,91137.5,91168.1,91866.6,90681.8125,48,,,0.0336,-0.0664,0.4855,-0.2833
B-BTC_USDT,2025-11-30T09:00:00+00:00,LONG,UPTREND,LOWER_WICK_SWEEP,59.92,10.21248225,91041.36776986,90938.93209428,90837.03062762,90777.26007573,0.5955,0.0,1.0,TIME_EXIT,91177.9,91463.9,91907.3232,90722.0105,48,,,0.3137,0.2137,0.441,-0.2759
B-BTC_USDT,2025-11-30T12:55:00+00:00,LONG,UPTREND,LOWER_WICK_SWEEP,64.57,35.95922575,91253.5652464,91190.02040965,90922.9201031,90822.26812198,0.7664,0.0,1.0,TIME_EXIT,91432.4,91789.4,92163.8592,90975.238,48,,,0.3905,0.2905,0.549,-0.2446
B-BTC_USDT,2025-12-01T04:05:00+00:00,SHORT,DOWNTREND,UPPER_WICK_SWEEP,33.05,39.05824526,86503.46908304,87366.87678797,89693.10813232,90376.80464234,0.0006,0.8564,0.0006,LOSS,86150.1,86580.8505,85460.8992,86580.8505,48,,48.0,-0.4975,-0.5975,0.6853,-0.5532
B-BTC_USDT,2025-12-01T14:55:00+00:00,SHORT,DOWNTREND,UPPER_WICK_SWEEP,49.8,-2.35260502,86027.80108853,86072.52475171,87463.03863643,88994.61772275,0.0369,0.8546,0.1454,WIN,86017.3,85329.1616,85329.1616,86447.3865,5,5.0,,0.8065,0.7065,0.9139,-0.0844
B-BTC_USDT,2025-12-01T18:45:00+00:00,SHORT,DOWNTREND,UPPER_WICK_SWEEP,44.57,-33.33691628,84995.17525541,85094.55620118,86646.07487898,88405.49604264,0.2227,0.727,0.273,LOSS,84770.2,85194.051,84092.0384,85194.051,2,,2.0,-0.4975,-0.5975,0.0336,-0.5947
B-BTC_USDT,2025-12-03T01:25:00+00:00,LONG,UPTREND,LOWER_WICK_SWEEP,61.34,65.67454688,91554.07262648,91486.0259567,89842.42008385,88820.928162,0.574,0.4073,0.5927,WIN,91852.8,92587.6224,92587.6224,91393.536,7,7.0,,0.8,0.7,0.8853,-0.0575
B-BTC_USDT,2025-12-03T04:15:00+00:00,LONG,UPTREND,LOWER_WICK_SWEEP,61.49,-21.77319349,92669.76342119,92348.16619108,90542.49778157,89240.90808159,0.5684,0.254,0.746,WIN,92858.4,93601.2672,93601.2672,92394.108,16,16.0,,0.8,0.7,0.8336,-0.1706
B-BTC_USDT,2025-12-05T13:10:00+00:00,SHORT,DOWNTREND,UPPER_WICK_SWEEP,42.55,-3.94844752,91197.71778126,91352.65446839,91942.76470048,92013.32056506,0.0145,0.5685,0.0145,WIN,91068.9,90340.3488,90340.3488,91524.2445,6,6.0,,0.8065,0.7065,0.904,-0.0137
B-BTC_USDT,2025-12-05T14:45:00+00:00,SHORT,DOWNTREND,UPPER_WICK_SWEEP,31.1,-25.85250993,90512.53270918,90875.84268527,91799.034729,91951.37073898,0.179,0.6021,0.179,LOSS,90054.1,90504.3705,89333.6672,90504.3705,3,,3.0,-0.4975,-0.5975,0.138,-1.244
B-BTC_USDT,2025-12-05T21:55:00+00:00,SHORT,DOWNTREND,UPPER_WICK_SWEEP,41.11,-27.2332498,89285.96888117,89367.50019509,90608.30405776,91344.90525282,0.3951,0.3587,0.3951,TIME_EXIT,89145.1,89295.7,88431.9392,89590.8255,48,,,-0.1687,-0.2687,0.3246,-0.3626
B-BTC_USDT,2025-12-06T02:35:00+00:00,SHORT,DOWNTREND,UPPER_WICK_SWEEP,42.0,-15.28667669,89255.68909499,89262.50706104,90081.98383652,90968.01569207,0.002,0.6032,0.002,LOSS,89170.5,89616.3525,88457.136,89616.3525,6,,6.0,-0.4975,-0.5975,0.0119,-0.5563
B-BTC_USDT,2025-12-07T11:55:00+00:00,SHORT,DOWNTREND,UPPER_WICK_SWEEP,42.42,-7.12101207,89178.12881784,89232.81536557,89427.81584208,89856.97042208,0.0032,0.5174,0.0032,LOSS,89109.4,89554.947,88396.5248,89554.947,10,,10.0,-0.4975,-0.5975,0.0391,-0.5033
B-BTC_USDT,2025-12-08T01:15:00+00:00,LONG,UPTREND,LOWER_WICK_SWEEP,63.64,53.50656214,90312.99433984,90284.20011107,90016.82359598,89967.03441959,0.4752,0.3637,0.6363,WIN,90664.8,91390.1184,91390.1184,90211.476,3,3.0,,0.8,0.7,0.8782,-0.0567
B-BTC_USDT,2025-12-08T04:15:00+00:00,LONG,UPTREND,LOWER_WICK_SWEEP,52.99,-29.63839457,91071.58146285,90905.7387881,90293.55145716,90092.98350884,0.3797,0.385,0.615,WIN,91091.2,91819.9296,91819.9296,90635.744,40,40.0,,0.8,0.7,0.8528,-0.0932
B-BTC_USDT,2025-12-08T05:45:00+00:00,LONG,UPTREND,LOWER_WICK_SWEEP,58.63,10.71302117,91217.37733373,91072.09638086,90384.42274696,90138.26650849,0.4411,0.1658,0.8342,WIN,91333.8,92064.4704,92064.4704,90877.131,40,40.0,,0.8,0.7,1.0169,-0.1405
B-BTC_USDT,2025-12-08T07:30:00+00:00,LONG,UPTREND,LOWER_WICK_SWEEP,64.28,10.65709489,91459.82629489,91294.17939696,90562.52292892,90232.52052552,0.6556,0.209,0.6556,TIME_EXIT,91645.2,91867.8,92378.3616,91186.974,48,,,0.2429,0.1429,0.6737,-0.2345
B-BTC_USDT,2025-12-08T10:20:00+00:00,LONG,UPTREND,LOWER_WICK_SWEEP,60.71,-8.0637762,91881.29419316,91699.23327117,90866.31581573,90401.5357088,0.7717,0.0009,0.7717,LOSS,91990.2,91530.249,92726.1216,91530.249,36,,36.0,-0.5,-0.6,0.2083,-0.5459
B-BTC_USDT,2025-12-08T10:30:00+00:00,LONG,UPTREND,LOWER_WICK_SWEEP,66.6,1.04632273,91913.01769553,91726.55620303,90866.31581573,90401.5357088,0.4016,0.1056,0.8944,LOSS,92106.9,91646.3655,92843.7552,91646.3655,26,,26.0,-0.5,-0.6,0.0813,-0.5202
B-BTC_USDT,2025-12-09T17:55:00+00:00,LONG,UPTREND,LOWER_WICK_SWEEP,61.57,-128.82568246,93621.14711374,92660.30785716,90935.12593531,90647.59661184,0.5569,0.0431,0.5569,LOSS,93884.5,93415.0775,94635.576,93415.0775,28,,28.0,-0.5,-0.6,0.3587,-0.7113
B-BTC_USDT,2025-12-09T18:50:00+00:00,LONG,UPTREND,LOWER_WICK_SWEEP,57.32,-79.72593895,93814.40962557,93105.98654708,91216.01870338,90774.53399961,0.3614,0.1097,0.8903,LOSS,93933.3,93463.6335,94684.7664,93463.6335,17,,17.0,-0.5,-0.6,0.3066,-0.7629
B-BTC_USDT,2025-12-09T19:25:00+00:00,LONG,UPTREND,LOWER_WICK_SWEEP,56.74,-44.11701842,93849.07650693,93294.40344225,91470.42644591,90896.60325453,0.3661,0.2606,0.7394,LOSS,93951.0,93481.245,94702.608,93481.245,10,,10.0,-0.5,-0.6,0.2877,-0.7816
B-BTC_USDT,2025-12-11T07:35:00+00:00,SHORT,DOWNTREND,UPPER_WICK_SWEEP,45.28,-16.49944778,90166.81356156,90234.69086255,91312.29051746,91545.28843871,0.1218,0.6598,0.1218,TIME_EXIT,90101.6,90278.3,89380.7872,90552.108,48,,,-0.1957,-0.2957,0.1897,-0.4363
B-BTC_USDT,2025-12-11T08:15:00+00:00,SHORT,DOWNTREND,UPPER_WICK_SWEEP,39.14,-17.48400244,90135.15640291,90202.67185872,91209.34856341,91493.7634019,0.1098,0.7399,0.1098,LOSS,90000.0,90450.0,89280.0,90450.0,15,,15.0,-0.4975,-0.5975,0.0767,-0.5497
B-BTC_USDT,2025-12-11T15:45:00+00:00,SHORT,DOWNTREND,UPPER_WICK_SWEEP,41.65,-26.88591104,89971.27605808,90044.47608506,90610.31618714,91139.39922699,0.1355,0.5967,0.1355,LOSS,89657.1,90105.3855,88939.8432,90105.3855,12,,12.0,-0.4975,-0.5975,0.4134,-0.5498
B-BTC_USDT,2025-12-11T16:00:00+00:00,SHORT,DOWNTREND,UPPER_WICK_SWEEP,44.09,-28.07192397,89914.85203352,90011.55532285,90536.0098836,91088.05415927,0.2133,0.4129,0.2133,LOSS,89726.0,90174.63,89008.192,90174.63,17,,17.0,-0.4975,-0.5975,0.4905,-0.556
B-BTC_USDT,2025-12-12T11:55:00+00:00,LONG,UPTREND,LOWER_WICK_SWEEP,52.5,-3.92309466,92351.83974289,92347.79551772,91928.69285235,91582.1242694,0.4811,0.0,1.0,LOSS,92381.5,91919.5925,93120.552,91919.5925,31,,31.0,-0.5,-0.6,0.0998,-0.5742
B-BTC_USDT,2025-12-12T19:40:00+00:00,SHORT,DOWNTREND,UPPER_WICK_SWEEP,44.8,-15.61732694,90208.94122399,90442.698732,91413.68726054,91456.25836145,0.1558,0.7041,0.1558,TIME_EXIT,90077.0,90316.9,89356.384,90527.385,48,,,-0.2656,-0.3656,0.2605,-0.3114
B-BTC_USDT,2025-12-14T13:10:00+00:00,SHORT,DOWNTREND,UPPER_WICK_SWEEP,39.93,3.14938901,89380.76615348,89582.48995361,90001.95557204,90342.93773124,0.3177,0.6784,0.3177,WIN,89200.8,88487.1936,88487.1936,89646.804,45,45.0,,0.8065,0.7065,0.8659,-0.3659
B-BTC_USDT,2025-12-14T13:15:00+00:00,SHORT,DOWNTREND,UPPER_WICK_SWEEP,38.27,-3.62766771,89358.90271029,89565.57662209,90001.95557204,90342.93773124,0.0191,0.6017,0.0191,WIN,89151.2,88437.9904,88437.9904,89596.956,44,44.0,,0.8065,0.7065,0.8099,-0.4218
B-BTC_USDT,2025-12-14T13:20:00+00:00,SHORT,DOWNTREND,UPPER_WICK_SWEEP,39.87,-4.94151992,89341.92149979,89550.47949966,90001.95557204,90342.93773124,0.0,0.7741,0.2259,WIN,89180.6,88467.1552,88467.1552,89626.503,43,43.0,,0.8065,0.7065,0.8431,-0.3886
B-BTC_USDT,2025-12-14T14:20:00+00:00,SHORT,DOWNTREND,UPPER_WICK_SWEEP,48.06,20.4041757,89324.41076619,89458.85241316,89949.43599375,90307.94017315,0.1659,0.6727,0.1659,WIN,89314.7,88600.1824,88600.1824,89761.2735,31,31.0,,0.8065,0.7065,0.9947,-0.0651
B-BTC_USDT,2025-12-14T15:05:00+00:00,SHORT,DOWNTREND,UPPER_WICK_SWEEP,35.75,-22.04805761,89140.63970032,89327.13287226,89866.07066101,90259.55428401,0.02,0.5084,0.02,LOSS,88896.8,89341.284,88185.6256,89341.284,15,,15.0,-0.4975,-0.5975,0.0733,-0.5355
B-BTC_USDT,2025-12-14T21:40:00+00:00,SHORT,DOWNTREND,UPPER_WICK_SWEEP,42.95,2.92424295,88565.26913471,88671.63734397,89358.85601796,89938.76965539,0.3955,0.4532,0.3955,WIN,88495.3,87787.3376,87787.3376,88937.7765,22,22.0,,0.8065,0.7065,1.1325,-0.1034
B-BTC_USDT,2025-12-14T23:15:00+00:00,SHORT,DOWNTREND,UPPER_WICK_SWEEP,35.17,-16.32008965,88270.16115677,88450.3261164,89182.3946088,89819.41904752,0.1709,0.8191,0.1809,LOSS,88019.8,88459.899,87315.6416,88459.899,13,,13.0,-0.4975,-0.5975,0.5891,-0.5724
B-BTC_USDT,2025-12-15T17:00:00+00:00,SHORT,DOWNTREND,UPPER_WICK_SWEEP,31.73,20.73346956,86822.96973932,87715.43587326,88822.47387721,89361.91122928,0.0,0.441,0.0,WIN,86200.1,85510.4992,85510.4992,86631.1005,17,17.0,,0.8065,0.7065,0.8184,-0.1636
B-BTC_USDT,2025-12-16T03:00:00+00:00,SHORT,DOWNTREND,UPPER_WICK_SWEEP,42.56,1.05727895,85965.87309196,86022.22531565,87043.81139157,88257.96736114,0.0402,0.5614,0.0402,LOSS,85846.2,86275.431,85159.4304,86275.431,40,,40.0,-0.4975,-0.5975,0.7277,-0.5812
B-BTC_USDT,2025-12-16T03:35:00+00:00,SHORT,DOWNTREND,UPPER_WICK_SWEEP,32.17,-30.41685613,85815.21806635,85936.82477474,87043.81139157,88257.96736114,0.2038,0.3683,0.2038,LOSS,85591.2,86019.156,84906.4704,86019.156,25,,25.0,-0.4975,-0.5975,0.4285,-0.5495
B-BTC_USDT,2025-12-16T04:10:00+00:00,SHORT,DOWNTREND,UPPER_WICK_SWEEP,44.54,11.30237533,85797.4645822,85898.67713654,86928.94363999,88163.0549156,0.0,0.7853,0.0,LOSS,85751.3,86180.0565,85065.2896,86180.0565,23,,23.0,-0.4975,-0.5975,0.6164,-0.5865
B-BTC_USDT,2025-12-18T01:15:00+00:00,SHORT,DOWNTREND,UPPER_WICK_SWEEP,39.94,-37.61281047,86075.11868287,86095.50747194,86606.66572808,87033.24530242,0.3601,0.4969,0.3601,LOSS,85894.2,86323.671,85207.0464,86323.671,11,,11.0,-0.4975,-0.5975,0.0,-0.7169
B-BTC_USDT,2025-12-19T00:00:00+00:00,SHORT,DOWNTREND,UPPER_WICK_SWEEP,48.16,-15.18900941,85457.78744316,85535.41506456,86361.4636202,86746.8229888,0.0006,0.6552,0.0006,LOSS,85416.8,85843.884,84733.4656,85843.884,34,,34.0,-0.4975,-0.5975,0.4163,-0.5861
B-BTC_USDT,2025-12-19T01:15:00+00:00,SHORT,DOWNTREND,UPPER_WICK_SWEEP,47.52,-1.89874157,85408.42637891,85472.76308206,86286.36232304,86700.78679316,0.0246,0.6712,0.0246,LOSS,85367.7,85794.5385,84684.7584,85794.5385,19,,19.0,-0.4975,-0.5975,0.3586,-0.6439
B-BTC_USDT,2025-12-22T06:50:00+00:00,LONG,UPTREND,LOWER_WICK_SWEEP,56.55,5.4804284,88840.26197666,88783.607098,88469.04851556,88234.56770324,0.5143,0.0857,0.9143,WIN,88915.2,89626.5216,89626.5216,88470.624,18,18.0,,0.8,0.7,1.0712,-0.079
B-BTC_USDT,2025-12-22T08:10:00+00:00,LONG,UPTREND,LOWER_WICK_SWEEP,59.18,4.05319257,89039.7533122,88923.64279356,88566.09368281,88293.43247039,0.4555,0.0,1.0,WIN,89159.0,89872.272,89872.272,88713.205,3,3.0,,0.8,0.7,0.8008,-0.0102
B-BTC_USDT,2025-12-22T09:30:00+00:00,LONG,UPTREND,LOWER_WICK_SWEEP,64.17,0.41278301,89405.94752024,89196.71258656,88635.76095111,88332.8115892,0.4417,0.0,1.0,WIN,89686.0,90403.488,90403.488,89237.57,36,36.0,,0.8,0.7,1.018,-0.2697
B-BTC_USDT,2025-12-22T11:40:00+00:00,LONG,UPTREND,LOWER_WICK_SWEEP,57.68,-3.43244575,89733.04273142,89545.52224208,88840.17030238,88442.80047123,0.5924,0.2921,0.7079,WIN,89827.8,90546.4224,90546.4224,89378.661,10,10.0,,0.8,0.7,0.8585,-0.018
B-BTC_USDT,2025-12-22T12:10:00+00:00,LONG,UPTREND,LOWER_WICK_SWEEP,65.0,13.10373338,89845.11569745,89637.70716658,88941.60170216,88500.14947236,0.8208,0.1184,0.8816,LOSS,90039.4,89589.203,90759.7152,89589.203,29,,29.0,-0.5,-0.6,0.6215,-0.7309
B-BTC_USDT,2025-12-23T09:15:00+00:00,SHORT,DOWNTREND,UPPER_WICK_SWEEP,45.4,-1.62935189,87513.93273172,87612.30530301,88272.59316018,88458.48919551,0.1547,0.4629,0.1547,LOSS,87465.5,87902.8275,86765.776,87902.8275,42,,42.0,-0.4975,-0.5975,0.2398,-0.5128
B-BTC_USDT,2025-12-24T06:10:00+00:00,SHORT,DOWNTREND,UPPER_WICK_SWEEP,32.6,-16.68510848,87017.00027459,87161.14687079,87502.55575598,87884.70175413,0.001,0.391,0.001,TIME_EXIT,86822.1,87027.8,86127.5232,87256.2105,48,,,-0.2364,-0.3364,0.1735,-0.3743
B-BTC_USDT,2025-12-24T08:10:00+00:00,SHORT,DOWNTREND,UPPER_WICK_SWEEP,44.95,-5.58903513,86989.90698921,87053.18772587,87397.11253494,87810.75160002,0.3543,0.5618,0.3543,TIME_EXIT,86940.3,87256.0,86244.7776,87375.0015,48,,,-0.3618,-0.4618,0.3099,-0.4329
B-BTC_USDT,2025-12-26T04:50:00+00:00,LONG,UPTREND,LOWER_WICK_SWEEP,63.82,-1.00563447,88771.9031498,88451.8459163,87882.83551553,87758.26471495,0.5665,0.1193,0.8807,LOSS,89020.7,88575.5965,89732.8656,88575.5965,35,,35.0,-0.5,-0.6,0.6031,-0.504
B-BTC_USDT,2025-12-26T05:00:00+00:00,LONG,UPTREND,LOWER_WICK_SWEEP,60.19,-2.59612831,88803.07627455,88489.63077471,87982.18451405,87804.05825554,0.587,0.116,0.884,LOSS,88959.8,88515.001,89671.4784,88515.001,34,,34.0,-0.5,-0.6,0.672,-0.5169
B-BTC_USDT,2025-12-26T05:50:00+00:00,LONG,UPTREND,LOWER_WICK_SWEEP,55.62,-19.7467123,88835.81290595,88610.05779663,87982.18451405,87804.05825554,0.9236,0.0036,0.9236,LOSS,88885.4,88440.973,89596.4832,88440.973,25,,25.0,-0.5,-0.6,0.7563,-0.658
B-BTC_USDT,2025-12-26T23:25:00+00:00,SHORT,DOWNTREND,UPPER_WICK_SWEEP,45.83,-0.31570415,87446.33155247,87454.98637001,87784.78958364,87856.54685867,0.0016,0.5691,0.0016,TIME_EXIT,87407.9,87385.5,86708.6368,87844.9395,48,,,0.0256,-0.0744,0.235,-0.0587
B-BTC_USDT,2025-12-26T23:35:00+00:00,SHORT,DOWNTREND,UPPER_WICK_SWEEP,41.56,-5.93069628,87433.14714385,87448.76911741,87784.78958364,87856.54685867,0.0996,0.5275,0.0996,TIME_EXIT,87358.5,87452.1,86659.632,87795.2925,48,,,-0.107,-0.207,0.1783,-0.1362
B-BTC_USDT,2025-12-26T23:50:00+00:00,SHORT,DOWNTREND,UPPER_WICK_SWEEP,38.08,-13.73178472,87401.0747068,87433.04489597,87784.78958364,87856.54685867,0.0029,0.8691,0.1309,TIME_EXIT,87308.6,87461.8,86610.1312,87745.143,48,,,-0.1752,-0.2752,0.1211,-0.2117
B-BTC_USDT,2025-12-29T08:30:00+00:00,LONG,UPTREND,LOWER_WICK_SWEEP,52.9,31.83236212,89669.11743933,89660.23184684,88704.40320912,88176.55992554,0.7233,0.1976,0.7233,LOSS,89730.3,89281.6485,90448.1424,89281.6485,11,,11.0,-0.5,-0.6,0.0529,-0.5293
B-BTC_USDT,2025-12-30T23:05:00+00:00,LONG,UPTREND,LOWER_WICK_SWEEP,61.46,3.47612165,88307.71504914,88264.8648192,88094.04642968,87957.62717215,0.385,0.0808,0.9192,TIME_EXIT,88415.5,88740.0,89122.824,87973.4225,48,,,0.367,0.267,0.4123,-0.3174
B-BTC_USDT,2025-12-31T11:35:00+00:00,LONG,UPTREND,LOWER_WICK_SWEEP,66.34,8.72190743,88774.25929968,88668.19466378,88390.52861807,88164.96051996,0.4896,0.3366,0.6634,LOSS,88902.4,88457.888,89613.6192,88457.888,38,,38.0,-0.5,-0.6,0.3267,-0.7524
B-BTC_USDT,2025-12-31T14:05:00+00:00,LONG,UPTREND,LOWER_WICK_SWEEP,69.13,30.31704358,88865.98122982,88801.3479543,88519.07459144,88246.52788304,0.431,0.3524,0.6476,LOSS,89082.0,88636.59,89794.656,88636.59,6,,6.0,-0.5,-0.6,0.0367,-0.5972
B-BTC_USDT,2026-01-01T05:45:00+00:00,SHORT,DOWNTREND,UPPER_WICK_SWEEP,46.19,14.96871048,87678.17819947,87731.87063566,87917.86807324,88023.50993384,0.0,0.4733,0.0,TIME_EXIT,87667.5,87830.9,86966.16,88105.8375,48,,,-0.186,-0.286,0.1245,-0.3122
B-BTC_USDT,2026-01-01T05:50:00+00:00,SHORT,DOWNTREND,UPPER_WICK_SWEEP,47.24,14.05501944,87677.83741857,87729.62472838,87917.86807324,88023.50993384,0.0,0.7815,0.2185,TIME_EXIT,87674.6,87821.4,86973.2032,88112.973,48,,,-0.1672,-0.2672,0.1326,-0.3041
B-BTC_USDT,2026-01-01T06:15:00+00:00,SHORT,DOWNTREND,UPPER_WICK_SWEEP,41.16,2.86570545,87659.8901069,87712.22672494,87894.70920912,88009.8311129,0.0072,0.7698,0.0072,TIME_EXIT,87621.5,87788.3,86920.528,88059.6075,48,,,-0.19,-0.29,0.072,-0.3649
B-BTC_USDT,2026-01-01T21:20:00+00:00,LONG,UPTREND,LOWER_WICK_SWEEP,60.27,1.92129937,88269.01203178,88201.38531456,88004.49093013,87999.24630856,0.5814,0.0,1.0,TIME_EXIT,88335.0,88658.0,89041.68,87893.325,48,,,0.3657,0.2657,0.6186,-0.0812
B-BTC_USDT,2026-01-03T00:35:00+00:00,LONG,UPTREND,LOWER_WICK_SWEEP,50.59,4.92125416,89999.67241379,89991.27327945,89546.07158561,88961.30471182,0.6711,0.2539,0.6711,TIME_EXIT,90007.6,90079.2,90727.6608,89557.562,48,,,0.0795,-0.0205,0.4982,-0.0283
B-BTC_USDT,2026-01-03T23:10:00+00:00,LONG,UPTREND,LOWER_WICK_SWEEP,53.94,-21.10655757,90492.55087233,90368.5058612,90066.30515855,89626.50618925,0.4925,0.0788,0.9212,WIN,90506.2,91230.2496,91230.2496,90053.669,11,11.0,,0.8,0.7,1.2059,-0.0001
B-BTC_USDT,2026-01-03T23:25:00+00:00,LONG,UPTREND,LOWER_WICK_SWEEP,60.37,-7.96412616,90517.49949609,90393.38946909,90066.30515855,89626.50618925,0.3626,0.0368,0.9632,WIN,90598.7,91323.4896,91323.4896,90145.7065,8,8.0,,0.8,0.7,1.1026,-0.0315
B-BTC_USDT,2026-01-04T02:30:00+00:00,LONG,UPTREND,LOWER_WICK_SWEEP,56.28,-13.37922573,91122.34959726,90949.93329938,90321.02924981,89786.01469615,0.6826,0.1253,0.8747,TIME_EXIT,91189.5,91479.4,91919.016,90733.5525,48,,,0.3179,0.2179,0.6472,-0.1704
B-BTC_USDT,2026-01-04T05:30:00+00:00,LONG,UPTREND,LOWER_WICK_SWEEP,59.44,-4.74680159,91354.47579667,91230.65929188,90555.27984283,89948.08200456,0.6213,0.0907,0.9093,TIME_EXIT,91424.8,91320.2,92156.1984,90967.676,48,,,-0.1144,-0.2144,0.3882,-0.3422
B-BTC_USDT,2026-01-04T06:15:00+00:00,LONG,UPTREND,LOWER_WICK_SWEEP,68.24,21.29118114,91449.64271954,91311.40818337,90639.25319113,90006.47094556,0.7899,0.0147,0.9853,LOSS,91647.6,91189.362,92380.7808,91189.362,8,,8.0,-0.5,-0.6,0.1273,-0.5126
B-BTC_USDT,2026-01-05T03:35:00+00:00,LONG,UPTREND,LOWER_WICK_SWEEP,58.26,-35.15459729,92897.24299008,92543.03802468,91589.75592729,90899.83843732,0.5313,0.3624,0.6376,LOSS,92965.8,92500.971,93709.5264,92500.971,10,,10.0,-0.5,-0.6,0.0282,-0.6375
B-BTC_USDT,2026-01-05T10:20:00+00:00,LONG,UPTREND,LOWER_WICK_SWEEP,67.48,34.1383108,92664.81321177,92584.85062921,92063.10622126,91298.69222085,0.473,0.1101,0.8899,TIME_EXIT,92887.1,92757.6,93630.1968,92422.6645,48,,,-0.1394,-0.2394,0.3218,-0.4201
B-BTC_USDT,2026-01-05T11:55:00+00:00,LONG,UPTREND,LOWER_WICK_SWEEP,61.16,-0.38574702,92944.00417564,92795.20103567,92156.94372399,91367.30821219,0.7949,0.0904,0.9096,LOSS,93093.3,92627.8335,93838.0464,92627.8335,20,,20.0,-0.5,-0.6,0.0996,-0.5264
B-BTC_USDT,2026-01-05T15:00:00+00:00,LONG,UPTREND,LOWER_WICK_SWEEP,67.65,86.12347281,92975.58151421,92874.32094082,92440.94190617,91610.3853486,0.6559,0.3272,0.6728,WIN,93395.3,94142.4624,94142.4624,92928.3235,35,35.0,,0.8,0.7,1.1078,-0.3007
B-BTC_USDT,2026-01-05T17:00:00+00:00,LONG,UPTREND,LOWER_WICK_SWEEP,54.94,-49.19366518,93637.30591459,93378.62565679,92681.48169644,91776.50081584,0.4859,0.3845,0.6155,WIN,93667.7,94417.0416,94417.0416,93199.3615,11,11.0,,0.8,0.7,0.8137,-0.4983
B-BTC_USDT,2026-01-05T20:10:00+00:00,LONG,UPTREND,LOWER_WICK_SWEEP,58.92,-9.4152084,94215.1055242,93971.41386227,93102.92337284,92062.68257972,0.7115,0.0,1.0,LOSS,94362.9,93891.0855,95117.8032,93891.0855,15,,15.0,-0.5,-0.6,0.4211,-0.6152
B-BTC_USDT,2026-01-05T20:20:00+00:00,LONG,UPTREND,LOWER_WICK_SWEEP,60.27,-5.52364739,94243.26279872,94001.97327309,93102.92337284,92062.68257972,0.3914,0.0951,0.9049,LOSS,94417.3,93945.2135,95172.6384,93945.2135,10,,10.0,-0.5,-0.6,0.3633,-0.5266
B-BTC_USDT,2026-01-07T12:15:00+00:00,SHORT,DOWNTREND,UPPER_WICK_SWEEP,49.17,4.057622,92049.94173266,92147.49668238,92606.93431081,92708.95427532,0.0,0.6441,0.3559,WIN,92048.3,91311.9136,91311.9136,92508.5415,36,36.0,,0.8065,0.7065,1.1664,-0.2184
B-BTC_USDT,2026-01-07T12:30:00+00:00,SHORT,DOWNTREND,UPPER_WICK_SWEEP,44.28,-5.74474458,92036.98684206,92130.87468609,92606.93431081,92708.95427532,0.0821,0.6606,0.0821,WIN,91982.9,91247.0368,91247.0368,92442.8145,33,33.0,,0.8065,0.7065,1.0946,-0.2896
B-BTC_USDT,2026-01-07T16:45:00+00:00,SHORT,DOWNTREND,UPPER_WICK_SWEEP,42.78,7.20799476,91454.57600339,91625.89532989,92329.78494001,92571.98109737,0.0,0.4357,0.0,TIME_EXIT,91302.1,91043.4,90571.6832,91758.6105,48,,,0.2842,0.1842,0.737,-0.392
B-BTC_USDT,2026-01-07T21:55:00+00:00,SHORT,DOWNTREND,UPPER_WICK_SWEEP,47.95,-0.96155195,91078.17266347,91129.35039084,91838.798216,92303.01541597,0.0648,0.7791,0.0648,LOSS,91050.0,91505.25,90321.6,91505.25,25,,25.0,-0.4975,-0.5975,0.2287,-0.5207
B-BTC_USDT,2026-01-08T11:40:00+00:00,SHORT,DOWNTREND,UPPER_WICK_SWEEP,42.68,-15.42578077,90170.22524837,90244.29619174,90904.41950479,91613.37451571,0.0005,0.9585,0.0415,WIN,90042.4,89322.0608,89322.0608,90492.612,33,33.0,,0.8065,0.7065,0.8314,-0.2304
B-BTC_USDT,2026-01-10T19:05:00+00:00,SHORT,DOWNTREND,UPPER_WICK_SWEEP,43.55,3.86616485,90559.76942169,90588.14530585,90620.57462027,90755.68099793,0.0,0.3609,0.0,TIME_EXIT,90545.0,90492.2,89820.64,90997.725,48,,,0.0583,-0.0417,0.2064,-0.0912
B-BTC_USDT,2026-01-12T18:25:00+00:00,LONG,UPTREND,LOWER_WICK_SWEEP,58.48,13.84321231,91646.45751791,91476.6011436,91168.5403664,91016.37369882,0.3644,0.1584,0.8416,LOSS,91875.7,91416.3215,92610.7056,91416.3215,7,,7.0,-0.5,-0.6,0.0104,-0.5362
B-BTC_USDT,2026-01-12T19:25:00+00:00,LONG,UPTREND,LOWER_WICK_SWEEP,55.67,14.49368871,91660.93217508,91544.26325308,91214.22223626,91041.15120083,0.769,0.0601,0.9399,LOSS,91788.1,91329.1595,92522.4048,91329.1595,19,,19.0,-0.5,-0.6,0.2494,-0.6625
B-BTC_USDT,2026-01-13T17:30:00+00:00,LONG,UPTREND,LOWER_WICK_SWEEP,56.97,-50.1828643,93249.7763549,92902.12545536,92088.80077213,91599.12895094,0.689,0.225,0.689,WIN,93341.2,94087.9296,94087.9296,92874.494,24,24.0,,0.8,0.7,0.866,-0.2451
B-BTC_USDT,2026-01-14T00:05:00+00:00,LONG,UPTREND,LOWER_WICK_SWEEP,60.76,-45.84832765,95289.97388288,94865.71655529,93304.28611834,92285.82734704,0.4823,0.1041,0.8959,TIME_EXIT,95543.0,95329.3,96307.344,95065.285,48,,,-0.2237,-0.3237,0.2219,-0.4825
B-BTC_USDT,2026-01-14T02:25:00+00:00,LONG,UPTREND,LOWER_WICK_SWEEP,59.27,15.97144903,95320.91607635,95170.37726456,93647.03330775,92509.42785861,0.3533,0.0987,0.9013,LOSS,95485.2,95007.774,96249.0816,95007.774,35,,35.0,-0.5,-0.6,0.2826,-0.6254
B-BTC_USDT,2026-01-14T21:25:00+00:00,LONG,UPTREND,LOWER_WICK_SWEEP,55.91,-15.57812664,97426.85259672,97197.34910423,95838.33431221,94343.37605167,0.7402,0.2109,0.7402,LOSS,97527.9,97040.2605,98308.1232,97040.2605,14,,14.0,-0.5,-0.6,0.1426,-0.5251
B-BTC_USDT,2026-01-14T21:55:00+00:00,LONG,UPTREND,LOWER_WICK_SWEEP,53.88,-22.42416662,97462.16826849,97263.9748434,95838.33431221,94343.37605167,0.4685,0.0292,0.9708,LOSS,97515.0,97027.425,98295.12,97027.425,8,,8.0,-0.5,-0.6,0.0214,-0.5119
B-BTC_USDT,2026-01-17T23:25:00+00:00,SHORT,DOWNTREND,UPPER_WICK_SWEEP,37.87,2.03425477,95145.00615472,95212.93517314,95291.00953049,95339.73455731,0.0,0.6497,0.0,TIME_EXIT,95077.3,95093.6,94316.6816,95552.6865,48,,,-0.0171,-0.1171,0.2719,-0.13
B-BTC_USDT,2026-01-19T02:40:00+00:00,SHORT,DOWNTREND,UPPER_WICK_SWEEP,42.24,74.20596446,92585.66962199,93201.16719619,94621.98155032,94976.92573213,0.0065,0.7767,0.2233,TIME_EXIT,92517.3,92504.0,91777.1616,92979.8865,48,,,0.0144,-0.0856,0.1871,-0.2704
B-BTC_USDT,2026-01-19T03:35:00+00:00,SHORT,DOWNTREND,UPPER_WICK_SWEEP,43.33,33.0335545,92570.83081158,92975.18296188,94421.47854553,94880.44629166,0.0,0.8966,0.1034,TIME_EXIT,92515.6,92604.9,91775.4752,92978.178,48,,,-0.0964,-0.1964,0.1853,-0.2723
B-BTC_USDT,2026-01-19T05:30:00+00:00,SHORT,DOWNTREND,UPPER_WICK_SWEEP,45.47,-3.43321171,92611.08879556,92760.04114834,94097.30012457,94707.79205931,0.0379,0.706,0.0379,LOSS,92564.6,93027.423,91824.0832,93027.423,34,,34.0,-0.4975,-0.5975,0.2383,-0.678
B-BTC_USDT,2026-01-19T05:40:00+00:00,SHORT,DOWNTREND,UPPER_WICK_SWEEP,45.76,-5.83614438,92602.98515917,92745.14963367,94097.30012457,94707.79205931,0.0,0.9649,0.0351,LOSS,92567.7,93030.5385,91827.1584,93030.5385,32,,32.0,-0.4975,-0.5975,0.2417,-0.6746
B-BTC_USDT,2026-01-20T09:45:00+00:00,SHORT,DOWNTREND,UPPER_WICK_SWEEP,45.93,13.28573321,90989.36898761,91182.78464477,92282.19293351,93176.65530869,0.0,0.5671,0.0,LOSS,90938.2,91392.891,90210.6944,91392.891,16,,16.0,-0.4975,-0.5975,0.0359,-0.5244
B-BTC_USDT,2026-01-20T15:15:00+00:00,SHORT,DOWNTREND,UPPER_WICK_SWEEP,35.6,-84.62887225,90611.17310855,90865.51249081,91694.28575162,92711.88820579,0.0836,0.3776,0.0836,LOSS,90013.6,90463.668,89293.4912,90463.668,1,,1.0,-0.4975,-0.5975,0.0206,-0.6781
B-BTC_USDT,2026-01-20T15:50:00+00:00,SHORT,DOWNTREND,UPPER_WICK_SWEEP,43.26,11.83293481,90559.34001093,90781.24425083,91694.28575162,92711.88820579,0.0527,0.6022,0.0527,LOSS,90333.9,90785.5695,89611.2288,90785.5695,4,,4.0,-0.4975,-0.5975,0.0154,-0.5434
B-BTC_USDT,2026-01-20T16:50:00+00:00,SHORT,DOWNTREND,UPPER_WICK_SWEEP,39.64,-42.2348835,90445.86716301,90652.23312932,91594.2775848,92630.8023938,0.124,0.8456,0.1544,WIN,90083.6,89362.9312,89362.9312,90534.018,24,24.0,,0.8065,0.7065,0.821,-0.4314
B-BTC_USDT,2026-01-20T20:10:00+00:00,SHORT,DOWNTREND,UPPER_WICK_SWEEP,40.96,22.52937265,89564.31652337,89834.97294265,90982.65774821,92205.03006651,0.0381,0.3785,0.0381,LOSS,89370.0,89816.85,88655.04,89816.85,7,,7.0,-0.4975,-0.5975,0.0,-0.508
B-BTC_USDT,2026-01-23T12:30:00+00:00,SHORT,DOWNTREND,UPPER_WICK_SWEEP,45.8,-8.27620249,89151.66499473,89196.68119533,89417.10641805,89679.32043136,0.0858,0.5751,0.0858,LOSS,89112.9,89558.4645,88399.9968,89558.4645,22,,22.0,-0.4975,-0.5975,0.0632,-0.5129
B-BTC_USDT,2026-01-23T15:10:00+00:00,SHORT,DOWNTREND,UPPER_WICK_SWEEP,38.99,-44.9719928,89078.34643493,89164.95570542,89350.5521781,89621.21914067,0.1331,0.5323,0.1331,LOSS,88783.2,89227.116,88072.9344,89227.116,2,,2.0,-0.4975,-0.5975,0.286,-0.5258
B-BTC_USDT,2026-01-24T00:55:00+00:00,SHORT,DOWNTREND,UPPER_WICK_SWEEP,40.95,-5.14552154,89477.67020735,89562.09600831,89611.18357751,89684.04901886,0.0,0.8083,0.0,LOSS,89414.2,89861.271,88698.8864,89861.271,30,,30.0,-0.4975,-0.5975,0.004,-0.5365
B-BTC_USDT,2026-01-24T09:50:00+00:00,SHORT,DOWNTREND,UPPER_WICK_SWEEP,42.14,-2.34627992,89591.5551982,89615.47139205,89630.00889874,89670.30066157,0.0598,0.906,0.094,TIME_EXIT,89567.5,89492.8,88850.96,90015.3375,48,,,0.0835,-0.0165,0.1375,-0.0824
B-BTC_USDT,2026-01-24T10:30:00+00:00,SHORT,DOWNTREND,UPPER_WICK_SWEEP,45.5,1.52600282,89588.91737208,89607.57356927,89624.04614648,89666.26534151,0.0064,0.5064,0.0064,TIME_EXIT,89578.1,89459.8,88861.4752,90025.9905,48,,,0.1322,0.0322,0.5014,-0.0706
B-BTC_USDT,2026-01-24T10:35:00+00:00,SHORT,DOWNTREND,UPPER_WICK_SWEEP,45.5,1.04954942,89587.88714617,89606.41774303,89624.04614648,89666.26534151,0.0064,0.9936,0.0064,TIME_EXIT,89578.1,89451.8,88861.4752,90025.9905,48,,,0.1412,0.0412,0.5014,-0.0706
B-BTC_USDT,2026-01-24T15:20:00+00:00,SHORT,DOWNTREND,UPPER_WICK_SWEEP,39.5,1.09503445,89427.90132561,89473.13087958,89560.03618168,89630.39617901,0.2292,0.4537,0.2292,TIME_EXIT,89389.9,89241.9,88674.7808,89836.8495,48,,,0.1658,0.0658,0.3063,-0.0395
B-BTC_USDT,2026-01-25T05:25:00+00:00,SHORT,DOWNTREND,UPPER_WICK_SWEEP,43.94,3.42323632,88986.70885049,89043.95342799,89274.00577555,89449.37362832,0.3147,0.6802,0.3198,WIN,88956.4,88244.7488,88244.7488,89401.182,39,39.0,,0.8065,0.7065,0.9397,-0.0164
B-BTC_USDT,2026-01-25T17:20:00+00:00,SHORT,DOWNTREND,UPPER_WICK_SWEEP,38.65,12.36579739,88035.54228936,88284.91775599,88758.89505743,89110.68069065,0.0048,0.4388,0.0048,WIN,87821.2,87118.6304,87118.6304,88260.306,16,16.0,,0.8065,0.7065,1.2033,-0.167
B-BTC_USDT,2026-01-25T17:30:00+00:00,SHORT,DOWNTREND,UPPER_WICK_SWEEP,37.72,11.02324667,87994.92101238,88248.61319959,88758.89505743,89110.68069065,0.2161,0.4052,0.2161,WIN,87774.9,87072.7008,87072.7008,88213.7745,14,14.0,,0.8065,0.7065,1.15,-0.2199
B-BTC_USDT,2026-01-25T18:05:00+00:00,SHORT,DOWNTREND,UPPER_WICK_SWEEP,42.89,24.83378351,87938.54296266,88160.00358472,88671.92409958,89061.07360475,0.2036,0.7882,0.2036,WIN,87862.5,87159.6,87159.6,88301.8125,7,7.0,,0.8065,0.7065,1.2509,-0.0195
B-BTC_USDT,2026-01-25T21:50:00+00:00,SHORT,DOWNTREND,UPPER_WICK_SWEEP,44.29,12.16298045,86624.74684688,86921.0893536,88184.20056139,88806.03950611,0.1563,0.4084,0.1563,LOSS,86499.9,86932.3995,85807.9008,86932.3995,27,,27.0,-0.4975,-0.5975,0.5559,-0.6475
B-BTC_USDT,2026-01-27T12:50:00+00:00,SHORT,DOWNTREND,UPPER_WICK_SWEEP,49.98,-1.79607572,87972.37961809,88008.52774422,88111.66365992,88168.15884964,0.0,0.598,0.402,LOSS,87970.1,88409.9505,87266.3392,88409.9505,17,,17.0,-0.4975,-0.5975,0.2451,-0.5101
B-BTC_USDT,2026-01-27T14:55:00+00:00,SHORT,DOWNTREND,UPPER_WICK_SWEEP,40.46,-40.62067386,87925.90162399,87963.7358082,88082.06934519,88151.2785075,0.0877,0.5144,0.0877,LOSS,87712.1,88150.6605,87010.4032,88150.6605,3,,3.0,-0.4975,-0.5975,0.208,-0.5187
B-BTC_USDT,2026-01-27T15:25:00+00:00,SHORT,DOWNTREND,UPPER_WICK_SWEEP,38.34,-29.43729284,87852.72039136,87922.7340071,88046.83416946,88134.05582093,0.0325,0.533,0.0325,LOSS,87591.2,88029.156,86890.4704,88029.156,6,,6.0,-0.4975,-0.5975,0.013,-0.504
B-BTC_USDT,2026-01-28T01:00:00+00:00,LONG,UPTREND,LOWER_WICK_SWEEP,59.79,11.24500624,89272.56214231,89137.43091365,88548.06072891,88338.74580435,0.7232,0.1201,0.7232,LOSS,89402.2,88955.189,90117.4176,88955.189,28,,28.0,-0.5,-0.6,0.0586,-0.5005
B-BTC_USDT,2026-01-28T11:35:00+00:00,LONG,UPTREND,LOWER_WICK_SWEEP,55.24,-12.36710108,89360.51915104,89273.17758224,88962.12376597,88620.52438474,0.5184,0.0012,0.9988,WIN,89410.9,90126.1872,90126.1872,88963.8455,7,7.0,,0.8,0.7,0.8142,0.0001
B-BTC_USDT,2026-01-28T12:50:00+00:00,LONG,UPTREND,LOWER_WICK_SWEEP,63.41,-4.34772955,89760.7956661,89543.70276371,89064.48340731,88676.06852652,0.6647,0.0454,0.9546,LOSS,89949.7,89499.9515,90669.2976,89499.9515,23,,23.0,-0.5,-0.6,0.55,-0.6093
B-BTC_USDT,2026-01-29T07:35:00+00:00,SHORT,DOWNTREND,UPPER_WICK_SWEEP,49.54,-5.37333873,88260.59195145,88278.90819985,88819.34462544,88833.92049714,0.1587,0.5722,0.1587,TIME_EXIT,88249.0,87810.0,87543.008,88690.245,48,,,0.4999,0.3999,0.5972,-0.2405
B-BTC_USDT,2026-01-29T20:05:00+00:00,SHORT,DOWNTREND,UPPER_WICK_SWEEP,45.89,72.46170042,83979.64896897,84500.25944546,86697.37339407,87795.64498519,0.2516,0.5898,0.4102,LOSS,83946.3,84366.0315,83274.7296,84366.0315,9,,9.0,-0.4975,-0.5975,0.1918,-0.5121
B-BTC_USDT,2026-01-31T10:20:00+00:00,SHORT,DOWNTREND,UPPER_WICK_SWEEP,40.04,6.59211248,83062.8922694,83280.61143944,83660.65663444,84444.8470471,0.0,0.7483,0.2517,WIN,82950.7,82287.0944,82287.0944,83365.4535,47,47.0,,0.8065,0.7065,0.912,-0.2523
B-BTC_USDT,2026-01-31T12:40:00+00:00,SHORT,DOWNTREND,UPPER_WICK_SWEEP,43.81,-4.15517436,82959.07423885,83075.46332038,83549.627313,84337.64412152,0.0014,0.7358,0.2642,WIN,82886.6,82223.5072,82223.5072,83301.033,19,19.0,,0.8065,0.7065,0.8341,-0.0428
B-BTC_USDT,2026-01-31T12:55:00+00:00,SHORT,DOWNTREND,UPPER_WICK_SWEEP,36.28,-17.57930859,82908.23390609,83040.24177865,83549.627313,84337.64412152,0.2937,0.4275,0.2937,WIN,82735.6,82073.7152,82073.7152,83149.278,17,17.0,,0.8065,0.7065,0.9956,-0.1971
B-BTC_USDT,2026-01-31T17:00:00+00:00,SHORT,DOWNTREND,UPPER_WICK_SWEEP,34.93,-68.62968997,80948.81397397,81522.80320727,82772.53134898,83850.70135436,0.0,0.8985,0.0,WIN,80300.0,79657.6,79657.6,80701.5,1,1.0,,0.8065,0.7065,1.261,-0.0519
B-BTC_USDT,2026-02-03T11:15:00+00:00,SHORT,DOWNTREND,UPPER_WICK_SWEEP,40.96,-4.6043444,78239.61802194,78370.51865599,78361.06804593,78528.49173039,0.0006,0.3867,0.0006,WIN,78084.4,77459.7248,77459.7248,78474.822,43,43.0,,0.8065,0.7065,0.8881,-0.4372
B-BTC_USDT,2026-02-03T13:55:00+00:00,SHORT,DOWNTREND,UPPER_WICK_SWEEP,49.95,-5.7806948,78266.54540784,78278.52467783,78326.62350245,78500.72973651,0.0006,0.6891,0.3109,WIN,78260.4,77634.3168,77634.3168,78651.702,9,9.0,,0.8065,0.7065,0.851,-0.1752
B-BTC_USDT,2026-02-04T17:15:00+00:00,SHORT,DOWNTREND,UPPER_WICK_SWEEP,39.22,20.08501418,73695.23617744,74369.45984757,75658.46651513,76646.89096491,0.0253,0.3646,0.0253,WIN,73153.3,72568.0736,72568.0736,73519.0665,2,2.0,,0.8065,0.7065,1.0726,-0.0221
B-BTC_USDT,2026-02-04T19:35:00+00:00,SHORT,DOWNTREND,UPPER_WICK_SWEEP,47.01,-10.3238403,73330.8095165,73581.84601474,75174.87258948,76364.91872616,0.0198,0.436,0.0198,LOSS,73192.1,73558.0605,72606.5632,73558.0605,1,,1.0,-0.4975,-0.5975,0.0,-0.5633
B-BTC_USDT,2026-02-04T23:05:00+00:00,SHORT,DOWNTREND,UPPER_WICK_SWEEP,43.07,-9.0752217,72847.27294901,73111.62117174,74492.50145019,75888.43786774,0.3886,0.5657,0.3886,LOSS,72546.1,72908.8305,71965.7312,72908.8305,2,,2.0,-0.4975,-0.5975,0.0285,-1.0511
B-BTC_USDT,2026-02-05T01:50:00+00:00,SHORT,DOWNTREND,UPPER_WICK_SWEEP,42.35,-37.6654725,72832.92557687,72976.20810396,74218.24948643,75665.19504823,0.1938,0.4436,0.1938,WIN,72513.1,71932.9952,71932.9952,72875.6655,5,5.0,,0.8065,0.7065,1.2753,-0.107
B-BTC_USDT,2026-02-05T04:10:00+00:00,SHORT,DOWNTREND,UPPER_WICK_SWEEP,30.88,-18.60045246,71497.364571,72040.92336544,73547.76236124,75211.84755659,0.2116,0.4742,0.2116,LOSS,70917.4,71271.987,70350.0608,71271.987,2,,2.0,-0.4975,-0.5975,0.3411,-0.5983
B-BTC_USDT,2026-02-05T05:10:00+00:00,SHORT,DOWNTREND,UPPER_WICK_SWEEP,38.78,12.26123967,71122.05197867,71637.7902838,73293.04213636,75041.70451516,0.0524,0.6195,0.3805,WIN,70814.7,70248.1824,70248.1824,71168.7735,2,2.0,,0.8065,0.7065,1.0407,-0.1851
B-BTC_USDT,2026-02-05T06:00:00+00:00,SHORT,DOWNTREND,UPPER_WICK_SWEEP,41.49,34.6438359,70802.23964309,71297.04546231,73045.60002814,74871.24159299,0.0994,0.5161,0.0994,LOSS,70559.1,70911.8955,69994.6272,70911.8955,7,,7.0,-0.4975,-0.5975,0.2729,-0.5322
B-BTC_USDT,2026-02-05T06:15:00+00:00,SHORT,DOWNTREND,UPPER_WICK_SWEEP,40.47,26.60121315,70736.75811596,71212.69277122,73045.60002814,74871.24159299,0.0674,0.5162,0.0674,LOSS,70480.0,70832.4,69916.16,70832.4,3,,3.0,-0.4975,-0.5975,0.1604,-0.5738
B-BTC_USDT,2026-02-05T17:45:00+00:00,SHORT,DOWNTREND,UPPER_WICK_SWEEP,39.9,-38.57941984,67443.22163958,68151.53897211,70758.95312384,73074.68038568,0.1575,0.3831,0.1575,WIN,66810.0,66275.52,66275.52,67144.05,2,2.0,,0.8065,0.7065,1.0359,-0.2694
B-BTC_USDT,2026-02-05T19:35:00+00:00,SHORT,DOWNTREND,UPPER_WICK_SWEEP,43.24,69.02857337,66168.22193507,66901.98352466,69938.63600387,72548.72126337,0.4067,0.562,0.438,WIN,65955.9,65428.2528,65428.2528,66285.6795,3,3.0,,0.8065,0.7065,1.2215,-0.0861
B-BTC_USDT,2026-02-05T20:00:00+00:00,SHORT,DOWNTREND,UPPER_WICK_SWEEP,33.09,-30.08327277,65858.84428143,66629.60114717,69490.8992416,72262.00278245,0.1299,0.7799,0.1299,LOSS,65202.0,65528.01,64680.384,65528.01,1,,1.0,-0.4975,-0.5975,0.2337,-0.7302
B-BTC_USDT,2026-02-05T21:30:00+00:00,SHORT,DOWNTREND,UPPER_WICK_SWEEP,41.92,74.97185186,64061.26716013,65166.1261964,68944.23264716,71928.23404589,0.0457,0.3657,0.0457,LOSS,63490.0,63807.45,62982.08,63807.45,1,,1.0,-0.4975,-0.5975,0.3353,-0.5856
B-BTC_USDT,2026-02-07T10:15:00+00:00,SHORT,DOWNTREND,UPPER_WICK_SWEEP,38.0,-16.84364171,68195.9743811,68634.24845185,69096.99577734,69231.59867144,0.4477,0.4827,0.4477,LOSS,67911.7,68251.2585,67368.4064,68251.2585,21,,21.0,-0.4975,-0.5975,0.5352,-0.7289
B-BTC_USDT,2026-02-07T11:30:00+00:00,SHORT,DOWNTREND,UPPER_WICK_SWEEP,46.36,29.92928048,67970.43164894,68301.60588788,68988.21522712,69181.5281353,0.0978,0.6872,0.3128,LOSS,67925.1,68264.7255,67381.6992,68264.7255,6,,6.0,-0.4975,-0.5975,0.4227,-0.709
B-BTC_USDT,2026-02-07T11:45:00+00:00,SHORT,DOWNTREND,UPPER_WICK_SWEEP,40.8,8.46330148,67921.0757888,68242.81414617,68988.21522712,69181.5281353,0.1288,0.5871,0.1288,LOSS,67740.3,68079.0015,67198.3776,68079.0015,3,,3.0,-0.4975,-0.5975,0.1495,-0.9838
B-BTC_USDT,2026-02-08T10:55:00+00:00,LONG,UPTREND,LOWER_WICK_SWEEP,52.83,-13.09334434,70193.33155725,70012.40320099,69437.40309763,69290.80565004,0.7972,0.0,0.7972,WIN,70231.1,70792.9488,70792.9488,69879.9445,4,4.0,,0.8,0.7,0.9711,-0.0698
B-BTC_USDT,2026-02-08T15:15:00+00:00,LONG,UPTREND,LOWER_WICK_SWEEP,54.37,-12.12180236,71231.82226954,71018.68936472,70077.68832579,69607.10379722,0.7948,0.0,0.7948,LOSS,71279.5,70923.1025,71849.736,70923.1025,2,,2.0,-0.5,-0.6,0.1977,-0.7706
B-BTC_USDT,2026-02-08T19:45:00+00:00,LONG,UPTREND,LOWER_WICK_SWEEP,61.41,1.93977008,71133.42893301,71022.82971509,70333.73329891,69791.0490223,0.6409,0.2128,0.7872,LOSS,71283.8,70927.381,71854.0704,70927.381,3,,3.0,-0.5,-0.6,0.2752,-0.5526
B-BTC_USDT,2026-02-09T19:45:00+00:00,LONG,UPTREND,LOWER_WICK_SWEEP,69.55,27.83163627,70550.08576607,70203.15025737,69954.9099004,69951.40752553,0.7075,0.145,0.855,LOSS,70908.1,70553.5595,71475.3648,70553.5595,6,,6.0,-0.5,-0.6,0.2495,-0.5221
B-BTC_USDT,2026-02-09T20:45:00+00:00,LONG,UPTREND,LOWER_WICK_SWEEP,55.25,-31.51840144,70680.99202045,70412.07166576,70046.12800512,69989.10526963,0.629,0.2272,0.629,LOSS,70755.0,70401.225,71321.04,70401.225,4,,4.0,-0.5,-0.6,0.0984,-0.5855
B-BTC_USDT,2026-02-10T10:00:00+00:00,SHORT,DOWNTREND,UPPER_WICK_SWEEP,48.95,-12.50392182,69119.68721557,69176.18880274,69663.03804364,69848.37989672,0.2529,0.6096,0.2529,WIN,69097.0,68544.224,68544.224,69442.485,20,20.0,,0.8065,0.7065,1.001,-0.1964
B-BTC_USDT,2026-02-10T11:05:00+00:00,SHORT,DOWNTREND,UPPER_WICK_SWEEP,37.87,-26.7655058,69007.67355648,69098.77257808,69588.92013472,69810.59244979,0.1748,0.6863,0.1748,LOSS,68834.2,69178.371,68283.5264,69178.371,38,,38.0,-0.4975,-0.5975,0.7556,-1.0467
B-BTC_USDT,2026-02-11T08:05:00+00:00,SHORT,DOWNTREND,UPPER_WICK_SWEEP,41.91,42.8790249,67007.46587986,67321.15223698,68357.08702155,69013.73159907,0.219,0.3597,0.219,WIN,66887.9,66352.7968,66352.7968,67222.3395,34,34.0,,0.8065,0.7065,0.8219,-0.2954
B-BTC_USDT,2026-02-11T08:20:00+00:00,SHORT,DOWNTREND,UPPER_WICK_SWEEP,45.99,28.06534893,66989.66352121,67277.73017112,68357.08702155,69013.73159907,0.1141,0.8251,0.1141,WIN,66962.0,66426.304,66426.304,67296.81,30,30.0,,0.8065,0.7065,0.899,-0.1844
B-BTC_USDT,2026-02-11T08:35:00+00:00,SHORT,DOWNTREND,UPPER_WICK_SWEEP,45.78,18.20374047,66970.75379462,67236.80042896,68357.08702155,69013.73159907,0.1264,0.626,0.374,WIN,66941.7,66406.1664,66406.1664,67276.4085,27,27.0,,0.8065,0.7065,0.8684,-0.2148
B-BTC_USDT,2026-02-12T18:25:00+00:00,SHORT,DOWNTREND,UPPER_WICK_SWEEP,34.56,3.62279176,65759.2117993,66368.97652364,67163.54237385,67642.92675434,0.1965,0.5028,0.1965,LOSS,65277.3,65603.6865,64755.0816,65603.6865,4,,4.0,-0.4975,-0.5975,0.3016,-0.588
B-BTC_USDT,2026-02-12T19:00:00+00:00,SHORT,DOWNTREND,UPPER_WICK_SWEEP,42.45,60.0608421,65623.4432098,66152.13852314,67010.76690968,67561.21982279,0.0804,0.6521,0.0804,LOSS,65493.5,65820.9675,64969.552,65820.9675,4,,4.0,-0.4975,-0.5975,0.3978,-0.6836
B-BTC_USDT,2026-02-13T18:25:00+00:00,LONG,UPTREND,LOWER_WICK_SWEEP,55.21,-34.35378255,68979.95670767,68611.32786866,67331.75572961,67235.91170954,0.5861,0.2703,0.5861,LOSS,69037.8,68692.611,69590.1024,68692.611,22,,22.0,-0.5,-0.6,0.4939,-0.5317
B-BTC_USDT,2026-02-13T19:15:00+00:00,LONG,UPTREND,LOWER_WICK_SWEEP,56.15,-17.80175079,69061.89488486,68776.50594378,67498.89327917,67308.4916425,0.7312,0.0518,0.9482,LOSS,69150.7,68804.9465,69703.9056,68804.9465,11,,11.0,-0.5,-0.6,0.067,-0.5547
B-BTC_USDT,2026-02-13T22:55:00+00:00,LONG,UPTREND,LOWER_WICK_SWEEP,57.23,17.83862268,68860.96122491,68843.16466746,67846.77201186,67481.77759571,0.842,0.0,1.0,TIME_EXIT,68968.9,68849.2,69520.6512,68624.0555,48,,,-0.1736,-0.2736,0.2163,-0.3374
B-BTC_USDT,2026-02-14T00:55:00+00:00,LONG,UPTREND,LOWER_WICK_SWEEP,61.54,27.10257926,68924.66689969,68883.25881589,68036.29454939,67590.34725386,0.6915,0.0,0.6915,TIME_EXIT,69062.2,68763.6,69614.6976,68716.889,48,,,-0.4324,-0.5324,0.0298,-0.4439
B-BTC_USDT,2026-02-14T10:20:00+00:00,LONG,UPTREND,LOWER_WICK_SWEEP,54.44,-32.82548433,69593.63880596,69402.74674552,68737.15169953,68088.57070824,0.4539,0.0024,0.9976,WIN,69603.2,70160.0256,70160.0256,69255.184,10,10.0,,0.8,0.7,0.8234,-0.0875
B-BTC_USDT,2026-02-15T09:30:00+00:00,LONG,UPTREND,LOWER_WICK_SWEEP,52.6,2.64229906,70516.70184661,70424.6696635,69919.88652482,69216.35200627,0.6484,0.001,0.6484,LOSS,70557.4,70204.613,71121.8592,70204.613,7,,7.0,-0.5,-0.6,0.0473,-0.5535
B-BTC_USDT,2026-02-16T02:45:00+00:00,SHORT,DOWNTREND,UPPER_WICK_SWEEP,36.59,-18.72490167,68524.48110659,68621.66647864,69062.14832636,69097.67311133,0.0102,0.3906,0.0102,LOSS,68317.8,68659.389,67771.2576,68659.389,18,,18.0,-0.4975,-0.5975,0.3019,-0.6035
B-BTC_USDT,2026-02-16T05:30:00+00:00,SHORT,DOWNTREND,UPPER_WICK_SWEEP,42.36,-39.2679627,68537.59383331,68544.32850948,68922.77390892,69031.65127798,0.0016,0.5563,0.0016,LOSS,68400.1,68742.1005,67852.8992,68742.1005,39,,39.0,-0.4975,-0.5975,0.318,-0.508
B-BTC_USDT,2026-02-16T17:05:00+00:00,SHORT,DOWNTREND,UPPER_WICK_SWEEP,43.6,53.08797721,67820.37422114,68107.6782873,68594.99879661,68830.63974019,0.0005,0.5009,0.0005,LOSS,67730.9,68069.5545,67189.0528,68069.5545,12,,12.0,-0.4975,-0.5975,0.2571,-0.5302
B-BTC_USDT,2026-02-16T20:15:00+00:00,SHORT,DOWNTREND,UPPER_WICK_SWEEP,47.47,-6.20235247,67944.66787833,67986.8152657,68408.74466537,68722.84528872,0.1358,0.698,0.1358,LOSS,67912.4,68251.962,67369.1008,68251.962,5,,5.0,-0.4975,-0.5975,-0.0001,-0.5295
B-BTC_USDT,2026-02-17T17:05:00+00:00,SHORT,DOWNTREND,UPPER_WICK_SWEEP,48.38,0.56799821,67533.8716659,67588.14978725,67995.67129416,68368.16249339,0.0095,0.6828,0.0095,WIN,67468.6,66928.8512,66928.8512,67805.943,7,7.0,,0.8065,0.7065,0.8169,-0.0245
B-BTC_USDT,2026-02-18T14:25:00+00:00,SHORT,DOWNTREND,UPPER_WICK_SWEEP,33.38,-14.30615447,67273.90836283,67454.679304,67663.77605305,67942.8178088,0.0,0.5859,0.0,LOSS,67050.7,67385.9535,66514.2944,67385.9535,7,,7.0,-0.4975,-0.5975,0.5768,-0.624
B-BTC_USDT,2026-02-18T14:30:00+00:00,SHORT,DOWNTREND,UPPER_WICK_SWEEP,32.66,-16.15518845,67250.91709018,67438.12325287,67663.77605305,67942.8178088,0.1036,0.8358,0.1036,LOSS,67032.5,67367.6625,66496.24,67367.6625,6,,6.0,-0.4975,-0.5975,0.5495,-0.6513
B-BTC_USDT,2026-02-18T16:20:00+00:00,SHORT,DOWNTREND,UPPER_WICK_SWEEP,44.06,-58.05205973,67370.25531949,67408.55767376,67623.6828915,67903.81259474,0.0791,0.7716,0.2284,WIN,67166.6,66629.2672,66629.2672,67502.433,24,24.0,,0.8065,0.7065,0.8495,-0.4304
B-BTC_USDT,2026-02-18T18:00:00+00:00,SHORT,DOWNTREND,UPPER_WICK_SWEEP,45.7,4.42144733,67157.04704478,67254.36269496,67534.45923771,67844.39332563,0.0477,0.3744,0.0477,WIN,67083.9,66547.2288,66547.2288,67419.3195,8,8.0,,0.8065,0.7065,1.2072,-0.0979
B-BTC_USDT,2026-02-20T08:20:00+00:00,LONG,UPTREND,LOWER_WICK_SWEEP,58.03,-12.90134075,67818.83873604,67679.86476665,67174.06502728,67151.92317541,0.6532,0.277,0.6532,LOSS,67867.5,67528.1625,68410.44,67528.1625,40,,40.0,-0.5,-0.6,0.6133,-0.7034
B-BTC_USDT,2026-02-20T21:15:00+00:00,LONG,UPTREND,LOWER_WICK_SWEEP,52.69,0.92106323,67666.64541443,67605.00735998,67478.44248452,67328.76651871,0.716,0.0082,0.9918,TIME_EXIT,67703.0,67839.4,68244.624,67364.485,48,,,0.2015,0.1015,0.7636,-0.1474
B-BTC_USDT,2026-02-20T21:45:00+00:00,LONG,UPTREND,LOWER_WICK_SWEEP,56.06,6.80979116,67696.71810482,67631.78431583,67478.44248452,67328.76651871,0.4959,0.0012,0.9988,TIME_EXIT,67773.4,67969.0,68315.5872,67434.533,48,,,0.2886,0.1886,0.659,-0.2511
B-BTC_USDT,2026-02-20T22:45:00+00:00,LONG,UPTREND,LOWER_WICK_SWEEP,62.08,22.13530904,67816.87180303,67714.80077425,67508.33367647,67346.94430229,0.3793,0.1496,0.8504,TIME_EXIT,67979.9,67973.2,68523.7392,67640.0005,48,,,-0.0099,-0.1099,0.3532,-0.3451
B-BTC_USDT,2026-02-21T02:35:00+00:00,LONG,UPTREND,LOWER_WICK_SWEEP,64.26,14.76610369,67953.13170825,67900.5231241,67647.65916388,67433.86741379,0.5344,0.0,1.0,LOSS,68049.3,67709.0535,68593.6944,67709.0535,5,,5.0,-0.5,-0.6,0.0046,-0.563
B-BTC_USDT,2026-02-21T14:05:00+00:00,LONG,UPTREND,LOWER_WICK_SWEEP,58.5,8.30494273,68147.41494558,68102.46768661,67906.35362728,67644.30744976,0.4387,0.0723,0.9277,TIME_EXIT,68218.5,68340.7,68764.248,67877.4075,48,,,0.1791,0.0791,0.6868,-0.2235
B-BTC_USDT,2026-02-21T17:55:00+00:00,LONG,UPTREND,LOWER_WICK_SWEEP,57.53,22.34892472,68332.13037611,68312.03709598,68040.21364102,67732.61462151,0.6927,0.0,0.6927,TIME_EXIT,68408.8,68351.0,68956.0704,68066.756,48,,,-0.0845,-0.1845,0.327,-0.4304
B-BTC_USDT,2026-02-21T18:45:00+00:00,LONG,UPTREND,LOWER_WICK_SWEEP,67.48,20.91593974,68422.2544517,68362.10999387,68075.31710378,67759.13169517,0.4274,0.2209,0.7791,LOSS,68575.6,68232.722,69124.2048,68232.722,26,,26.0,-0.5,-0.6,0.083,-0.6725
B-BTC_USDT,2026-02-21T19:40:00+00:00,LONG,UPTREND,LOWER_WICK_SWEEP,61.7,-0.15018184,68521.01251907,68435.72801773,68120.25833199,67790.03633458,0.7237,0.0,1.0,LOSS,68601.3,68258.2935,69150.1104,68258.2935,15,,15.0,-0.5,-0.6,-0.0001,-0.7098
B-BTC_USDT,2026-02-22T18:25:00+00:00,SHORT,DOWNTREND,UPPER_WICK_SWEEP,38.24,1.84716671,67402.17632267,67511.33179201,67836.10861866,67845.15146626,0.1657,0.4305,0.1657,LOSS,67316.7,67653.2835,66778.1664,67653.2835,47,,47.0,-0.4975,-0.5975,0.0413,-0.5189
B-BTC_USDT,2026-02-22T20:05:00+00:00,SHORT,DOWNTREND,UPPER_WICK_SWEEP,47.54,1.28367382,67409.11428098,67454.19561251,67756.54197582,67810.7183662,0.0,0.6875,0.3125,TIME_EXIT,67398.0,67618.0,66858.816,67734.99,48,,,-0.3254,-0.4254,0.1098,-0.4896
B-BTC_USDT,2026-02-22T20:40:00+00:00,SHORT,DOWNTREND,UPPER_WICK_SWEEP,46.31,-0.47526483,67405.6039489,67441.51376908,67756.54197582,67810.7183662,0.2716,0.3879,0.2716,LOSS,67385.5,67722.4275,66846.416,67722.4275,26,,26.0,-0.4975,-0.5975,0.0912,-0.5083
B-BTC_USDT,2026-02-23T03:30:00+00:00,SHORT,DOWNTREND,UPPER_WICK_SWEEP,37.37,84.43422992,64896.67060734,65580.58399566,67048.79529025,67487.57158175,0.2436,0.7036,0.2964,LOSS,64735.6,65059.278,64217.7152,65059.278,20,,20.0,-0.4975,-0.5975,0.1657,-0.6896
B-BTC_USDT,2026-02-23T04:30:00+00:00,SHORT,DOWNTREND,UPPER_WICK_SWEEP,39.58,26.80637197,64867.6759192,65308.73542263,66843.57669117,67385.86289227,0.3025,0.6625,0.3025,LOSS,64735.4,65059.077,64217.5168,65059.077,8,,8.0,-0.4975,-0.5975,0.1654,-0.6899
B-BTC_USDT,2026-02-23T19:00:00+00:00,SHORT,DOWNTREND,UPPER_WICK_SWEEP,39.52,21.61990014,64807.04604402,65119.55276426,65843.34808878,66586.10346897,0.1599,0.7827,0.1599,WIN,64593.8,64077.0496,64077.0496,64916.769,7,7.0,,0.8065,0.7065,0.849,-0.3547
B-BTC_USDT,2026-02-23T19:10:00+00:00,SHORT,DOWNTREND,UPPER_WICK_SWEEP,43.27,21.46042598,64788.83905191,65087.89411264,65843.34808878,66586.10346897,0.1194,0.4383,0.1194,WIN,64670.2,64152.8384,64152.8384,64993.551,5,5.0,,0.8065,0.7065,0.9683,-0.0152
B-BTC_USDT,2026-02-23T19:30:00+00:00,SHORT,DOWNTREND,UPPER_WICK_SWEEP,33.32,-17.88060755,64673.04771101,64992.75535498,65843.34808878,66586.10346897,0.0247,0.3717,0.0247,LOSS,64305.0,64626.525,63790.56,64626.525,18,,18.0,-0.4975,-0.5975,0.6968,-0.5256
B-BTC_USDT,2026-02-24T02:00:00+00:00,SHORT,DOWNTREND,UPPER_WICK_SWEEP,37.37,-42.21824246,64393.3497706,64555.02717828,65178.96215824,66081.99399262,0.1465,0.3692,0.1465,LOSS,64001.4,64321.407,63489.3888,64321.407,6,,6.0,-0.4975,-0.5975,0.0613,-0.7478
B-BTC_USDT,2026-02-24T02:55:00+00:00,SHORT,DOWNTREND,UPPER_WICK_SWEEP,42.27,6.34427872,64238.26328997,64416.98809725,65178.96215824,66081.99399262,0.1236,0.7458,0.2542,WIN,64080.3,63567.6576,63567.6576,64400.7015,3,3.0,,0.8065,0.7065,0.8781,0.0002
B-BTC_USDT,2026-02-24T09:30:00+00:00,SHORT,DOWNTREND,UPPER_WICK_SWEEP,40.5,-27.59937812,63199.03175808,63250.69138926,64248.46117638,65416.20768552,0.0988,0.4194,0.0988,WIN,63056.1,62551.6512,62551.6512,63371.3805,48,48.0,,0.8065,0.7065,1.0487,-0.4528
B-BTC_USDT,2026-02-24T11:25:00+00:00,SHORT,DOWNTREND,UPPER_WICK_SWEEP,46.32,-6.09384849,63185.80924634,63209.77646261,64064.17207409,65248.25761359,0.2924,0.6343,0.3657,WIN,63148.3,62643.1136,62643.1136,63464.0415,25,25.0,,0.8065,0.7065,1.1964,-0.2706
B-BTC_USDT,2026-02-27T08:25:00+00:00,LONG,UPTREND,LOWER_WICK_SWEEP,62.61,37.80159326,67731.36474542,67661.68485766,67540.13554441,67219.8732385,0.4853,0.0011,0.9989,LOSS,67924.9,67585.2755,68468.2992,67585.2755,15,,15.0,-0.5,-0.6,0.2987,-0.5301
B-BTC_USDT,2026-02-27T08:50:00+00:00,LONG,UPTREND,LOWER_WICK_SWEEP,61.05,21.12798608,67791.34202875,67700.95359256,67540.13554441,67219.8732385,0.8411,0.1299,0.8701,LOSS,67955.0,67615.225,68498.64,67615.225,10,,10.0,-0.5,-0.6,0.2543,-0.5742
B-BTC_USDT,2026-02-27T16:15:00+00:00,SHORT,DOWNTREND,UPPER_WICK_SWEEP,43.23,-10.99520815,65997.2916131,66125.05041627,66895.62530777,67006.97990382,0.1069,0.7509,0.2491,WIN,65893.6,65366.4512,65366.4512,66223.068,12,12.0,,0.8065,0.7065,0.9276,-0.226
B-BTC_USDT,2026-02-27T16:55:00+00:00,SHORT,DOWNTREND,UPPER_WICK_SWEEP,32.18,-55.89967797,65836.91054188,66018.36415059,66895.62530777,67006.97990382,0.0845,0.3659,0.0845,TIME_EXIT,65449.3,65564.2,64925.7056,65776.5465,48,,,-0.1752,-0.2752,0.5675,-0.4937
B-BTC_USDT,2026-02-27T18:15:00+00:00,SHORT,DOWNTREND,UPPER_WICK_SWEEP,45.26,33.99521578,65548.57118227,65755.35335856,66654.55813176,66895.97698927,0.2964,0.5363,0.2964,TIME_EXIT,65495.9,65559.2,64971.9328,65823.3795,48,,,-0.0966,-0.1966,0.5536,-0.3446
B-BTC_USDT,2026-02-27T19:15:00+00:00,SHORT,DOWNTREND,UPPER_WICK_SWEEP,38.02,-15.80557128,65398.92029983,65603.56552867,66524.10497635,66832.79357792,0.0384,0.4481,0.0384,LOSS,65187.3,65513.2365,64665.8016,65513.2365,9,,9.0,-0.4975,-0.5975,0.0163,-0.5647
B-BTC_USDT,2026-02-27T19:40:00+00:00,SHORT,DOWNTREND,UPPER_WICK_SWEEP,42.39,6.54861422,65361.17135984,65549.22873635,66524.10497635,66832.79357792,0.2821,0.4105,0.2821,LOSS,65265.8,65592.129,64743.6736,65592.129,7,,7.0,-0.4975,-0.5975,0.0667,-0.5271
B-BTC_USDT,2026-02-27T22:00:00+00:00,SHORT,DOWNTREND,UPPER_WICK_SWEEP,46.73,-21.7559591,65542.12339135,65550.86730201,66253.74311984,66679.69950207,0.0,0.8284,0.0,WIN,65490.7,64966.7744,64966.7744,65818.1535,6,6.0,,0.8065,0.7065,0.9481,-0.151
B-BTC_USDT,2026-02-28T08:15:00+00:00,SHORT,DOWNTREND,UPPER_WICK_SWEEP,38.09,51.41651589,63891.09539907,64478.28448155,65519.67117844,66197.41706623,0.0504,0.9461,0.0539,LOSS,63588.0,63905.94,63079.296,63905.94,13,,13.0,-0.4975,-0.5975,0.4329,-0.5278
B-BTC_USDT,2026-02-28T08:30:00+00:00,SHORT,DOWNTREND,UPPER_WICK_SWEEP,37.68,41.86945551,63803.35868073,64373.63204476,65519.67117844,66197.41706623,0.2405,0.478,0.2405,LOSS,63532.7,63850.3635,63024.4384,63850.3635,10,,10.0,-0.4975,-0.5975,0.3456,-0.6153
B-BTC_USDT,2026-02-28T12:05:00+00:00,SHORT,DOWNTREND,UPPER_WICK_SWEEP,47.98,-32.64559145,63920.48519788,63952.90396324,64928.17220626,65830.50948464,0.0009,0.6788,0.3212,LOSS,63866.1,64185.4305,63355.1712,64185.4305,20,,20.0,-0.4975,-0.5975,0.1315,-1.4623
B-BTC_USDT,2026-02-28T13:00:00+00:00,SHORT,DOWNTREND,UPPER_WICK_SWEEP,48.34,-11.00766523,63935.19604833,63950.32056864,64837.87009138,65757.94048525,0.1554,0.4851,0.1554,LOSS,63900.1,64219.6005,63388.8992,64219.6005,9,,9.0,-0.4975,-0.5975,0.0459,-1.4083
B-BTC_USDT,2026-03-02T12:00:00+00:00,LONG,UPTREND,LOWER_WICK_SWEEP,57.07,19.66812994,66219.93527844,66206.70000657,66274.59085126,66241.30050316,0.7471,0.1396,0.8604,LOSS,66347.4,66015.663,66878.1792,66015.663,7,,7.0,-0.5,-0.6,0.0038,-0.6229
B-BTC_USDT,2026-03-02T17:25:00+00:00,LONG,UPTREND,LOWER_WICK_SWEEP,58.72,-131.02838932,69190.90371909,68284.26234805,66797.98269867,66465.11216182,0.8255,0.1631,0.8255,LOSS,69371.7,69024.8415,69926.6736,69024.8415,3,,3.0,-0.5,-0.6,0.0584,-0.8573
B-BTC_USDT,2026-03-02T18:40:00+00:00,LONG,UPTREND,LOWER_WICK_SWEEP,51.87,-44.50739041,69087.55536705,68631.95400933,67023.91767974,66571.1979594,0.6059,0.1122,0.8878,LOSS,69096.2,68750.719,69648.9696,68750.719,4,,4.0,-0.5,-0.6,0.0742,-0.5908
B-BTC_USDT,2026-03-02T22:50:00+00:00,LONG,UPTREND,LOWER_WICK_SWEEP,52.9,-14.55994468,69278.64857596,69123.09511386,67699.55322392,66939.10909552,0.4744,0.1892,0.8108,LOSS,69310.1,68963.5495,69864.5808,68963.5495,6,,6.0,-0.5,-0.6,0.2073,-0.5266
B-BTC_USDT,2026-03-04T10:55:00+00:00,LONG,UPTREND,LOWER_WICK_SWEEP,58.74,-123.1128502,71218.53860147,70449.01818132,68726.08736058,68046.94756609,0.3911,0.0,1.0,LOSS,71310.9,70954.3455,71881.3872,70954.3455,8,,8.0,-0.5,-0.6,0.2203,-0.5859
B-BTC_USDT,2026-03-04T13:35:00+00:00,LONG,UPTREND,LOWER_WICK_SWEEP,60.11,34.94616734,71186.77988335,70943.33092244,69376.51849759,68407.34926086,0.3886,0.0274,0.9726,WIN,71418.9,71990.2512,71990.2512,71061.8055,11,11.0,,0.8,0.7,1.6958,-0.1843
B-BTC_USDT,2026-03-04T18:55:00+00:00,LONG,UPTREND,LOWER_WICK_SWEEP,64.82,17.33502095,73290.95968606,72891.68420864,70667.8424132,69166.93522398,0.5191,0.0861,0.9139,LOSS,73651.4,73283.143,74240.6112,73283.143,14,,14.0,-0.5,-0.6,0.5364,-0.5314
B-BTC_USDT,2026-03-04T19:50:00+00:00,LONG,UPTREND,LOWER_WICK_SWEEP,57.8,-14.32385526,73547.66751883,73170.97452136,70951.9907548,69342.79658774,0.4418,0.1685,0.8315,LOSS,73709.9,73341.3505,74299.5792,73341.3505,3,,3.0,-0.5,-0.6,0.0326,-0.6104
B-BTC_USDT,2026-03-06T17:20:00+00:00,SHORT,DOWNTREND,UPPER_WICK_SWEEP,43.43,20.89346683,68502.15485743,68846.10389835,70101.7626071,70591.77927788,0.068,0.5779,0.068,WIN,68360.7,67813.8144,67813.8144,68702.5035,3,3.0,,0.8065,0.7065,0.9203,-0.0054
B-BTC_USDT,2026-03-06T19:30:00+00:00,SHORT,DOWNTREND,UPPER_WICK_SWEEP,44.46,2.04979762,68261.33224725,68439.91456987,69728.23333597,70395.52427766,0.0047,0.5814,0.0047,TIME_EXIT,68155.3,68303.4,67610.0576,68496.0765,48,,,-0.2168,-0.3168,0.6264,-0.3687
B-BTC_USDT,2026-03-06T19:40:00+00:00,SHORT,DOWNTREND,UPPER_WICK_SWEEP,42.75,-9.11561676,68236.40939061,68415.64878211,69728.23333597,70395.52427766,0.0399,0.8114,0.0399,TIME_EXIT,68111.5,68210.0,67566.608,68452.0575,48,,,-0.1444,-0.2444,0.5618,-0.4333
B-BTC_USDT,2026-03-06T21:30:00+00:00,SHORT,DOWNTREND,UPPER_WICK_SWEEP,43.94,5.6087054,68049.42684282,68187.43347506,69430.87218659,70218.19615173,0.203,0.7802,0.2198,LOSS,67979.0,68318.895,67435.168,68318.895,6,,6.0,-0.4975,-0.5975,0.0034,-0.5284
B-BTC_USDT,2026-03-09T02:10:00+00:00,SHORT,DOWNTREND,UPPER_WICK_SWEEP,42.71,-33.29384562,66301.47718677,66367.08882523,66870.31931631,67522.16116381,0.1535,0.5963,0.1535,LOSS,66131.9,66462.5595,65602.8448,66462.5595,5,,5.0,-0.4975,-0.5975,0.3262,-0.6398
B-BTC_USDT,2026-03-09T20:50:00+00:00,LONG,UPTREND,LOWER_WICK_SWEEP,54.34,-18.8398437,68856.38178605,68777.22743245,68078.20024769,67839.88035876,0.4897,0.0196,0.9804,LOSS,68918.2,68573.609,69469.5456,68573.609,21,,21.0,-0.5,-0.6,0.2117,-0.5231
B-BTC_USDT,2026-03-09T21:40:00+00:00,LONG,UPTREND,LOWER_WICK_SWEEP,52.36,-13.05331083,68890.39281822,68823.03523588,68158.01927172,67882.09289371,0.7935,0.1849,0.8151,LOSS,68911.9,68567.3405,69463.1952,68567.3405,11,,11.0,-0.5,-0.6,0.1351,-0.514
B-BTC_USDT,2026-03-10T04:45:00+00:00,LONG,UPTREND,LOWER_WICK_SWEEP,57.8,0.47812122,69769.19133888,69560.95995549,68684.45331498,68192.85085971,0.8123,0.1811,0.8189,WIN,69911.1,70470.3888,70470.3888,69561.5445,31,31.0,,0.8,0.7,0.8424,-0.2742
B-BTC_USDT,2026-03-10T06:35:00+00:00,LONG,UPTREND,LOWER_WICK_SWEEP,56.4,1.34243405,69941.81254478,69803.40965254,68920.30985648,68330.73814462,0.8635,0.0434,0.9566,WIN,70049.1,70609.4928,70609.4928,69698.8545,18,18.0,,0.8,0.7,1.2147,-0.3646
B-BTC_USDT,2026-03-11T16:40:00+00:00,LONG,UPTREND,LOWER_WICK_SWEEP,62.9,46.57368415,70379.17991855,70190.54926965,69859.68177168,69572.85879553,0.5223,0.0433,0.9567,WIN,70715.4,71281.1232,71281.1232,70361.823,9,9.0,,0.8,0.7,0.8069,-0.3681
B-BTC_USDT,2026-03-11T19:40:00+00:00,LONG,UPTREND,LOWER_WICK_SWEEP,52.56,6.02547537,70585.12731801,70533.65672405,70057.74033819,69691.57922998,0.7005,0.0929,0.9071,LOSS,70637.0,70283.815,71202.096,70283.815,35,,35.0,-0.5,-0.6,0.4175,-0.562
B-BTC_USDT,2026-03-12T16:45:00+00:00,LONG,UPTREND,LOWER_WICK_SWEEP,58.63,25.99181119,70190.34682456,70124.73416407,69976.54217336,69847.65339816,0.49,0.0021,0.9979,LOSS,70475.2,70122.824,71039.0016,70122.824,12,,12.0,-0.5,-0.6,0.035,-0.5064
B-BTC_USDT,2026-03-12T21:50:00+00:00,LONG,UPTREND,LOWER_WICK_SWEEP,54.35,-0.29716059,70242.59375769,70206.93317112,70047.47643839,69903.94827149,0.7517,0.2163,0.7517,WIN,70293.3,70855.6464,70855.6464,69941.8335,28,28.0,,0.8,0.7,1.132,-0.4532
B-BTC_USDT,2026-03-13T02:15:00+00:00,LONG,UPTREND,LOWER_WICK_SWEEP,59.95,-38.07136003,71441.47151975,71083.98042129,70371.36406515,70070.11730377,0.6889,0.1094,0.8906,LOSS,71560.0,71202.2,72132.48,71202.2,4,,4.0,-0.5,-0.6,0.0133,-0.5715
B-BTC_USDT,2026-03-13T07:55:00+00:00,LONG,UPTREND,LOWER_WICK_SWEEP,62.08,21.62746142,71452.12459223,71377.20174429,70754.00120441,70299.83441804,0.5319,0.3244,0.6756,WIN,71585.3,72157.9824,72157.9824,71227.3735,25,25.0,,0.8,0.7,0.9135,-0.3327
B-BTC_USDT,2026-03-13T12:10:00+00:00,LONG,UPTREND,LOWER_WICK_SWEEP,59.49,-15.55340955,72271.39380544,72077.14091931,71254.56169577,70608.76639009,0.5767,0.0976,0.9024,WIN,72375.6,72954.6048,72954.6048,72013.722,13,13.0,,0.8,0.7,1.2345,-0.1331
B-BTC_USDT,2026-03-13T12:25:00+00:00,LONG,UPTREND,LOWER_WICK_SWEEP,57.73,-7.84370779,72295.49591961,72109.51740745,71254.56169577,70608.76639009,0.762,0.0,0.762,WIN,72370.9,72949.8672,72949.8672,72009.0455,10,10.0,,0.8,0.7,1.2411,-0.1202
B-BTC_USDT,2026-03-13T12:35:00+00:00,LONG,UPTREND,LOWER_WICK_SWEEP,57.76,-7.0525805,72308.40187523,72129.26816428,71254.56169577,70608.76639009,0.7546,0.0647,0.9353,WIN,72375.0,72954.0,72954.0,72013.125,8,8.0,,0.8,0.7,1.2354,-0.1087
B-BTC_USDT,2026-03-14T18:10:00+00:00,SHORT,DOWNTREND,UPPER_WICK_SWEEP,42.37,-9.34645812,70597.89802275,70620.95511342,70772.62272618,70812.6024274,0.0,0.7377,0.0,TIME_EXIT,70544.1,70670.0,69979.7472,70896.8205,48,,,-0.1782,-0.2782,0.034,-0.4124
B-BTC_USDT,2026-03-15T03:55:00+00:00,LONG,UPTREND,LOWER_WICK_SWEEP,54.62,-21.70426181,71290.94091871,71162.81043865,70873.13599286,70841.85877337,0.6038,0.0231,0.9769,TIME_EXIT,71314.8,71420.8,71885.3184,70958.226,48,,,0.1486,0.0486,0.6103,-0.0529
B-BTC_USDT,2026-03-15T04:40:00+00:00,LONG,UPTREND,LOWER_WICK_SWEEP,63.86,1.71836353,71423.02265124,71268.5641783,70915.19923163,70860.40548814,0.7939,0.0453,0.9547,TIME_EXIT,71541.8,71535.5,72114.1344,71184.091,48,,,-0.0088,-0.1088,0.291,-0.2772
B-BTC_USDT,2026-03-15T06:10:00+00:00,LONG,UPTREND,LOWER_WICK_SWEEP,52.19,-16.39846605,71515.52499602,71405.7108466,71020.37986988,70909.31494695,0.8821,0.0,0.8821,TIME_EXIT,71518.3,71769.1,72090.4464,71160.7085,48,,,0.3507,0.2507,0.5308,-0.2444
B-BTC_USDT,2026-03-15T10:25:00+00:00,LONG,UPTREND,LOWER_WICK_SWEEP,60.54,-4.06309686,71739.5519095,71634.17186152,71205.44775697,71007.28666742,0.4153,0.1219,0.8781,LOSS,71820.4,71461.298,72394.9632,71461.298,32,,32.0,-0.5,-0.6,0.0412,-0.6271
B-BTC_USDT,2026-03-16T01:40:00+00:00,LONG,UPTREND,LOWER_WICK_SWEEP,52.72,-5.24769838,72519.64077502,72382.96567297,71808.42147018,71405.85285085,0.5572,0.3054,0.6946,WIN,72557.3,73137.7584,73137.7584,72194.5135,22,22.0,,0.8,0.7,1.6617,-0.3091
B-BTC_USDT,2026-03-16T23:50:00+00:00,LONG,UPTREND,LOWER_WICK_SWEEP,58.13,10.92065185,74606.27331133,74429.10374355,73657.33132061,72783.69800087,0.6267,0.2151,0.6267,WIN,74750.1,75348.1008,75348.1008,74376.3495,4,4.0,,0.8,0.7,0.9255,-0.2448
B-BTC_USDT,2026-03-17T20:35:00+00:00,LONG,UPTREND,LOWER_WICK_SWEEP,51.35,-8.33060408,74514.42388667,74425.86263662,74162.32420253,73627.70909326,0.4678,0.3247,0.6753,LOSS,74526.1,74153.4695,75122.3088,74153.4695,24,,24.0,-0.5,-0.6,0.3367,-0.8465
B-BTC_USDT,2026-03-17T20:45:00+00:00,LONG,UPTREND,LOWER_WICK_SWEEP,50.82,-6.27492326,74513.83451947,74432.40991562,74162.32420253,73627.70909326,0.8642,0.0,1.0,LOSS,74516.4,74143.818,75112.5312,74143.818,22,,22.0,-0.5,-0.6,0.3497,-0.8336
B-BTC_USDT,2026-03-17T22:00:00+00:00,LONG,UPTREND,LOWER_WICK_SWEEP,60.15,13.23342211,74601.27461484,74512.23291118,74235.30121795,73699.54261166,0.4358,0.1195,0.8805,LOSS,74720.5,74346.8975,75318.264,74346.8975,5,,5.0,-0.5,-0.6,0.0223,-0.5226
B-BTC_USDT,2026-03-18T16:00:00+00:00,SHORT,DOWNTREND,UPPER_WICK_SWEEP,39.8,57.48183939,71467.32637982,71980.62968174,73225.44079377,73494.62661169,0.0176,0.4611,0.0176,LOSS,71323.6,71680.218,70753.0112,71680.218,19,,19.0,-0.4975,-0.5975,0.4532,-0.5249
B-BTC_USDT,2026-03-18T17:10:00+00:00,SHORT,DOWNTREND,UPPER_WICK_SWEEP,43.93,34.80818878,71302.72456916,71663.73102354,73041.06548007,73408.15105829,0.0,0.6354,0.3646,LOSS,71256.6,71612.883,70686.5472,71612.883,5,,5.0,-0.4975,-0.5975,0.1217,-0.6195
B-BTC_USDT,2026-03-19T15:30:00+00:00,SHORT,DOWNTREND,UPPER_WICK_SWEEP,41.4,-17.37434673,69409.28807295,69576.73237955,70580.26314254,71698.24989002,0.0398,0.8416,0.1584,LOSS,69183.5,69529.4175,68630.032,69529.4175,5,,5.0,-0.4975,-0.5975,0.6305,-0.5089
B-BTC_USDT,2026-03-19T15:35:00+00:00,SHORT,DOWNTREND,UPPER_WICK_SWEEP,42.64,-19.16258597,69390.91778029,69562.601698,70580.26314254,71698.24989002,0.3015,0.5602,0.4398,LOSS,69216.4,69562.482,68662.6688,69562.482,10,,10.0,-0.4975,-0.5975,0.6784,-0.5207
B-BTC_USDT,2026-03-20T14:05:00+00:00,SHORT,DOWNTREND,UPPER_WICK_SWEEP,34.07,-45.44935435,70173.3476531,70348.63036097,70405.08756153,70878.71483712,0.4479,0.5025,0.4479,LOSS,69833.6,70182.768,69274.9312,70182.768,6,,6.0,-0.4975,-0.5975,0.3897,-0.582
B-BTC_USDT,2026-03-20T14:10:00+00:00,SHORT,DOWNTREND,UPPER_WICK_SWEEP,32.7,-46.6117951,70136.00025756,70326.37818995,70405.08756153,70878.71483712,0.0638,0.7744,0.0638,LOSS,69781.2,70130.106,69222.9504,70130.106,4,,4.0,-0.4975,-0.5975,0.3144,-0.54
B-BTC_USDT,2026-03-20T15:00:00+00:00,SHORT,DOWNTREND,UPPER_WICK_SWEEP,36.94,-14.45134632,69943.17184346,70167.63827756,70338.50779376,70832.72601998,0.2296,0.5337,0.2296,LOSS,69642.0,69990.21,69084.864,69990.21,12,,12.0,-0.4975,-0.5975,0.2765,-0.553
B-BTC_USDT,2026-03-20T16:45:00+00:00,SHORT,DOWNTREND,UPPER_WICK_SWEEP,42.23,-9.95924246,69857.32681104,69982.67550244,70290.03086102,70793.38382311,0.0009,0.771,0.0009,LOSS,69712.9,70061.4645,69155.1968,70061.4645,37,,37.0,-0.4975,-0.5975,0.5233,-0.6292
B-BTC_USDT,2026-03-20T17:40:00+00:00,SHORT,DOWNTREND,UPPER_WICK_SWEEP,38.1,-25.6402966,69737.38009888,69880.93937647,70242.60887426,70754.11779084,0.2127,0.3712,0.2127,LOSS,69541.4,69889.107,68985.0688,69889.107,3,,3.0,-0.4975,-0.5975,0.0112,-0.7098
B-BTC_USDT,2026-03-20T18:40:00+00:00,SHORT,DOWNTREND,UPPER_WICK_SWEEP,44.25,-11.85701747,69753.82545597,69841.00003334,70216.7223148,70723.3994461,0.0662,0.6834,0.3166,LOSS,69659.9,70008.1995,69102.6208,70008.1995,14,,14.0,-0.4975,-0.5975,0.036,-0.7057
B-BTC_USDT,2026-03-21T16:15:00+00:00,SHORT,DOWNTREND,UPPER_WICK_SWEEP,36.91,-11.82147332,70620.38696777,70661.19656674,70557.01063972,70630.75037166,0.2368,0.4599,0.2368,TIME_EXIT,70479.4,70370.8,69915.5648,70831.797,48,,,0.1543,0.0543,0.4509,-0.0575
B-BTC_USDT,2026-03-21T19:45:00+00:00,SHORT,DOWNTREND,UPPER_WICK_SWEEP,43.1,-5.7943221,70365.46696957,70416.18958404,70492.45035934,70594.06262505,0.0026,0.6829,0.3171,WIN,70330.1,69767.4592,69767.4592,70681.7505,48,48.0,,0.8065,0.7065,1.1446,-0.2163
B-BTC_USDT,2026-03-21T21:30:00+00:00,SHORT,DOWNTREND,UPPER_WICK_SWEEP,37.67,-11.80916918,70377.50432737,70398.70699084,70475.82671139,70579.12624481,0.0,0.9946,0.0,WIN,70323.1,69760.5152,69760.5152,70674.7155,27,27.0,,0.8065,0.7065,1.1345,-0.059
B-BTC_USDT,2026-03-21T21:40:00+00:00,SHORT,DOWNTREND,UPPER_WICK_SWEEP,36.91,-11.41066708,70367.4278054,70392.82356209,70475.82671139,70579.12624481,0.184,0.5586,0.184,WIN,70314.5,69751.984,69751.984,70666.0725,25,25.0,,0.8065,0.7065,1.1222,-0.0575
B-BTC_USDT,2026-03-21T22:55:00+00:00,SHORT,DOWNTREND,UPPER_WICK_SWEEP,37.57,-0.64901123,70295.57118755,70340.92728493,70461.13845316,70569.02717638,0.0,0.9163,0.0,WIN,70253.2,69691.1744,69691.1744,70604.466,10,10.0,,0.8065,0.7065,1.034,-0.0175
B-BTC_USDT,2026-03-22T01:30:00+00:00,SHORT,DOWNTREND,UPPER_WICK_SWEEP,41.67,58.17276514,69077.48303557,69488.58224353,70160.56203976,70428.73623776,0.3131,0.4604,0.3131,LOSS,68964.8,69309.624,68413.0816,69309.624,11,,11.0,-0.4975,-0.5975,0.3657,-0.599
B-BTC_USDT,2026-03-22T02:05:00+00:00,SHORT,DOWNTREND,UPPER_WICK_SWEEP,43.22,45.32529346,68989.1251402,69343.9156194,70042.99422645,70369.80932647,0.0,0.5626,0.0,LOSS,68927.0,69271.635,68375.584,69271.635,4,,4.0,-0.4975,-0.5975,0.0393,-0.6542
B-BTC_USDT,2026-03-22T06:50:00+00:00,SHORT,DOWNTREND,UPPER_WICK_SWEEP,44.83,3.99798559,69158.64922802,69208.77499457,69777.69087667,70202.99989311,0.0,0.7979,0.2021,WIN,69130.9,68577.8528,68577.8528,69476.5545,19,19.0,,0.8065,0.7065,0.9209,-0.128
B-BTC_USDT,2026-03-22T07:05:00+00:00,SHORT,DOWNTREND,UPPER_WICK_SWEEP,44.11,3.76814718,69153.23220548,69200.77057645,69715.71079318,70160.7998973,0.0,0.4843,0.0,WIN,69117.4,68564.4608,68564.4608,69462.987,16,16.0,,0.8065,0.7065,0.9012,-0.076
B-BTC_USDT,2026-03-22T10:30:00+00:00,SHORT,DOWNTREND,UPPER_WICK_SWEEP,41.82,4.90242891,68723.39792799,68840.49505951,69479.16684272,70007.54900391,0.0384,0.4952,0.0384,WIN,68650.0,68100.8,68100.8,68993.25,16,16.0,,0.8065,0.7065,0.9114,-0.0064
B-BTC_USDT,2026-03-22T10:45:00+00:00,SHORT,DOWNTREND,UPPER_WICK_SWEEP,36.2,-6.89367388,68685.65502517,68810.88872347,69479.16684272,70007.54900391,0.0,0.7945,0.0,LOSS,68560.6,68903.403,68012.1152,68903.403,27,,27.0,-0.4975,-0.5975,0.78,-0.5429
B-BTC_USDT,2026-03-22T21:00:00+00:00,SHORT,DOWNTREND,UPPER_WICK_SWEEP,34.56,-7.67757803,68269.32945561,68408.45008347,68825.8449911,69477.84077028,0.0619,0.4166,0.0619,WIN,68057.5,67513.04,67513.04,68397.7875,3,3.0,,0.8065,0.7065,1.0955,-0.0001
B-BTC_USDT,2026-03-23T19:00:00+00:00,LONG,UPTREND,LOWER_WICK_SWEEP,58.81,4.64178279,70946.01660748,70804.61243329,69734.15447745,69449.32133192,0.606,0.0347,0.9653,LOSS,71091.2,70735.744,71659.9296,70735.744,10,,10.0,-0.5,-0.6,0.1981,-0.5608
B-BTC_USDT,2026-03-23T20:50:00+00:00,LONG,UPTREND,LOWER_WICK_SWEEP,53.45,14.6955914,70835.09216139,70816.96851584,69821.10167007,69496.2930444,0.3562,0.1212,0.8788,LOSS,70889.8,70535.351,71456.9184,70535.351,14,,14.0,-0.5,-0.6,0.122,-0.5104
B-BTC_USDT,2026-03-25T06:30:00+00:00,LONG,UPTREND,LOWER_WICK_SWEEP,64.18,-3.31459692,71062.52786735,70898.14782648,70452.58167186,70203.99722591,0.7527,0.2258,0.7527,LOSS,71193.8,70837.831,71763.3504,70837.831,19,,19.0,-0.5,-0.6,0.0559,-0.5517
B-BTC_USDT,2026-03-25T09:35:00+00:00,LONG,UPTREND,LOWER_WICK_SWEEP,54.93,-5.07421547,71203.53485066,71100.68676474,70602.96139588,70297.10573936,0.416,0.0368,0.9632,WIN,71267.4,71837.5392,71837.5392,70911.063,22,22.0,,0.8,0.7,0.938,-0.2933
B-BTC_USDT,2026-03-25T10:15:00+00:00,LONG,UPTREND,LOWER_WICK_SWEEP,60.89,10.92430849,71259.44118109,71153.4741475,70669.48888199,70336.49374958,0.4621,0.341,0.659,WIN,71410.0,71981.28,71981.28,71052.95,16,16.0,,0.8,0.7,0.8261,-0.1839
B-BTC_USDT,2026-03-25T10:40:00+00:00,LONG,UPTREND,LOWER_WICK_SWEEP,59.01,1.71935181,71297.52938486,71190.15151002,70669.48888199,70336.49374958,0.3705,0.0008,0.9992,WIN,71397.9,71969.0832,71969.0832,71040.9105,11,11.0,,0.8,0.7,0.8432,-0.002
B-BTC_USDT,2026-03-26T13:35:00+00:00,SHORT,DOWNTREND,UPPER_WICK_SWEEP,41.27,-1.56480111,69366.65822818,69485.98317467,70257.07526614,70455.24464618,0.2071,0.5965,0.4035,LOSS,69282.8,69629.214,68728.5376,69629.214,2,,2.0,-0.4975,-0.5975,0.0751,-0.8028
B-BTC_USDT,2026-03-27T13:40:00+00:00,SHORT,DOWNTREND,UPPER_WICK_SWEEP,42.92,14.96438604,66561.07924762,66892.20194038,68180.90377813,69103.12420744,0.0965,0.6543,0.3457,WIN,66467.4,65935.6608,65935.6608,66799.737,8,8.0,,0.8065,0.7065,1.0899,-0.1062
B-BTC_USDT,2026-03-27T14:35:00+00:00,SHORT,DOWNTREND,UPPER_WICK_SWEEP,31.4,-47.69020561,66199.25928853,66594.73817186,67987.85579926,68987.46835617,0.1996,0.4868,0.1996,LOSS,65767.8,66096.639,65241.6576,66096.639,4,,4.0,-0.4975,-0.5975,0.0389,-0.6667
B-BTC_USDT,2026-03-27T16:20:00+00:00,SHORT,DOWNTREND,UPPER_WICK_SWEEP,38.2,-31.5871052,66088.48617103,66314.93150799,67650.02844339,68767.48947449,0.0112,0.5074,0.0112,LOSS,65823.9,66153.0195,65297.3088,66153.0195,9,,9.0,-0.4975,-0.5975,0.0667,-0.6738
B-BTC_USDT,2026-03-29T15:15:00+00:00,SHORT,DOWNTREND,UPPER_WICK_SWEEP,45.58,7.33668644,66570.71199786,66608.78291911,66649.09766885,66908.70562139,0.1624,0.6237,0.1624,TIME_EXIT,66542.7,66420.2,66010.3584,66875.4135,48,,,0.1844,0.0844,0.653,-0.1447
B-BTC_USDT,2026-03-29T16:50:00+00:00,SHORT,DOWNTREND,UPPER_WICK_SWEEP,44.94,4.23047082,66511.48234027,66545.97592945,66634.89789086,66892.67794996,0.0969,0.4072,0.0969,TIME_EXIT,66464.3,66553.8,65932.5856,66796.6215,48,,,-0.1345,-0.2345,0.5344,-0.4568
B-BTC_USDT,2026-03-29T19:45:00+00:00,SHORT,DOWNTREND,UPPER_WICK_SWEEP,44.82,-2.52500861,66386.11918618,66418.21682288,66575.25250334,66837.66850559,0.0,0.6648,0.0,LOSS,66345.1,66676.8255,65814.3392,66676.8255,7,,7.0,-0.4975,-0.5975,0.095,-0.6373
B-BTC_USDT,2026-03-29T23:30:00+00:00,SHORT,DOWNTREND,UPPER_WICK_SWEEP,43.89,19.05056559,66066.35012843,66245.06101113,66494.54520127,66764.40965294,0.1969,0.5713,0.1969,LOSS,65934.3,66263.9715,65406.8256,66263.9715,9,,9.0,-0.4975,-0.5975,0.2739,-1.4646
B-BTC_USDT,2026-03-30T13:15:00+00:00,LONG,UPTREND,LOWER_WICK_SWEEP,66.6,-1.53449104,67792.36760256,67668.3658695,67166.66103474,66990.1257137,0.3966,0.1534,0.8466,LOSS,67910.2,67570.649,68453.4816,67570.649,8,,8.0,-0.5,-0.6,0.3508,-0.7827
B-BTC_USDT,2026-03-31T05:30:00+00:00,LONG,UPTREND,LOWER_WICK_SWEEP,53.36,9.03491047,67587.96959216,67563.15704559,67246.11257415,67098.21874255,0.4976,0.0089,0.9911,LOSS,67653.4,67315.133,68194.6272,67315.133,11,,11.0,-0.5,-0.6,0.1528,-0.5222
B-BTC_USDT,2026-03-31T18:25:00+00:00,LONG,UPTREND,LOWER_WICK_SWEEP,54.43,-37.82943512,67669.83925325,67443.58413563,67055.55949078,67045.06655119,0.5184,0.2104,0.7896,WIN,67744.9,68286.8592,68286.8592,67406.1755,41,41.0,,0.8,0.7,0.9006,-0.2111
B-BTC_USDT,2026-03-31T18:55:00+00:00,LONG,UPTREND,LOWER_WICK_SWEEP,55.95,-14.8978077,67723.05641713,67516.64299145,67055.55949078,67045.06655119,0.495,0.0452,0.9548,WIN,67814.6,68357.1168,68357.1168,67475.527,36,36.0,,0.8,0.7,0.838,-0.2113
B-BTC_USDT,2026-04-01T01:00:00+00:00,LONG,UPTREND,LOWER_WICK_SWEEP,59.37,22.81955962,68132.0696692,68084.66974926,67600.54299865,67307.53085944,0.7147,0.2751,0.7249,LOSS,68289.5,67948.0525,68835.816,67948.0525,6,,6.0,-0.5,-0.6,0.0104,-0.6237
B-BTC_USDT,2026-04-02T08:30:00+00:00,SHORT,DOWNTREND,UPPER_WICK_SWEEP,48.45,-22.10479657,66692.55843048,66699.98012777,67485.52255301,67654.49500706,0.1826,0.6063,0.3937,WIN,66660.7,66127.4144,66127.4144,66994.0035,33,33.0,,0.8065,0.7065,0.9015,-0.0002
B-BTC_USDT,2026-04-02T11:45:00+00:00,SHORT,DOWNTREND,UPPER_WICK_SWEEP,42.17,-2.77509936,66362.1594601,66437.6318467,67210.14257544,67515.29705985,0.3244,0.5156,0.3244,WIN,66290.6,65760.2752,65760.2752,66622.053,22,22.0,,0.8065,0.7065,0.9357,-0.1047
B-BTC_USDT,2026-04-02T11:50:00+00:00,SHORT,DOWNTREND,UPPER_WICK_SWEEP,36.31,-9.6932949,66346.76332105,66428.33255859,67210.14257544,67515.29705985,0.152,0.369,0.152,LOSS,66200.5,66531.5025,65670.896,66531.5025,32,,32.0,-0.4975,-0.5975,0.7985,-0.597
B-BTC_USDT,2026-04-04T22:20:00+00:00,LONG,UPTREND,LOWER_WICK_SWEEP,67.41,16.29288587,67314.28297531,67290.53345425,67137.97907501,67052.02190721,0.9625,0.0,0.9625,LOSS,67406.4,67069.368,67945.6512,67069.368,38,,38.0,-0.5,-0.6,0.0479,-0.5074
B-BTC_USDT,2026-04-06T04:50:00+00:00,LONG,UPTREND,LOWER_WICK_SWEEP,54.68,4.7993721,69085.20808314,68980.34430924,67981.05181771,67493.20797827,0.4336,0.1805,0.8195,LOSS,69139.3,68793.6035,69692.4144,68793.6035,19,,19.0,-0.5,-0.6,0.2877,-0.5347
B-BTC_USDT,2026-04-06T05:00:00+00:00,LONG,UPTREND,LOWER_WICK_SWEEP,53.12,4.3142507,69090.44153744,68990.61179796,68088.34212078,67556.51746932,0.5324,0.2109,0.7891,LOSS,69119.9,68774.3005,69672.8592,68774.3005,17,,17.0,-0.5,-0.6,0.3158,-0.5068
B-BTC_USDT,2026-04-06T08:05:00+00:00,LONG,UPTREND,LOWER_WICK_SWEEP,56.58,27.45377193,69033.98461124,69023.52827523,68342.80777523,67727.77694814,0.9396,0.0392,0.9608,WIN,69138.3,69691.4064,69691.4064,68792.6085,13,13.0,,0.8,0.7,0.9125,-0.0691
B-BTC_USDT,2026-04-06T11:05:00+00:00,LONG,UPTREND,LOWER_WICK_SWEEP,53.65,-34.60721848,69708.10053814,69514.43383248,68658.87285718,67933.93712201,0.4258,0.0,1.0,LOSS,69719.7,69371.1015,70277.4576,69371.1015,17,,17.0,-0.5,-0.6,0.0155,-0.5334
B-BTC_USDT,2026-04-08T04:20:00+00:00,LONG,UPTREND,LOWER_WICK_SWEEP,56.31,28.11611375,71391.25109027,71328.22582862,69995.43430779,69227.30840285,0.6805,0.301,0.699,TIME_EXIT,71484.5,71722.7,72056.376,71127.0775,48,,,0.3332,0.2332,0.6078,-0.0434
B-BTC_USDT,2026-04-08T05:15:00+00:00,LONG,UPTREND,LOWER_WICK_SWEEP,64.02,17.72546858,71518.55657471,71416.24522194,70141.450088,69317.55513215,0.6296,0.0533,0.9467,TIME_EXIT,71654.5,71836.8,72227.736,71296.2275,48,,,0.2544,0.1544,0.4054,-0.1609
B-BTC_USDT,2026-04-08T06:25:00+00:00,LONG,UPTREND,LOWER_WICK_SWEEP,64.88,11.6503133,71680.04171681,71546.73140628,70290.0357939,69411.04708775,0.6617,0.1729,0.6617,TIME_EXIT,71821.4,71615.6,72395.9712,71462.293,48,,,-0.2865,-0.3865,0.1721,-0.3754
B-BTC_USDT,2026-04-08T07:15:00+00:00,LONG,UPTREND,LOWER_WICK_SWEEP,56.09,-12.64137945,71708.1355678,71606.10006959,70424.08000401,69500.71190784,0.7138,0.0,1.0,TIME_EXIT,71753.6,71606.8,72327.6288,71394.832,48,,,-0.2046,-0.3046,0.2667,-0.4715
B-BTC_USDT,2026-04-08T08:25:00+00:00,LONG,UPTREND,LOWER_WICK_SWEEP,52.38,3.56134636,71699.04606517,71642.87057228,70537.21524172,69583.5075193,0.7771,0.2067,0.7933,TIME_EXIT,71724.0,71733.2,72297.792,71365.38,48,,,0.0128,-0.0872,0.3081,-0.4977
B-BTC_USDT,2026-04-08T09:15:00+00:00,LONG,UPTREND,LOWER_WICK_SWEEP,58.48,10.84943194,71748.7378231,71685.1587048,70655.19474251,69669.48761658,0.4911,0.1121,0.8879,LOSS,71836.8,71477.616,72411.4944,71477.616,15,,15.0,-0.5,-0.6,0.0,-0.5867
B-BTC_USDT,2026-04-08T12:40:00+00:00,LONG,UPTREND,LOWER_WICK_SWEEP,64.48,32.8979047,71697.66184839,71655.30693397,70896.05059269,69885.97695007,0.7051,0.0009,0.9991,WIN,71906.8,72482.0544,72482.0544,71547.266,5,5.0,,0.8,0.7,1.1518,-0.0672
B-BTC_USDT,2026-04-10T16:20:00+00:00,LONG,UPTREND,LOWER_WICK_SWEEP,53.29,-26.34533367,72658.96755404,72520.90676471,72019.44924736,71562.43175955,0.8987,0.0106,0.9894,TIME_EXIT,72717.9,73110.6,73299.6432,72354.3105,48,,,0.54,0.44,0.7236,-0.2605
B-BTC_USDT,2026-04-10T16:30:00+00:00,LONG,UPTREND,LOWER_WICK_SWEEP,54.51,-8.75380379,72673.63330387,72537.71785547,72019.44924736,71562.43175955,0.9106,0.0063,0.9937,WIN,72748.6,73330.5888,73330.5888,72384.857,48,48.0,,0.8,0.7,0.9641,-0.2032
B-BTC_USDT,2026-04-10T16:40:00+00:00,LONG,UPTREND,LOWER_WICK_SWEEP,51.35,-7.31689068,72674.73882698,72548.62928526,72019.44924736,71562.43175955,0.9126,0.0012,0.9988,WIN,72683.1,73264.5648,73264.5648,72319.6845,46,46.0,,0.8,0.7,1.0551,-0.0266
B-BTC_USDT,2026-04-10T20:05:00+00:00,LONG,UPTREND,LOWER_WICK_SWEEP,63.09,16.23620828,73033.49879277,72910.52235875,72368.64480523,71785.78521361,0.8423,0.0507,0.8423,LOSS,73199.9,72833.9005,73785.4992,72833.9005,30,,30.0,-0.5,-0.6,0.3417,-0.5224
B-BTC_USDT,2026-04-10T22:00:00+00:00,LONG,UPTREND,LOWER_WICK_SWEEP,54.92,-2.43184111,73103.59992146,73038.79023528,72524.80765235,71896.97489345,0.8107,0.1488,0.8512,LOSS,73161.3,72795.4935,73746.5904,72795.4935,8,,8.0,-0.5,-0.6,0.0712,-0.6728
B-BTC_USDT,2026-04-11T22:00:00+00:00,LONG,UPTREND,LOWER_WICK_SWEEP,54.77,10.12361262,73381.4062062,73324.58136642,73001.76167817,72558.1403158,0.5383,0.0009,0.9991,LOSS,73435.9,73068.7205,74023.3872,73068.7205,12,,12.0,-0.5,-0.6,0.1268,-0.5275
B-BTC_USDT,2026-04-12T07:20:00+00:00,SHORT,DOWNTREND,UPPER_WICK_SWEEP,44.01,-5.66157007,71611.2926641,71701.67832129,72384.88768413,72403.88710803,0.003,0.6766,0.003,TIME_EXIT,71581.4,71445.9,71008.7488,71939.307,48,,,0.1897,0.0897,0.381,-0.2355
B-BTC_USDT,2026-04-12T08:15:00+00:00,SHORT,DOWNTREND,UPPER_WICK_SWEEP,45.41,-2.65441021,71625.26010417,71677.79984061,72312.8126666,72373.46408418,0.0027,0.6074,0.0027,TIME_EXIT,71595.3,71404.8,71022.5376,71953.2765,48,,,0.2668,0.1668,0.4142,-0.2161
B-BTC_USDT,2026-04-12T14:55:00+00:00,SHORT,DOWNTREND,UPPER_WICK_SWEEP,30.61,-13.89052574,70926.19314131,71119.45827525,71840.77845042,72142.85122047,0.2188,0.5857,0.4143,LOSS,70714.3,71067.8715,70148.5856,71067.8715,35,,35.0,-0.4975,-0.5975,0.2094,-0.6699
B-BTC_USDT,2026-04-13T21:45:00+00:00,LONG,UPTREND,LOWER_WICK_SWEEP,61.58,-14.81331099,73100.06861721,72812.41137475,71801.30930096,71680.83290234,0.7274,0.2472,0.7528,WIN,73230.1,73815.9408,73815.9408,72863.9495,5,5.0,,0.8,0.7,0.9148,-0.1367
B-BTC_USDT,2026-04-14T01:55:00+00:00,LONG,UPTREND,LOWER_WICK_SWEEP,56.05,3.56258786,74280.99577714,74091.2991402,72558.12869643,72035.10516271,0.556,0.242,0.556,TIME_EXIT,74345.5,74184.5,74940.264,73973.7725,48,,,-0.2166,-0.3166,0.3196,-0.3138
B-BTC_USDT,2026-04-14T03:50:00+00:00,LONG,UPTREND,LOWER_WICK_SWEEP,55.28,5.97780472,74344.63641646,74248.83652481,72877.50172202,72210.75559233,0.5906,0.3776,0.5906,TIME_EXIT,74397.0,74500.8,74992.176,74025.015,48,,,0.1395,0.0395,0.6761,-0.3828
B-BTC_USDT,2026-04-14T04:10:00+00:00,LONG,UPTREND,LOWER_WICK_SWEEP,57.63,8.175107,74367.26708537,74273.01362822,73023.33965326,72296.95341224,0.8493,0.0016,0.9984,TIME_EXIT,74433.1,74509.4,75028.5648,74060.9345,48,,,0.1025,0.0025,0.6273,-0.4311
B-BTC_USDT,2026-04-14T06:30:00+00:00,LONG,UPTREND,LOWER_WICK_SWEEP,55.36,15.08063949,74317.59228434,74303.39311579,73248.71567988,72448.53638708,0.6063,0.0537,0.9463,TIME_EXIT,74364.1,74548.2,74959.0128,73992.2795,48,,,0.2476,0.1476,0.7206,-0.0386
B-BTC_USDT,2026-04-14T07:00:00+00:00,LONG,UPTREND,LOWER_WICK_SWEEP,69.39,26.42090856,74377.58226944,74333.38694466,73366.4570437,72528.39770523,0.4907,0.153,0.847,TIME_EXIT,74550.1,74368.3,75146.5008,74177.3495,48,,,-0.2439,-0.3439,0.4693,-0.3658
B-BTC_USDT,2026-04-14T08:00:00+00:00,LONG,UPTREND,LOWER_WICK_SWEEP,52.07,-15.71972653,74498.60374799,74422.93762667,73475.6897062,72606.24093248,0.8145,0.135,0.8145,TIME_EXIT,74507.8,74394.6,75103.8624,74135.261,48,,,-0.1519,-0.2519,0.4908,-0.3393
B-BTC_USDT,2026-04-14T09:05:00+00:00,LONG,UPTREND,LOWER_WICK_SWEEP,58.86,6.89112276,74612.24805553,74511.36496656,73593.61449609,72688.89422925,0.4598,0.056,0.944,LOSS,74718.5,74344.9075,75316.248,74344.9075,19,,19.0,-0.5,-0.6,0.1084,-0.5357
B-BTC_USDT,2026-04-16T04:15:00+00:00,LONG,UPTREND,LOWER_WICK_SWEEP,52.91,-15.89296572,74885.52599441,74816.188186,74512.5603072,74105.47487353,0.5909,0.3531,0.6469,LOSS,74904.9,74530.3755,75504.1392,74530.3755,46,,46.0,-0.5,-0.6,0.3005,-0.5566
B-BTC_USDT,2026-04-16T05:35:00+00:00,LONG,UPTREND,LOWER_WICK_SWEEP,59.35,13.57548342,74951.89657475,74881.53871046,74549.44980175,74136.62880006,0.6131,0.3216,0.6784,LOSS,75069.0,74693.655,75669.552,74693.655,26,,26.0,-0.5,-0.6,0.0135,-0.5263
B-BTC_USDT,2026-04-16T23:15:00+00:00,LONG,UPTREND,LOWER_WICK_SWEEP,51.22,9.09381626,74923.30803172,74896.03117555,74665.08849787,74397.28489041,0.9023,0.0,0.9023,LOSS,74942.5,74567.7875,75542.04,74567.7875,30,,30.0,-0.5,-0.6,0.2757,-0.5239
B-BTC_USDT,2026-04-17T16:00:00+00:00,LONG,UPTREND,LOWER_WICK_SWEEP,62.16,-56.02432667,77590.38360879,77052.67033466,75777.14743825,75061.23932887,0.3534,0.1971,0.8029,LOSS,77833.1,77443.9345,78455.7648,77443.9345,14,,14.0,-0.5,-0.6,0.5999,-0.6849
B-BTC_USDT,2026-04-17T16:15:00+00:00,LONG,UPTREND,LOWER_WICK_SWEEP,64.31,-33.15076393,77659.02416291,77143.17351397,75777.14743825,75061.23932887,0.3835,0.1401,0.8599,LOSS,77920.0,77530.4,78543.36,77530.4,10,,10.0,-0.5,-0.6,0.4877,-0.595
B-BTC_USDT,2026-04-17T22:00:00+00:00,LONG,UPTREND,LOWER_WICK_SWEEP,56.55,11.74662048,77347.67207506,77328.60400009,76503.05277957,75559.26811798,0.5522,0.2739,0.7261,LOSS,77419.8,77032.701,78039.1584,77032.701,15,,15.0,-0.5,-0.6,0.074,-0.7306
B-BTC_USDT,2026-04-17T22:30:00+00:00,LONG,UPTREND,LOWER_WICK_SWEEP,55.86,1.12568495,77360.78263247,77339.03797828,76503.05277957,75559.26811798,0.3883,0.0912,0.9088,LOSS,77427.2,77040.064,78046.6176,77040.064,9,,9.0,-0.5,-0.6,0.0,-0.7401
B-BTC_USDT,2026-04-21T10:15:00+00:00,LONG,UPTREND,LOWER_WICK_SWEEP,59.55,-1.5256143,76322.62053519,76187.3144799,75823.40766791,75576.86963852,0.405,0.3782,0.6218,LOSS,76431.7,76049.5415,77043.1536,76049.5415,28,,28.0,-0.5,-0.6,0.5401,-0.5029
B-BTC_USDT,2026-04-21T10:30:00+00:00,LONG,UPTREND,LOWER_WICK_SWEEP,60.57,7.78337268,76366.17054863,76221.69132872,75823.40766791,75576.86963852,0.4345,0.2982,0.7018,LOSS,76483.6,76101.182,77095.4688,76101.182,25,,25.0,-0.5,-0.6,0.4719,-0.5704
B-BTC_USDT,2026-04-21T10:40:00+00:00,LONG,UPTREND,LOWER_WICK_SWEEP,62.68,8.36887349,76391.52373709,76243.50914274,75823.40766791,75576.86963852,0.4666,0.3015,0.6985,LOSS,76521.7,76139.0915,77133.8736,76139.0915,23,,23.0,-0.5,-0.6,0.4218,-0.62
B-BTC_USDT,2026-04-22T01:10:00+00:00,LONG,UPTREND,LOWER_WICK_SWEEP,66.66,-19.11176177,76194.61338923,75955.59213726,75813.99947805,75686.16880292,0.4751,0.1937,0.8063,WIN,76352.8,76963.6224,76963.6224,75971.036,13,13.0,,0.8,0.7,1.0276,-0.3591
B-BTC_USDT,2026-04-22T01:45:00+00:00,LONG,UPTREND,LOWER_WICK_SWEEP,57.5,-29.50304417,76189.21295599,76010.14339207,75813.99947805,75686.16880292,0.5135,0.0858,0.9142,WIN,76248.0,76857.984,76857.984,75866.76,6,6.0,,0.8,0.7,1.1665,-0.0843
B-BTC_USDT,2026-04-22T02:00:00+00:00,LONG,UPTREND,LOWER_WICK_SWEEP,57.41,-18.54912284,76204.20847264,76036.82190812,75857.17095633,75708.95826163,0.5747,0.3688,0.5747,WIN,76259.9,76869.9792,76869.9792,75878.6005,3,3.0,,0.8,0.7,1.1507,-0.0821
B-BTC_USDT,2026-04-22T06:45:00+00:00,LONG,UPTREND,LOWER_WICK_SWEEP,57.24,-33.25156469,77882.81346134,77578.3044852,76444.20278793,75992.64899355,0.6567,0.2433,0.6567,TIME_EXIT,77929.4,78080.5,78552.8352,77539.753,48,,,0.1939,0.0939,0.3293,-0.199
B-BTC_USDT,2026-04-22T09:35:00+00:00,LONG,UPTREND,LOWER_WICK_SWEEP,57.4,7.76730822,78002.93668701,77885.83827607,76840.91378063,76216.70221138,0.71,0.147,0.853,TIME_EXIT,78078.6,78397.7,78703.2288,77688.207,48,,,0.4087,0.3087,0.7369,-0.2177
B-BTC_USDT,2026-04-22T10:55:00+00:00,LONG,UPTREND,LOWER_WICK_SWEEP,58.59,8.70422068,78041.40659393,77958.75348053,76947.48389676,76285.06290897,0.4213,0.1616,0.8384,WIN,78117.8,78742.7424,78742.7424,77727.211,36,36.0,,0.8,0.7,0.872,-0.081
B-BTC_USDT,2026-04-22T13:00:00+00:00,LONG,UPTREND,LOWER_WICK_SWEEP,56.31,-9.91294143,78197.38386111,78119.9515803,77271.05911326,76500.9025833,0.5338,0.067,0.933,WIN,78253.8,78879.8304,78879.8304,77862.531,14,14.0,,0.8,0.7,1.0212,-0.0833
B-BTC_USDT,2026-04-22T15:25:00+00:00,LONG,UPTREND,LOWER_WICK_SWEEP,61.85,-6.22311247,78827.34726713,78583.07594917,77566.68693852,76685.19865533,0.5048,0.2389,0.7611,LOSS,79028.4,78633.258,79660.6272,78633.258,18,,18.0,-0.5,-0.6,0.5259,-0.5589
B-BTC_USDT,2026-04-22T18:05:00+00:00,LONG,UPTREND,LOWER_WICK_SWEEP,50.97,10.53445487,78866.58167726,78818.39419174,77918.89684821,76939.25288615,0.8404,0.082,0.918,LOSS,78887.8,78493.361,79518.9024,78493.361,27,,27.0,-0.5,-0.6,0.3068,-0.5934
B-BTC_USDT,2026-04-22T18:20:00+00:00,LONG,UPTREND,LOWER_WICK_SWEEP,54.58,17.19143975,78884.48574931,78831.56831886,77918.89684821,76939.25288615,0.7346,0.0402,0.9598,LOSS,78955.2,78560.424,79586.8416,78560.424,24,,24.0,-0.5,-0.6,0.2211,-0.6782
B-BTC_USDT,2026-04-23T23:55:00+00:00,LONG,UPTREND,LOWER_WICK_SWEEP,60.78,-2.45974813,78136.27353051,78033.11465833,77905.92925534,77643.69781309,0.3921,0.1974,0.8026,LOSS,78216.8,77825.716,78842.5344,77825.716,41,,41.0,-0.5,-0.6,0.4209,-0.7996
B-BTC_USDT,2026-04-24T00:15:00+00:00,LONG,UPTREND,LOWER_WICK_SWEEP,63.4,5.37309246,78174.50634442,78064.92016321,77935.53599292,77666.17240866,0.4368,0.1182,0.8818,LOSS,78314.5,77922.9275,78941.016,77922.9275,15,,15.0,-0.5,-0.6,0.1846,-0.528
B-BTC_USDT,2026-04-24T02:10:00+00:00,LONG,UPTREND,LOWER_WICK_SWEEP,58.71,24.66663683,78224.92663906,78162.47287899,78014.91812573,77720.54069711,0.377,0.1381,0.8619,LOSS,78349.9,77958.1505,78976.6992,77958.1505,14,,14.0,-0.5,-0.6,0.0579,-0.9681
B-BTC_USDT,2026-04-24T13:15:00+00:00,LONG,UPTREND,LOWER_WICK_SWEEP,63.31,-0.996844,78193.48311295,78024.8627753,77904.73666262,77760.05000418,0.6371,0.0008,0.9992,LOSS,78359.9,77968.1005,78986.7792,77968.1005,7,,7.0,-0.5,-0.6,0.0003,-0.5231
B-BTC_USDT,2026-04-25T00:00:00+00:00,SHORT,DOWNTREND,UPPER_WICK_SWEEP,45.94,13.45671096,77391.30251058,77458.89868938,77708.46582054,77721.13813823,0.0618,0.7658,0.0618,TIME_EXIT,77380.8,77605.0,76761.7536,77767.704,48,,,-0.2889,-0.3889,0.1632,-0.3841
B-BTC_USDT,2026-04-25T06:50:00+00:00,SHORT,DOWNTREND,UPPER_WICK_SWEEP,47.75,4.10992016,77495.11960301,77509.46833748,77628.45882893,77680.10934755,0.0085,0.7107,0.0085,TIME_EXIT,77488.4,77750.9,76868.4928,77875.842,48,,,-0.3376,-0.4376,0.1142,-0.4628
B-BTC_USDT,2026-04-25T07:55:00+00:00,SHORT,DOWNTREND,UPPER_WICK_SWEEP,43.56,2.1502531,77482.01951809,77495.18244741,77612.30084522,77671.4305496,0.0247,0.3626,0.0247,LOSS,77449.9,77837.1495,76830.3008,77837.1495,31,,31.0,-0.4975,-0.5975,0.0076,-0.5127
B-BTC_USDT,2026-04-25T18:45:00+00:00,SHORT,DOWNTREND,UPPER_WICK_SWEEP,45.02,13.19692617,77286.32661458,77367.44199841,77529.52944468,77614.21303144,0.0,0.9843,0.0,TIME_EXIT,77269.9,77511.3,76651.7408,77656.2495,48,,,-0.3114,-0.4114,0.1515,-0.4271
B-BTC_USDT,2026-04-26T10:15:00+00:00,LONG,UPTREND,LOWER_WICK_SWEEP,53.36,2.86697783,77969.90678651,77935.83812838,77688.68451693,77638.07096389,0.5619,0.3535,0.5619,TIME_EXIT,77990.8,77975.4,78614.7264,77600.846,48,,,-0.0197,-0.1197,0.1586,-0.3536
B-BTC_USDT,2026-04-26T11:15:00+00:00,LONG,UPTREND,LOWER_WICK_SWEEP,56.79,5.90461608,77976.16742699,77950.9369574,77714.65742008,77650.75053394,0.7303,0.2397,0.7303,TIME_EXIT,78005.3,78067.7,78629.3424,77615.2735,48,,,0.08,-0.02,0.1682,-0.3722
B-BTC_USDT,2026-04-26T14:30:00+00:00,LONG,UPTREND,LOWER_WICK_SWEEP,63.41,19.21125712,77941.27764618,77937.30365754,77769.23792726,77682.004348,0.7743,0.1076,0.8924,TIME_EXIT,78029.9,78096.8,78654.1392,77639.7505,48,,,0.0857,-0.0143,0.3797,-0.2754
B-BTC_USDT,2026-04-26T16:00:00+00:00,LONG,UPTREND,LOWER_WICK_SWEEP,51.64,-6.72883579,78005.7379342,77981.19093022,77816.45326925,77708.77794677,0.6735,0.2496,0.7504,TIME_EXIT,78012.8,78205.8,78636.9024,77622.736,48,,,0.2474,0.1474,0.5962,-0.2535
B-BTC_USDT,2026-04-26T20:00:00+00:00,LONG,UPTREND,LOWER_WICK_SWEEP,54.58,-8.04486325,78166.76545584,78103.50473602,77905.3851528,77763.32437569,0.5299,0.0485,0.9515,LOSS,78205.8,77814.771,78831.4464,77814.771,22,,22.0,-0.5,-0.6,0.4464,-0.5483
B-BTC_USDT,2026-04-26T21:15:00+00:00,LONG,UPTREND,LOWER_WICK_SWEEP,51.93,-4.72652281,78198.09153218,78149.51656896,77928.69132873,77778.49204723,0.3965,0.39,0.61,LOSS,78208.5,77817.4575,78834.168,77817.4575,6,,6.0,-0.5,-0.6,0.0348,-0.5031
B-BTC_USDT,2026-04-27T01:55:00+00:00,LONG,UPTREND,LOWER_WICK_SWEEP,62.88,10.67125083,78956.91364618,78696.45129371,78172.92595704,77906.72221605,0.6949,0.0223,0.9777,LOSS,79245.3,78849.0735,79879.2624,78849.0735,36,,36.0,-0.5,-0.6,0.0355,-0.5241
B-BTC_USDT,2026-04-27T03:00:00+00:00,LONG,UPTREND,LOWER_WICK_SWEEP,54.99,-23.11320805,79051.34874912,78855.62496568,78351.99426415,78003.28152278,0.4651,0.4223,0.5777,LOSS,79095.0,78699.525,79727.76,78699.525,25,,25.0,-0.5,-0.6,0.2256,-0.6157
B-BTC_USDT,2026-04-27T03:15:00+00:00,LONG,UPTREND,LOWER_WICK_SWEEP,59.94,-8.85900033,79084.26548647,78892.0407022,78351.99426415,78003.28152278,0.4492,0.2428,0.7572,LOSS,79197.3,78801.3135,79830.8784,78801.3135,21,,21.0,-0.5,-0.6,0.0961,-0.6106
B-BTC_USDT,2026-04-27T21:15:00+00:00,SHORT,DOWNTREND,UPPER_WICK_SWEEP,46.41,-12.25564334,76863.22069845,76867.90346496,77450.46039831,77709.02205942,0.0214,0.706,0.0214,LOSS,76821.8,77205.909,76207.2256,77205.909,24,,24.0,-0.4975,-0.5975,0.1395,-0.5137
B-BTC_USDT,2026-04-27T22:00:00+00:00,SHORT,DOWNTREND,UPPER_WICK_SWEEP,40.92,-18.81271457,76840.16437538,76856.61690323,77382.93083657,77671.0760963,0.2616,0.5536,0.4464,LOSS,76760.2,77144.001,76146.1184,77144.001,15,,15.0,-0.4975,-0.5975,0.0499,-0.5943
B-BTC_USDT,2026-04-28T13:20:00+00:00,SHORT,DOWNTREND,UPPER_WICK_SWEEP,38.29,-5.61162191,76223.88679045,76364.67220102,76843.28802131,77258.30949419,0.0,0.5759,0.4241,TIME_EXIT,76097.8,76056.1,75489.0176,76478.289,48,,,0.0548,-0.0452,0.6111,-0.3814
B-BTC_USDT,2026-04-28T14:05:00+00:00,SHORT,DOWNTREND,UPPER_WICK_SWEEP,41.37,-2.49200576,76183.33079942,76303.67975828,76778.04154309,77215.1679454,0.0876,0.8635,0.1365,TIME_EXIT,76074.4,76146.5,75465.8048,76454.772,48,,,-0.0947,-0.1947,0.5802,-0.2269
B-BTC_USDT,2026-04-28T15:40:00+00:00,SHORT,DOWNTREND,UPPER_WICK_SWEEP,45.04,19.15449005,75957.46777976,76091.70209462,76696.32330089,77164.37704558,0.0008,0.4362,0.0008,LOSS,75903.1,76282.6155,75295.8752,76282.6155,48,,48.0,-0.4975,-0.5975,0.0828,-0.532
B-BTC_USDT,2026-04-28T16:20:00+00:00,SHORT,DOWNTREND,UPPER_WICK_SWEEP,46.61,9.81523855,75969.91841984,76061.72410029,76632.65441509,77119.80539673,0.0,0.7917,0.0,LOSS,75940.0,76319.7,75332.48,76319.7,41,,41.0,-0.4975,-0.5975,0.1315,-0.5136
B-BTC_USDT,2026-04-28T16:30:00+00:00,SHORT,DOWNTREND,UPPER_WICK_SWEEP,43.2,1.45468542,75958.78310559,76049.98476156,76632.65441509,77119.80539673,0.0239,0.583,0.0239,LOSS,75892.1,76271.5605,75284.9632,76271.5605,38,,38.0,-0.4975,-0.5975,0.0683,-0.5466
B-BTC_USDT,2026-04-28T16:40:00+00:00,SHORT,DOWNTREND,UPPER_WICK_SWEEP,42.74,-3.43499536,75945.56939029,76037.37132353,76632.65441509,77119.80539673,0.4084,0.5882,0.4084,LOSS,75885.8,76265.229,75278.7136,76265.229,36,,36.0,-0.4975,-0.5975,0.0444,-0.5549
B-BTC_USDT,2026-04-29T19:40:00+00:00,SHORT,DOWNTREND,UPPER_WICK_SWEEP,45.65,28.74720998,75455.33729806,75715.80444192,76541.05634563,76778.68478129,0.3504,0.6063,0.3937,LOSS,75395.6,75772.578,74792.4352,75772.578,11,,11.0,-0.4975,-0.5975,0.0065,-0.5718
B-BTC_USDT,2026-05-01T05:35:00+00:00,LONG,UPTREND,LOWER_WICK_SWEEP,56.34,-15.07175066,77036.91285383,76895.84808859,76431.16692974,76397.55354091,0.8141,0.0,1.0,TIME_EXIT,77072.5,77244.4,77689.08,76687.1375,48,,,0.223,0.123,0.5287,-0.3098
B-BTC_USDT,2026-05-01T06:20:00+00:00,LONG,UPTREND,LOWER_WICK_SWEEP,58.36,-6.71407298,77079.32254564,76960.16607503,76498.22722214,76426.4847746,0.5801,0.0023,0.9977,TIME_EXIT,77115.8,77373.3,77732.7264,76730.221,48,,,0.3339,0.2339,0.4723,-0.3658
B-BTC_USDT,2026-05-01T06:30:00+00:00,LONG,UPTREND,LOWER_WICK_SWEEP,59.33,-5.61713348,77086.48852376,76972.35092124,76498.22722214,76426.4847746,0.675,0.0,1.0,TIME_EXIT,77125.0,77287.7,77742.0,76739.375,48,,,0.211,0.111,0.4603,-0.3777
B-BTC_USDT,2026-05-01T09:20:00+00:00,LONG,UPTREND,LOWER_WICK_SWEEP,62.32,-6.59936443,77265.51134056,77149.52849809,76665.77435662,76506.77804952,0.3902,0.072,0.928,WIN,77344.1,77962.8528,77962.8528,76957.3795,38,38.0,,0.8,0.7,1.0168,-0.2922
B-BTC_USDT,2026-05-01T15:45:00+00:00,LONG,UPTREND,LOWER_WICK_SWEEP,65.31,14.78808649,78415.91479873,78159.02386671,77214.76106185,76789.51696417,0.6396,0.2071,0.7929,LOSS,78623.4,78230.283,79252.3872,78230.283,1,,1.0,-0.5,-0.6,0.0001,-0.6275
B-BTC_USDT,2026-05-01T17:45:00+00:00,LONG,UPTREND,LOWER_WICK_SWEEP,55.57,23.42826568,78303.70391936,78239.6118177,77407.98354496,76904.37148442,0.5805,0.1303,0.8697,LOSS,78422.2,78030.089,79049.5776,78030.089,35,,35.0,-0.5,-0.6,0.224,-0.6623
B-BTC_USDT,2026-05-01T18:00:00+00:00,LONG,UPTREND,LOWER_WICK_SWEEP,58.8,34.0998009,78355.1189054,78269.23627972,77512.86130258,76967.30593601,0.6565,0.3259,0.6565,LOSS,78507.1,78114.5645,79135.1568,78114.5645,28,,28.0,-0.5,-0.6,0.1157,-0.5751
B-BTC_USDT,2026-05-04T04:55:00+00:00,LONG,UPTREND,LOWER_WICK_SWEEP,57.7,-43.011195,80208.56150995,79838.867106,78997.28167153,78536.88634772,0.3869,0.1138,0.8862,LOSS,80300.0,79898.5,80942.4,79898.5,14,,14.0,-0.5,-0.6,0.0872,-0.5532
B-BTC_USDT,2026-05-04T18:00:00+00:00,LONG,UPTREND,LOWER_WICK_SWEEP,60.81,-18.24983974,80234.43167835,79929.68982761,79496.2319535,79009.15260317,0.7006,0.072,0.928,LOSS,80382.4,79980.488,81025.4592,79980.488,13,,13.0,-0.5,-0.6,0.0148,-0.5811
B-BTC_USDT,2026-05-05T03:30:00+00:00,LONG,UPTREND,LOWER_WICK_SWEEP,67.09,13.35418186,80539.13926758,80340.85683807,79882.53801193,79347.00538751,0.476,0.2639,0.7361,TIME_EXIT,80772.5,81049.1,81418.68,80368.6375,48,,,0.3424,0.2424,0.6261,-0.1252
B-BTC_USDT,2026-05-05T05:30:00+00:00,LONG,UPTREND,LOWER_WICK_SWEEP,66.43,14.75930587,80862.12016551,80664.83750576,80056.98871271,79462.11370066,0.3642,0.0,1.0,LOSS,81087.9,80682.4605,81736.6032,80682.4605,38,,38.0,-0.5,-0.6,0.2347,-0.5096
B-BTC_USDT,2026-05-05T07:00:00+00:00,LONG,UPTREND,LOWER_WICK_SWEEP,53.43,-3.94829135,80869.51766405,80775.38859649,80215.28781245,79574.94271253,0.6422,0.0,0.6422,LOSS,80905.5,80500.9725,81552.744,80500.9725,34,,34.0,-0.5,-0.6,0.254,-0.5252
B-BTC_USDT,2026-05-05T07:30:00+00:00,LONG,UPTREND,LOWER_WICK_SWEEP,61.8,15.58988929,80918.57814895,80817.47398837,80215.28781245,79574.94271253,0.3504,0.0,1.0,LOSS,81049.1,80643.8545,81697.4928,80643.8545,18,,18.0,-0.5,-0.6,0.0764,-0.5035
B-BTC_USDT,2026-05-05T14:00:00+00:00,LONG,UPTREND,LOWER_WICK_SWEEP,55.49,-26.51969385,81318.47050265,81127.86779869,80587.94232886,79906.06169529,0.557,0.0213,0.9787,LOSS,81387.1,80980.1645,82038.1968,80980.1645,3,,3.0,-0.5,-0.6,0.0002,-0.6072
B-BTC_USDT,2026-05-05T15:00:00+00:00,LONG,UPTREND,LOWER_WICK_SWEEP,55.06,-3.56389531,81263.74249318,81165.87181861,80654.24305944,79960.10241312,0.5382,0.0,1.0,TIME_EXIT,81369.8,81423.0,82020.7584,80962.951,48,,,0.0654,-0.0346,0.3329,-0.4545
B-BTC_USDT,2026-05-06T12:30:00+00:00,LONG,UPTREND,LOWER_WICK_SWEEP,54.22,-40.17563188,82349.38941515,82140.69622306,81518.77884797,80855.89804781,0.5147,0.0777,0.9223,LOSS,82390.1,81978.1495,83049.2208,81978.1495,7,,7.0,-0.5,-0.6,0.009,-0.7258
B-BTC_USDT,2026-05-07T22:40:00+00:00,SHORT,DOWNTREND,UPPER_WICK_SWEEP,47.74,12.99339133,79804.0531404,79889.16419423,80455.7487903,80750.10423938,0.0399,0.8365,0.0399,TIME_EXIT,79785.7,79500.1,79147.4144,80184.6285,48,,,0.3592,0.2592,0.6277,-0.4018
B-BTC_USDT,2026-05-08T05:15:00+00:00,SHORT,DOWNTREND,UPPER_WICK_SWEEP,46.63,-3.0792604,79596.27409668,79626.30788025,80064.73175344,80492.52231148,0.0499,0.5036,0.0499,LOSS,79563.4,79961.217,78926.8928,79961.217,47,,47.0,-0.4975,-0.5975,0.4487,-0.5085
B-BTC_USDT,2026-05-09T17:20:00+00:00,LONG,UPTREND,LOWER_WICK_SWEEP,69.29,6.98837003,80593.32470785,80480.07950705,80295.06405894,80279.60602036,0.5317,0.0633,0.9367,TIME_EXIT,80732.5,80762.1,81378.36,80328.8375,48,,,0.0367,-0.0633,0.3849,-0.0727
B-BTC_USDT,2026-05-10T18:00:00+00:00,LONG,UPTREND,LOWER_WICK_SWEEP,61.8,4.14526981,81324.6050894,81192.99835795,80909.91199717,80663.45429959,0.6309,0.3502,0.6498,LOSS,81443.0,81035.785,82094.544,81035.785,27,,27.0,-0.5,-0.6,0.0297,-0.536
B-BTC_USDT,2026-05-11T17:25:00+00:00,LONG,UPTREND,LOWER_WICK_SWEEP,56.51,-28.89096169,81505.9590193,81329.55939942,81078.76376998,80925.38126744,0.465,0.0016,0.9984,TIME_EXIT,81602.4,81591.8,82255.2192,81194.388,48,,,-0.013,-0.113,0.6084,-0.0636
B-BTC_USDT,2026-05-11T18:25:00+00:00,LONG,UPTREND,LOWER_WICK_SWEEP,63.98,-0.73947305,81786.60748721,81546.66088304,81156.4053157,80963.36631577,0.4293,0.1007,0.8993,LOSS,81995.2,81585.224,82651.1616,81585.224,37,,37.0,-0.5,-0.6,0.1265,-0.5369
B-BTC_USDT,2026-05-12T15:45:00+00:00,SHORT,DOWNTREND,UPPER_WICK_SWEEP,39.42,-22.54263039,80470.3043197,80595.2514224,80955.1858838,81022.55466402,0.1384,0.3664,0.1384,LOSS,80265.0,80666.325,79622.88,80666.325,35,,35.0,-0.4975,-0.5975,0.5814,-0.5003
B-BTC_USDT,2026-05-12T16:20:00+00:00,SHORT,DOWNTREND,UPPER_WICK_SWEEP,41.19,2.56064312,80393.95654747,80528.13138769,80892.93960915,80994.2819321,0.2201,0.4055,0.2201,LOSS,80273.3,80674.6665,79631.1136,80674.6665,30,,30.0,-0.4975,-0.5975,0.5918,-0.559
B-BTC_USDT,2026-05-15T15:40:00+00:00,SHORT,DOWNTREND,UPPER_WICK_SWEEP,38.25,38.13885818,79207.43589154,79571.1380279,80365.57619448,80437.6789683,0.1937,0.4572,0.1937,LOSS,79057.2,79452.486,78424.7424,79452.486,23,,23.0,-0.4975,-0.5975,0.0974,-0.5133
B-BTC_USDT,2026-05-16T01:20:00+00:00,SHORT,DOWNTREND,UPPER_WICK_SWEEP,45.45,-6.5100676,79097.37395559,79102.35950138,79576.24610144,80006.62264442,0.0016,0.7728,0.0016,TIME_EXIT,79072.6,78985.9,78440.0192,79467.963,48,,,0.1098,0.0098,0.3319,-0.1333
B-BTC_USDT,2026-05-16T02:40:00+00:00,SHORT,DOWNTREND,UPPER_WICK_SWEEP,44.28,-4.28138984,79089.08060444,79093.10258157,79533.60361558,79972.18646229,0.1466,0.8112,0.1888,TIME_EXIT,79052.8,78705.5,78420.3776,79448.064,48,,,0.4413,0.3413,0.4533,-0.1276
B-BTC_USDT,2026-05-16T03:55:00+00:00,SHORT,DOWNTREND,UPPER_WICK_SWEEP,40.75,-9.17135576,79087.13525743,79092.6461427,79493.63184267,79938.52816965,0.0,0.7356,0.0,WIN,79041.7,78409.3664,78409.3664,79436.9085,35,35.0,,0.8065,0.7065,0.8263,-0.0697
B-BTC_USDT,2026-05-18T01:10:00+00:00,SHORT,DOWNTREND,UPPER_WICK_SWEEP,38.1,26.40471677,77236.71082078,77567.94865588,78015.59905304,78379.9621485,0.0,0.5392,0.0,TIME_EXIT,77024.8,77000.0,76408.6016,77409.924,48,,,0.0322,-0.0678,0.4643,-0.2145
B-BTC_USDT,2026-05-18T02:45:00+00:00,SHORT,DOWNTREND,UPPER_WICK_SWEEP,36.17,4.42365298,76987.93236404,77236.45332241,77926.92295275,78329.1597113,0.0206,0.5964,0.0206,TIME_EXIT,76805.7,76888.3,76191.2544,77189.7285,48,,,-0.1074,-0.2074,0.3543,-0.3306
B-BTC_USDT,2026-05-18T04:00:00+00:00,SHORT,DOWNTREND,UPPER_WICK_SWEEP,46.55,14.27746345,76917.74874617,77081.08493881,77732.82627198,78215.85300532,0.0744,0.8738,0.0744,TIME_EXIT,76896.9,77128.3,76281.7248,77281.3845,48,,,-0.3,-0.4,0.4735,-0.3009
B-BTC_USDT,2026-05-18T06:00:00+00:00,SHORT,DOWNTREND,UPPER_WICK_SWEEP,39.95,-13.20002877,76923.50904785,76987.03647886,77589.09497547,78117.91836439,0.0,0.3695,0.0,TIME_EXIT,76822.0,76839.7,76207.424,77206.11,48,,,-0.023,-0.123,0.3756,-0.4836
B-BTC_USDT,2026-05-18T06:35:00+00:00,SHORT,DOWNTREND,UPPER_WICK_SWEEP,38.26,-21.01877397,76830.16626798,76926.93338104,77589.09497547,78117.91836439,0.0275,0.5421,0.0275,LOSS,76687.2,77070.636,76073.7024,77070.636,17,,17.0,-0.4975,-0.5975,-0.0001,-0.5752
B-BTC_USDT,2026-05-18T09:15:00+00:00,SHORT,DOWNTREND,UPPER_WICK_SWEEP,45.65,-13.82193518,76933.54251432,76938.29328025,77430.53927619,77988.7155276,0.1222,0.6705,0.3295,LOSS,76885.7,77270.1285,76270.6144,77270.1285,29,,29.0,-0.4975,-0.5975,0.3376,-0.6364
B-BTC_USDT,2026-05-18T16:55:00+00:00,SHORT,DOWNTREND,UPPER_WICK_SWEEP,47.6,26.86622627,76392.05137786,76553.61937343,77132.93741974,77714.36380867,0.1019,0.8551,0.1019,LOSS,76377.3,76759.1865,75766.2816,76759.1865,25,,25.0,-0.4975,-0.5975,0.3542,-0.6816
B-BTC_USDT,2026-05-19T15:50:00+00:00,SHORT,DOWNTREND,UPPER_WICK_SWEEP,47.11,18.25756078,76502.26664168,76613.29616737,76848.56094887,77177.20886097,0.1299,0.8608,0.1299,LOSS,76473.1,76855.4655,75861.3152,76855.4655,12,,12.0,-0.4975,-0.5975,0.1258,-0.519
B-BTC_USDT,2026-05-19T16:00:00+00:00,SHORT,DOWNTREND,UPPER_WICK_SWEEP,48.37,17.90699454,76500.4794958,76603.99127176,76814.21228708,77150.17714093,0.0,0.8629,0.1371,LOSS,76496.5,76878.9825,75884.528,76878.9825,11,,11.0,-0.4975,-0.5975,0.1565,-0.5118
B-BTC_USDT,2026-05-20T21:00:00+00:00,LONG,UPTREND,LOWER_WICK_SWEEP,61.58,2.82225733,77613.5348834,77535.56749198,77316.82754824,77203.3300999,0.7525,0.0477,0.9523,LOSS,77700.7,77312.1965,78322.3056,77312.1965,13,,13.0,-0.5,-0.6,0.0449,-0.5414
B-BTC_USDT,2026-05-21T03:40:00+00:00,LONG,UPTREND,LOWER_WICK_SWEEP,58.68,-4.61012038,77931.85554669,77832.56829583,77496.60506707,77308.60743941,0.4,0.0,1.0,LOSS,77980.0,77590.1,78603.84,77590.1,37,,37.0,-0.5,-0.6,0.2093,-0.6139
B-BTC_USDT,2026-05-21T23:45:00+00:00,LONG,UPTREND,LOWER_WICK_SWEEP,53.8,11.05905461,77632.07289597,77622.11865193,77496.08364318,77416.73038426,0.6392,0.1065,0.8935,TIME_EXIT,77674.0,77747.9,78295.392,77285.63,48,,,0.0951,-0.0049,0.13,-0.4969
B-BTC_USDT,2026-05-22T15:45:00+00:00,SHORT,DOWNTREND,UPPER_WICK_SWEEP,39.22,8.89919152,76830.81741612,77019.89995084,77359.16332623,77394.3771924,0.2622,0.684,0.2622,LOSS,76682.5,77065.9125,76069.04,77065.9125,21,,21.0,-0.4975,-0.5975,0.075,-0.5055
B-BTC_USDT,2026-05-22T23:55:00+00:00,SHORT,DOWNTREND,UPPER_WICK_SWEEP,36.07,-14.13247637,75698.89407745,75878.71934532,76716.59410289,77080.61697552,0.1041,0.5278,0.1041,TIME_EXIT,75513.1,75599.1,74908.9952,75890.6655,48,,,-0.1138,-0.2138,0.4365,-0.1597
B-BTC_USDT,2026-05-23T04:50:00+00:00,SHORT,DOWNTREND,UPPER_WICK_SWEEP,41.24,-17.04312933,75540.25098962,75556.21543356,76236.46857107,76792.64965826,0.0045,0.6545,0.0045,WIN,75482.1,74878.2432,74878.2432,75859.5105,36,36.0,,0.8065,0.7065,1.723,-0.0607
B-BTC_USDT,2026-05-23T05:25:00+00:00,SHORT,DOWNTREND,UPPER_WICK_SWEEP,37.61,-10.68464866,75511.24137932,75538.9233159,76166.90013573,76742.19280891,0.0,0.9355,0.0,WIN,75450.0,74846.4,74846.4,75827.25,29,29.0,,0.8065,0.7065,1.6797,-0.055
B-BTC_USDT,2026-05-23T06:55:00+00:00,SHORT,DOWNTREND,UPPER_WICK_SWEEP,34.32,-5.41993275,75428.60574169,75478.55035881,76098.43345614,76691.44014974,0.3634,0.5683,0.4317,WIN,75368.0,74765.056,74765.056,75744.84,11,11.0,,0.8065,0.7065,1.5692,-0.0528
B-BTC_USDT,2026-05-23T10:55:00+00:00,SHORT,DOWNTREND,UPPER_WICK_SWEEP,46.08,10.87354424,74703.71793449,74825.74331261,75663.78498176,76411.1640404,0.0763,0.729,0.271,LOSS,74687.7,75061.1385,74090.1984,75061.1385,34,,34.0,-0.4975,-0.5975,0.0895,-0.5847
B-BTC_USDT,2026-05-23T12:15:00+00:00,SHORT,DOWNTREND,UPPER_WICK_SWEEP,37.54,-10.47971486,74735.51495584,74790.65590669,75493.91741137,76281.60555978,0.0092,0.526,0.0092,LOSS,74662.4,75035.712,74065.1008,75035.712,18,,18.0,-0.4975,-0.5975,0.0556,-0.6188
B-BTC_USDT,2026-05-24T07:00:00+00:00,LONG,UPTREND,LOWER_WICK_SWEEP,68.08,27.727617,76805.8718806,76771.04351415,76374.38576481,76326.30608115,0.5981,0.3816,0.6184,WIN,76957.5,77573.16,77573.16,76572.7125,41,41.0,,0.8,0.7,0.8349,-0.3458
B-BTC_USDT,2026-05-24T09:25:00+00:00,LONG,UPTREND,LOWER_WICK_SWEEP,64.13,18.13820128,76830.15541337,76803.86980993,76449.18834716,76361.67616334,0.6924,0.001,0.6924,WIN,76921.6,77536.9728,77536.9728,76536.992,12,12.0,,0.8,0.7,0.8819,-0.0594
B-BTC_USDT,2026-05-25T07:50:00+00:00,LONG,UPTREND,LOWER_WICK_SWEEP,52.98,-5.39788647,77303.26151581,77265.47113633,76926.56342639,76687.69755813,0.4884,0.0015,0.9985,TIME_EXIT,77335.2,77360.0,77953.8816,76948.524,48,,,0.0321,-0.0679,0.4704,-0.1209
B-BTC_USDT,2026-05-25T08:00:00+00:00,LONG,UPTREND,LOWER_WICK_SWEEP,55.68,4.68665724,77316.18096872,77273.85874599,76969.46214768,76714.72902644,0.8335,0.1098,0.8335,TIME_EXIT,77372.2,77280.7,77991.1776,76985.339,48,,,-0.1183,-0.2183,0.4224,-0.1687
B-BTC_USDT,2026-05-25T08:45:00+00:00,LONG,UPTREND,LOWER_WICK_SWEEP,53.06,1.10175944,77308.58516939,77282.37442132,76969.46214768,76714.72902644,0.5226,0.0024,0.9976,TIME_EXIT,77332.9,77304.2,77951.5632,76946.2355,48,,,-0.0371,-0.1371,0.4734,-0.1139
B-BTC_USDT,2026-05-25T09:20:00+00:00,LONG,UPTREND,LOWER_WICK_SWEEP,63.42,14.15010758,77367.83291643,77316.97436208,77012.58956219,76742.47690775,0.3521,0.0,1.0,TIME_EXIT,77471.6,77308.6,78091.3728,77084.242,48,,,-0.2104,-0.3104,0.2935,-0.2928
B-BTC_USDT,2026-05-25T18:30:00+00:00,LONG,UPTREND,LOWER_WICK_SWEEP,51.25,0.75509951,77588.54480168,77566.20064647,77310.78076788,76973.08314706,0.6824,0.0,0.6824,LOSS,77596.0,77208.02,78216.768,77208.02,26,,26.0,-0.5,-0.6,0.0075,-0.5464
B-BTC_USDT,2026-05-26T14:05:00+00:00,LONG,UPTREND,LOWER_WICK_SWEEP,57.52,34.56279794,77056.84694407,77025.50570438,77023.71673237,76977.59864615,0.3707,0.1924,0.8076,WIN,77212.0,77829.696,77829.696,76825.94,3,3.0,,0.8,0.7,0.8367,-0.0001
B-BTC_USDT,2026-05-26T21:30:00+00:00,SHORT,DOWNTREND,UPPER_WICK_SWEEP,47.19,-2.96860465,76002.79564554,76087.38883825,76605.47437413,76793.70729151,0.1516,0.404,0.1516,TIME_EXIT,75976.0,75830.2,75368.192,76355.88,48,,,0.1923,0.0923,0.4426,-0.142
B-BTC_USDT,2026-05-26T21:40:00+00:00,SHORT,DOWNTREND,UPPER_WICK_SWEEP,46.97,-2.08391911,75998.98781868,76079.29296449,76605.47437413,76793.70729151,0.2948,0.4401,0.2948,TIME_EXIT,75972.4,75841.0,75364.6208,76352.262,48,,,0.1733,0.0733,0.4379,-0.1468
B-BTC_USDT,2026-05-26T22:00:00+00:00,SHORT,DOWNTREND,UPPER_WICK_SWEEP,42.17,-11.02272444,75968.51843891,76054.05263228,76534.85776707,76757.24818204,0.0009,0.7207,0.2793,TIME_EXIT,75895.1,75836.7,75287.9392,76274.5755,48,,,0.077,-0.023,0.3357,-0.2488
B-BTC_USDT,2026-05-27T01:30:00+00:00,SHORT,DOWNTREND,UPPER_WICK_SWEEP,41.65,-18.21810722,75920.11040693,75930.96477862,76372.1762471,76660.42766484,0.2468,0.5643,0.2468,TIME_EXIT,75830.2,75606.0,75223.5584,76209.351,48,,,0.2965,0.1965,0.7338,-0.1705
B-BTC_USDT,2026-05-27T03:25:00+00:00,SHORT,DOWNTREND,UPPER_WICK_SWEEP,49.04,10.6766587,75820.61679953,75855.87776134,76277.24314105,76598.01823271,0.0,0.6517,0.3483,TIME_EXIT,75817.7,75832.9,75211.1584,76196.7885,48,,,-0.02,-0.12,0.7172,-0.0616
B-BTC_USDT,2026-05-27T03:55:00+00:00,SHORT,DOWNTREND,UPPER_WICK_SWEEP,36.77,-16.39427439,75759.11825314,75820.41884509,76277.24314105,76598.01823271,0.3269,0.5139,0.3269,TIME_EXIT,75635.6,75935.0,75030.5152,76013.778,48,,,-0.3943,-0.4943,0.4753,-0.4025
B-BTC_USDT,2026-05-27T16:25:00+00:00,SHORT,DOWNTREND,UPPER_WICK_SWEEP,43.47,-14.26825337,75181.57695382,75281.58469957,75739.13794221,76186.19715482,0.0,0.6703,0.3297,TIME_EXIT,75068.1,75242.7,74467.5552,75443.4405,48,,,-0.232,-0.332,0.5843,-0.4301
B-BTC_USDT,2026-05-27T16:30:00+00:00,SHORT,DOWNTREND,UPPER_WICK_SWEEP,41.85,-19.1397596,75167.15057726,75271.72255449,75739.13794221,76186.19715482,0.0627,0.5931,0.0627,TIME_EXIT,75030.1,75203.0,74429.8592,75405.2505,48,,,-0.2299,-0.3299,0.5334,-0.481
B-BTC_USDT,2026-05-27T17:50:00+00:00,SHORT,DOWNTREND,UPPER_WICK_SWEEP,37.45,-21.11461081,75030.21423228,75154.27866859,75694.82956676,76150.4207958,0.0048,0.524,0.0048,LOSS,74866.9,75241.2345,74267.9648,75241.2345,27,,27.0,-0.4975,-0.5975,0.3147,-0.505
B-BTC_USDT,2026-05-27T23:30:00+00:00,SHORT,DOWNTREND,UPPER_WICK_SWEEP,34.13,-1.95777381,74489.58041185,74705.03715051,75286.77739459,75864.69331107,0.0029,0.8301,0.1699,WIN,74288.0,73693.696,73693.696,74659.44,45,45.0,,0.8065,0.7065,1.1596,-0.3733
B-BTC_USDT,2026-05-28T00:20:00+00:00,SHORT,DOWNTREND,UPPER_WICK_SWEEP,47.32,29.69572374,74459.05904076,74615.92944996,75204.04621415,75807.96416162,0.0,0.5921,0.0,WIN,74449.0,73853.408,73853.408,74821.245,35,35.0,,0.8065,0.7065,1.3789,-0.1562
B-BTC_USDT,2026-05-28T02:00:00+00:00,SHORT,DOWNTREND,UPPER_WICK_SWEEP,40.44,-12.17483656,74362.94032816,74485.25029254,75062.10313676,75701.62427991,0.1573,0.3556,0.1573,WIN,74230.0,73636.16,73636.16,74601.15,15,15.0,,0.8065,0.7065,1.0807,-0.1692
B-BTC_USDT,2026-05-28T03:05:00+00:00,SHORT,DOWNTREND,UPPER_WICK_SWEEP,43.97,8.89909452,74284.91601984,74391.82749334,74985.3885523,75644.95666109,0.071,0.5453,0.071,WIN,74227.3,73633.4816,73633.4816,74598.4365,2,2.0,,0.8065,0.7065,1.077,-0.0181
B-BTC_USDT,2026-05-31T03:30:00+00:00,LONG,UPTREND,LOWER_WICK_SWEEP,62.89,17.891637,74072.12870068,74019.43330871,73856.5264678,73820.18083604,0.7864,0.0021,0.9979,LOSS,74188.5,73817.5575,74782.008,73817.5575,48,,48.0,-0.5,-0.6,0.0082,-0.5098
B-BTC_USDT,2026-05-31T04:40:00+00:00,LONG,UPTREND,LOWER_WICK_SWEEP,57.4,-0.10772843,74119.61765227,74067.89140321,73880.43823278,73831.4521758,0.7677,0.0023,0.9977,LOSS,74165.9,73795.0705,74759.2272,73795.0705,35,,35.0,-0.5,-0.6,0.0387,-0.5025
B-BTC_USDT,2026-05-31T18:55:00+00:00,SHORT,DOWNTREND,UPPER_WICK_SWEEP,46.19,-4.83034705,73597.48505524,73620.35001336,73797.75467342,73820.71557279,0.0371,0.8057,0.0371,LOSS,73573.8,73941.669,72985.2096,73941.669,37,,37.0,-0.4975,-0.5975,0.2133,-0.5045
B-BTC_USDT,2026-05-31T19:00:00+00:00,SHORT,DOWNTREND,UPPER_WICK_SWEEP,45.81,-5.60662949,73594.97219284,73618.41864029,73776.42565691,73811.03260915,0.0368,0.9153,0.0368,LOSS,73571.1,73938.9555,72982.5312,73938.9555,36,,36.0,-0.4975,-0.5975,0.2096,-0.5082
B-BTC_USDT,2026-06-01T10:20:00+00:00,SHORT,DOWNTREND,UPPER_WICK_SWEEP,33.43,-20.34690941,72838.15552829,72959.30054565,73413.53650323,73622.47538588,0.2155,0.5018,0.2155,WIN,72669.9,72088.5408,72088.5408,73033.2495,21,21.0,,0.8065,0.7065,0.881,-0.1611
B-BTC_USDT,2026-06-01T10:30:00+00:00,SHORT,DOWNTREND,UPPER_WICK_SWEEP,31.0,-24.21366924,72803.45203109,72935.34902349,73413.53650323,73622.47538588,0.0991,0.5165,0.0991,WIN,72616.5,72035.568,72035.568,72979.5825,19,19.0,,0.8065,0.7065,0.8068,-0.2348
B-BTC_USDT,2026-06-01T14:50:00+00:00,SHORT,DOWNTREND,UPPER_WICK_SWEEP,31.38,3.49397606,71660.53867362,72007.85698651,73021.65266343,73419.65146077,0.1081,0.5199,0.1081,WIN,71412.6,70841.2992,70841.2992,71769.663,16,16.0,,0.8065,0.7065,1.0781,-0.3501
B-BTC_USDT,2026-06-02T06:50:00+00:00,SHORT,DOWNTREND,UPPER_WICK_SWEEP,32.12,-5.84102125,70376.05114917,70593.07686373,71423.16288925,72327.42036791,0.2974,0.4345,0.2974,WIN,70139.9,69578.7808,69578.7808,70490.5995,26,26.0,,0.8065,0.7065,0.8585,-0.1564
B-BTC_USDT,2026-06-02T07:55:00+00:00,SHORT,DOWNTREND,UPPER_WICK_SWEEP,44.2,28.29455697,70148.02461716,70373.52016461,71294.92832837,72239.15682407,0.0814,0.768,0.0814,WIN,70079.4,69518.7648,69518.7648,70429.797,15,15.0,,0.8065,0.7065,0.9063,-0.0953
B-BTC_USDT,2026-06-02T10:45:00+00:00,SHORT,DOWNTREND,UPPER_WICK_SWEEP,42.33,16.02766999,69554.52542866,69789.64895252,70889.74989788,71957.25382843,0.0,0.6773,0.3227,WIN,69459.7,68904.0224,68904.0224,69806.9985,27,27.0,,0.8065,0.7065,0.8299,-0.2979
B-BTC_USDT,2026-06-02T17:05:00+00:00,SHORT,DOWNTREND,UPPER_WICK_SWEEP,41.3,17.093782,67628.07755165,68016.94946292,69598.81578633,71095.48241272,0.1566,0.426,0.1566,LOSS,67418.9,67755.9945,66879.5488,67755.9945,3,,3.0,-0.4975,-0.5975,0.0,-0.5504
B-BTC_USDT,2026-06-03T01:15:00+00:00,SHORT,DOWNTREND,UPPER_WICK_SWEEP,48.68,4.06422727,66858.67033958,66954.67438447,68211.90450215,70006.17348988,0.0999,0.659,0.341,WIN,66839.9,66305.1808,66305.1808,67174.0995,26,26.0,,0.8065,0.7065,1.22,-0.2545
B-BTC_USDT,2026-06-03T02:50:00+00:00,SHORT,DOWNTREND,UPPER_WICK_SWEEP,45.57,-7.42971388,66767.08172095,66852.65651561,68086.08502575,69884.00198047,0.064,0.4119,0.064,WIN,66675.1,66141.6992,66141.6992,67008.4755,7,7.0,,0.8065,0.7065,0.9704,-0.0087
B-BTC_USDT,2026-06-05T15:25:00+00:00,SHORT,DOWNTREND,UPPER_WICK_SWEEP,42.83,51.38928444,60935.70689575,61399.48891319,62497.42423258,63857.70612171,0.1891,0.5242,0.1891,WIN,60760.5,60274.416,60274.416,61064.3025,2,2.0,,0.8065,0.7065,1.0805,-0.1178
B-BTC_USDT,2026-06-05T15:55:00+00:00,SHORT,DOWNTREND,UPPER_WICK_SWEEP,40.07,13.33053332,60708.93223353,61192.96159222,62497.42423258,63857.70612171,0.0933,0.3723,0.0933,LOSS,60400.8,60702.804,59917.5936,60702.804,3,,3.0,-0.4975,-0.5975,1.1076,-1.0892
B-BTC_USDT,2026-06-05T16:05:00+00:00,SHORT,DOWNTREND,UPPER_WICK_SWEEP,33.96,-15.0401902,60601.82842699,61110.57154283,62297.74573424,63722.14117576,0.1789,0.4804,0.1789,LOSS,60024.9,60325.0245,59544.7008,60325.0245,1,,1.0,-0.4975,-0.5975,0.4784,-1.7223
B-BTC_USDT,2026-06-05T17:40:00+00:00,SHORT,DOWNTREND,UPPER_WICK_SWEEP,45.74,-29.77524115,60892.56980382,61036.29469396,62208.25566431,63629.43367867,0.0485,0.639,0.0485,WIN,60729.4,60243.5648,60243.5648,61033.047,9,9.0,,0.8065,0.7065,1.0886,-0.3353
B-BTC_USDT,2026-06-08T00:45:00+00:00,LONG,UPTREND,LOWER_WICK_SWEEP,67.99,19.79972579,63282.28606999,62836.70922333,62033.81688378,61894.13848232,0.8371,0.0164,0.9836,LOSS,63714.9,63396.3255,64224.6192,63396.3255,3,,3.0,-0.5,-0.6,0.0829,-0.6024
B-BTC_USDT,2026-06-08T08:40:00+00:00,LONG,UPTREND,LOWER_WICK_SWEEP,52.98,-16.21711277,63104.26486679,63022.64607682,62593.03386969,62214.3348655,0.5887,0.2094,0.7906,WIN,63136.6,63641.6928,63641.6928,62820.917,32,32.0,,0.8,0.7,0.8108,-0.2164
B-BTC_USDT,2026-06-08T15:15:00+00:00,LONG,UPTREND,LOWER_WICK_SWEEP,67.81,26.62912647,63844.69691762,63633.59684292,63087.41824891,62538.81184615,0.9413,0.0524,0.9413,LOSS,64153.7,63832.9315,64666.9296,63832.9315,3,,3.0,-0.5,-0.6,0.0402,-0.5231
B-BTC_USDT,2026-06-09T16:35:00+00:00,SHORT,DOWNTREND,UPPER_WICK_SWEEP,30.64,8.15310248,61192.47020792,61627.81221769,62614.30277809,62699.25271772,0.0879,0.3669,0.0879,LOSS,60812.8,61116.864,60326.2976,61116.864,1,,1.0,-0.4975,-0.5975,0.0951,-0.6872
B-BTC_USDT,2026-06-09T23:45:00+00:00,SHORT,DOWNTREND,UPPER_WICK_SWEEP,37.85,-15.90402689,61717.69179482,61779.36482239,62199.42265485,62474.97156234,0.1734,0.4706,0.1734,LOSS,61572.3,61880.1615,61079.7216,61880.1615,14,,14.0,-0.4975,-0.5975,0.2731,-0.5467
B-BTC_USDT,2026-06-11T09:40:00+00:00,LONG,UPTREND,LOWER_WICK_SWEEP,57.4,-3.42338423,62845.02301337,62749.65428953,62220.21699828,62127.83462812,0.3759,0.0,1.0,LOSS,62908.2,62593.659,63411.4656,62593.659,34,,34.0,-0.5,-0.6,0.5209,-0.7191
B-BTC_USDT,2026-06-11T09:45:00+00:00,LONG,UPTREND,LOWER_WICK_SWEEP,56.56,-2.34453397,62850.25891686,62755.55019975,62220.21699828,62127.83462812,0.7117,0.0,0.7117,LOSS,62900.0,62585.5,63403.2,62585.5,33,,33.0,-0.5,-0.6,0.534,-0.7062
B-BTC_USDT,2026-06-11T11:05:00+00:00,LONG,UPTREND,LOWER_WICK_SWEEP,68.01,29.12631867,62950.75790517,62847.40722986,62364.50597818,62195.84457598,0.7336,0.0663,0.7336,LOSS,63130.2,62814.549,63635.2416,62814.549,15,,15.0,-0.5,-0.6,0.1674,-0.7607
B-BTC_USDT,2026-06-11T14:00:00+00:00,LONG,UPTREND,LOWER_WICK_SWEEP,55.91,28.14090213,62944.92088873,62925.18728131,62537.93392769,62290.60338874,0.8759,0.0893,0.9107,LOSS,63050.0,62734.75,63554.4,62734.75,2,,2.0,-0.5,-0.6,0.0,-0.5307
B-BTC_USDT,2026-06-11T21:35:00+00:00,LONG,UPTREND,LOWER_WICK_SWEEP,54.61,4.51676291,63447.52661448,63360.80175501,62869.85665806,62502.85921319,0.5389,0.0,1.0,TIME_EXIT,63492.0,63344.3,63999.936,63174.54,48,,,-0.2326,-0.3326,0.4489,-0.3471
B-BTC_USDT,2026-06-11T23:50:00+00:00,LONG,UPTREND,LOWER_WICK_SWEEP,60.32,19.13478562,63486.3592917,63445.10416331,62979.93209424,62577.76038864,0.6345,0.0592,0.9408,LOSS,63602.2,63284.189,64111.0176,63284.189,19,,19.0,-0.5,-0.6,0.2748,-0.5198
B-BTC_USDT,2026-06-13T11:20:00+00:00,LONG,UPTREND,LOWER_WICK_SWEEP,68.71,14.80023246,63830.73895245,63776.76323562,63628.81498809,63362.29237009,0.777,0.0,0.777,TIME_EXIT,63926.4,64252.7,64437.8112,63606.768,48,,,0.5104,0.4104,0.6173,-0.1054
B-BTC_USDT,2026-06-13T15:00:00+00:00,LONG,UPTREND,LOWER_WICK_SWEEP,62.17,-0.42917788,64131.38401683,64041.15849864,63778.98540969,63468.21710379,0.8158,0.1564,0.8158,LOSS,64188.4,63867.458,64701.9072,63867.458,21,,21.0,-0.5,-0.6,0.2097,-0.5071
B-BTC_USDT,2026-06-13T21:05:00+00:00,LONG,UPTREND,LOWER_WICK_SWEEP,62.66,-1.16649767,64222.41011506,64167.60513045,63945.94026257,63612.27633206,0.9024,0.0897,0.9103,TIME_EXIT,64270.0,64585.1,64784.16,63948.65,48,,,0.4903,0.3903,0.7282,-0.1251
B-BTC_USDT,2026-06-15T06:00:00+00:00,LONG,UPTREND,LOWER_WICK_SWEEP,62.43,13.27993066,65733.15362985,65654.44278723,64995.82894682,64464.11337017,0.785,0.0019,0.9981,LOSS,65839.4,65510.203,66366.1152,65510.203,43,,43.0,-0.5,-0.6,0.2107,-0.5626
B-BTC_USDT,2026-06-15T12:15:00+00:00,LONG,UPTREND,LOWER_WICK_SWEEP,67.7,2.50278632,66072.13756359,65904.65686003,65360.46891842,64746.65949816,0.6754,0.264,0.736,WIN,66258.6,66788.6688,66788.6688,65927.307,12,12.0,,0.8,0.7,0.8145,-0.1616
B-BTC_USDT,2026-06-17T10:00:00+00:00,SHORT,DOWNTREND,UPPER_WICK_SWEEP,32.8,10.40353995,64996.9752634,65238.39010001,65655.32643462,65707.10661015,0.2242,0.436,0.2242,LOSS,64814.4,65138.472,64295.8848,65138.472,43,,43.0,-0.4975,-0.5975,0.4485,-0.6296
B-BTC_USDT,2026-06-18T17:50:00+00:00,SHORT,DOWNTREND,UPPER_WICK_SWEEP,44.25,46.69574501,62647.87856585,63010.96422475,64002.3090948,64648.52168126,0.0,0.6271,0.0,LOSS,62577.7,62890.5885,62077.0784,62890.5885,6,,6.0,-0.4975,-0.5975,0.1468,-0.5531
B-BTC_USDT,2026-06-18T19:00:00+00:00,SHORT,DOWNTREND,UPPER_WICK_SWEEP,45.81,9.11967546,62699.5742094,62885.83057315,63754.07343135,64493.49071769,0.0103,0.4284,0.0103,LOSS,62640.0,62953.2,62138.88,62953.2,8,,8.0,-0.4975,-0.5975,0.0511,-0.5428
B-BTC_USDT,2026-06-20T16:45:00+00:00,LONG,UPTREND,LOWER_WICK_SWEEP,54.24,-29.38411817,63965.90400709,63826.58116549,63550.67029929,63533.11468039,0.5156,0.2344,0.7656,LOSS,63993.6,63673.632,64505.5488,63673.632,10,,10.0,-0.5,-0.6,0.0406,-0.5183
B-BTC_USDT,2026-06-20T16:55:00+00:00,LONG,UPTREND,LOWER_WICK_SWEEP,54.63,-24.98176254,63971.67470875,63839.73493977,63550.67029929,63533.11468039,0.8697,0.0,1.0,LOSS,63999.9,63679.9005,64511.8992,63679.9005,8,,8.0,-0.5,-0.6,0.0236,-0.5281
B-BTC_USDT,2026-06-20T21:20:00+00:00,LONG,UPTREND,LOWER_WICK_SWEEP,60.1,6.00128747,63899.73620375,63876.54263057,63679.06656383,63595.56948152,0.4805,0.0519,0.9481,TIME_EXIT,63951.0,64218.4,64462.608,63631.245,48,,,0.4181,0.3181,0.5864,-0.1007
B-BTC_USDT,2026-06-20T23:50:00+00:00,LONG,UPTREND,LOWER_WICK_SWEEP,64.41,-7.43215892,64219.97281242,64100.92526955,63759.23997629,63635.67017498,0.4975,0.0,1.0,TIME_EXIT,64290.0,64380.2,64804.32,63968.55,48,,,0.1403,0.0403,0.2489,-0.1415
B-BTC_USDT,2026-06-21T00:30:00+00:00,LONG,UPTREND,LOWER_WICK_SWEEP,55.61,-14.57429303,64229.16467272,64138.27507374,63807.88378807,63660.54585439,0.981,0.0,0.981,TIME_EXIT,64238.2,64521.7,64752.1056,63917.009,48,,,0.4413,0.3413,0.5048,-0.061
B-BTC_USDT,2026-06-21T00:45:00+00:00,LONG,UPTREND,LOWER_WICK_SWEEP,62.1,-7.61044099,64239.83063278,64153.16931762,63807.88378807,63660.54585439,0.7462,0.0017,0.9983,TIME_EXIT,64279.9,64430.2,64794.1392,63958.5005,48,,,0.2338,0.1338,0.4482,-0.1259
B-BTC_USDT,2026-06-21T01:05:00+00:00,LONG,UPTREND,LOWER_WICK_SWEEP,55.8,-6.82611547,64245.67149128,64168.5802049,63851.35199873,63684.22248755,0.5896,0.2948,0.5896,TIME_EXIT,64256.6,64238.0,64770.6528,63935.317,48,,,-0.0289,-0.1289,0.4846,-0.0896
B-BTC_USDT,2026-06-22T11:15:00+00:00,LONG,UPTREND,LOWER_WICK_SWEEP,57.87,17.90226646,64169.43317924,64154.231049,64070.57663929,63984.16002218,0.5571,0.167,0.5571,WIN,64253.8,64767.8304,64767.8304,63932.531,9,9.0,,0.8,0.7,0.9746,-0.0876
B-BTC_USDT,2026-06-22T11:20:00+00:00,LONG,UPTREND,LOWER_WICK_SWEEP,62.16,21.44045092,64183.68716217,64160.69649806,64070.57663929,63984.16002218,0.4618,0.0008,0.9992,WIN,64319.1,64833.6528,64833.6528,63997.5045,8,8.0,,0.8,0.7,0.8721,-0.0944
B-BTC_USDT,2026-06-23T07:55:00+00:00,SHORT,DOWNTREND,UPPER_WICK_SWEEP,35.33,22.51051536,62984.86166523,63261.53346407,64012.39454866,64091.64412881,0.1771,0.416,0.1771,WIN,62849.2,62346.4064,62346.4064,63163.446,5,5.0,,0.8065,0.7065,1.2064,-0.1071
B-BTC_USDT,2026-06-23T12:30:00+00:00,SHORT,DOWNTREND,UPPER_WICK_SWEEP,40.74,-12.88890302,62408.13289031,62494.94513251,63397.10996108,63795.51073366,0.0,0.5035,0.0,LOSS,62308.6,62620.143,61810.1312,62620.143,20,,20.0,-0.4975,-0.5975,0.6326,-0.684
B-BTC_USDT,2026-06-23T12:55:00+00:00,SHORT,DOWNTREND,UPPER_WICK_SWEEP,35.82,-19.85163254,62354.53018933,62454.86629221,63397.10996108,63795.51073366,0.105,0.4187,0.105,LOSS,62227.9,62539.0395,61730.0768,62539.0395,13,,13.0,-0.4975,-0.5975,0.5023,-0.5899
B-BTC_USDT,2026-06-25T15:35:00+00:00,SHORT,DOWNTREND,UPPER_WICK_SWEEP,40.91,47.06998606,59484.03102161,60079.96184645,60884.50664624,61583.75658257,0.0003,0.9094,0.0003,LOSS,59218.2,59514.291,58744.4544,59514.291,4,,4.0,-0.4975,-0.5975,0.2848,-0.6957
B-BTC_USDT,2026-06-25T16:50:00+00:00,SHORT,DOWNTREND,UPPER_WICK_SWEEP,42.59,-1.2173443,59465.78347415,59807.94667247,60756.09648946,61503.460246,0.3043,0.3684,0.3043,LOSS,59269.6,59565.948,58795.4432,59565.948,5,,5.0,-0.4975,-0.5975,0.2625,-0.5316
B-BTC_USDT,2026-06-25T19:40:00+00:00,SHORT,DOWNTREND,UPPER_WICK_SWEEP,43.7,-9.36943194,59378.9557513,59514.5596974,60426.07744533,61274.59824563,0.0657,0.4393,0.0657,LOSS,59275.4,59571.777,58801.1968,59571.777,4,,4.0,-0.4975,-0.5975,0.2066,-0.756
B-BTC_USDT,2026-06-28T02:35:00+00:00,SHORT,DOWNTREND,UPPER_WICK_SWEEP,44.62,-13.71696335,60148.94296103,60156.06878193,60273.58258102,60307.26341156,0.0316,0.7273,0.0316,TIME_EXIT,60100.5,59937.3,59619.696,60401.0025,48,,,0.2723,0.1723,0.6459,-0.2494
B-BTC_USDT,2026-06-28T05:10:00+00:00,SHORT,DOWNTREND,UPPER_WICK_SWEEP,34.08,-20.87044647,60106.70543371,60137.66405812,60236.97381743,60287.52691428,0.3885,0.5404,0.3885,LOSS,59990.2,60290.151,59510.2784,60290.151,41,,41.0,-0.4975,-0.5975,0.4612,-0.922
B-BTC_USDT,2026-06-28T14:45:00+00:00,SHORT,DOWNTREND,UPPER_WICK_SWEEP,43.53,1.63720267,60117.55195579,60151.15541025,60199.1952072,60251.14407595,0.1961,0.6552,0.1961,WIN,60069.9,59589.3408,59589.3408,60370.2495,21,21.0,,0.8065,0.7065,0.8327,-0.0554
B-BTC_USDT,2026-06-28T15:50:00+00:00,SHORT,DOWNTREND,UPPER_WICK_SWEEP,35.65,-16.04999248,59998.27715239,60075.57888675,60179.77661604,60241.11097494,0.2374,0.5442,0.2374,WIN,59826.9,59348.2848,59348.2848,60126.0345,47,47.0,,0.8065,0.7065,1.017,-0.1484
B-BTC_USDT,2026-06-28T18:25:00+00:00,SHORT,DOWNTREND,UPPER_WICK_SWEEP,43.43,19.20825787,59617.26613274,59753.3562448,60049.63420898,60178.08344973,0.1644,0.5168,0.1644,LOSS,59579.2,59877.096,59102.5664,59877.096,43,,43.0,-0.4975,-0.5975,0.5987,-0.5102
B-BTC_USDT,2026-06-28T18:30:00+00:00,SHORT,DOWNTREND,UPPER_WICK_SWEEP,44.42,18.08141665,59614.53602486,59746.89521559,60049.63420898,60178.08344973,0.037,0.8329,0.1671,TIME_EXIT,59588.6,59191.1,59111.8912,59886.543,48,,,0.6716,0.5716,0.7896,-0.4944
B-BTC_USDT,2026-06-28T18:40:00+00:00,SHORT,DOWNTREND,UPPER_WICK_SWEEP,43.37,13.24004776,59604.38119042,59732.38985492,60049.63420898,60178.08344973,0.0,0.6808,0.3192,LOSS,59568.2,59866.041,59091.6544,59866.041,40,,40.0,-0.4975,-0.5975,0.5802,-0.5288
B-BTC_USDT,2026-06-29T01:25:00+00:00,SHORT,DOWNTREND,UPPER_WICK_SWEEP,45.85,-7.79823949,59384.3181982,59429.0889039,59758.51272337,60005.6508582,0.0546,0.7077,0.0546,LOSS,59276.3,59572.6815,58802.0896,59572.6815,12,,12.0,-0.4975,-0.5975,0.7244,-0.5069
B-BTC_USDT,2026-06-30T07:15:00+00:00,SHORT,DOWNTREND,UPPER_WICK_SWEEP,44.26,-5.65909881,59529.61202595,59598.644152,59873.87154495,59944.90280658,0.2654,0.6467,0.3533,TIME_EXIT,59476.6,59293.4,59000.7872,59773.983,48,,,0.309,0.209,0.5369,-0.1348
B-BTC_USDT,2026-06-30T07:25:00+00:00,SHORT,DOWNTREND,UPPER_WICK_SWEEP,42.43,-7.71243604,59518.86517317,59588.82822335,59873.87154495,59944.90280658,0.164,0.5103,0.164,TIME_EXIT,59450.8,59191.1,58975.1936,59748.054,48,,,0.4387,0.3387,0.4932,-0.1618
B-BTC_USDT,2026-06-30T07:35:00+00:00,SHORT,DOWNTREND,UPPER_WICK_SWEEP,43.28,-6.74114033,59510.71094675,59580.05142802,59873.87154495,59944.90280658,0.075,0.4374,0.075,TIME_EXIT,59449.5,59165.1,58973.904,59746.7475,48,,,0.4807,0.3807,0.5914,-0.1541
B-BTC_USDT,2026-06-30T10:45:00+00:00,SHORT,DOWNTREND,UPPER_WICK_SWEEP,44.12,1.47834573,59328.99773207,59388.85621568,59743.85553685,59880.4998944,0.2607,0.5951,0.2607,WIN,59300.1,58825.6992,58825.6992,59596.6005,19,19.0,,0.8065,0.7065,0.8128,-0.1673
B-BTC_USDT,2026-06-30T10:55:00+00:00,SHORT,DOWNTREND,UPPER_WICK_SWEEP,45.03,1.66080081,59325.87251991,59382.94862509,59743.85553685,59880.4998944,0.0541,0.7296,0.0541,WIN,59303.6,58829.1712,58829.1712,59600.118,17,17.0,,0.8065,0.7065,0.8187,-0.1614
B-BTC_USDT,2026-06-30T13:30:00+00:00,SHORT,DOWNTREND,UPPER_WICK_SWEEP,30.6,-16.54272041,58678.00252779,58960.29725619,59529.03502076,59773.50871291,0.2829,0.4645,0.2829,LOSS,58350.5,58642.2525,57883.696,58642.2525,4,,4.0,-0.4975,-0.5975,0.241,-0.7561
B-BTC_USDT,2026-07-02T11:55:00+00:00,LONG,UPTREND,LOWER_WICK_SWEEP,65.46,-24.19838337,61204.50606122,60971.44769345,60309.34974585,59863.90158787,0.5249,0.1429,0.8571,WIN,61329.1,61819.7328,61819.7328,61022.4545,17,17.0,,0.8,0.7,0.9178,-0.3574
B-BTC_USDT,2026-07-02T12:40:00+00:00,LONG,UPTREND,LOWER_WICK_SWEEP,59.23,-9.70403584,61259.53358831,61068.39037185,60406.46881768,59921.36034913,0.6475,0.0,0.6475,WIN,61347.2,61837.9776,61837.9776,61040.464,8,8.0,,0.8,0.7,0.8881,-0.0223
B-BTC_USDT,2026-07-02T16:55:00+00:00,LONG,UPTREND,LOWER_WICK_SWEEP,53.88,21.16101803,61542.2599395,61522.72963567,60822.61907018,60179.71872419,0.8584,0.0458,0.8584,LOSS,61646.8,61338.566,62139.9744,61338.566,44,,44.0,-0.5,-0.6,0.4107,-0.5491
B-BTC_USDT,2026-07-03T18:25:00+00:00,LONG,UPTREND,LOWER_WICK_SWEEP,55.15,-8.78760563,62126.97247109,62070.16471827,61773.34860903,61201.09878443,0.4659,0.0,1.0,WIN,62153.6,62650.8288,62650.8288,61842.832,22,22.0,,0.8,0.7,0.8539,-0.0539
B-BTC_USDT,2026-07-03T19:45:00+00:00,LONG,UPTREND,LOWER_WICK_SWEEP,56.98,-0.38657286,62182.95269694,62128.59798378,61812.09636055,61239.49491054,0.6905,0.0965,0.9035,WIN,62216.0,62713.728,62713.728,61904.92,10,10.0,,0.8,0.7,1.0962,-0.1042
B-BTC_USDT,2026-07-03T23:25:00+00:00,LONG,UPTREND,LOWER_WICK_SWEEP,53.12,-4.37523831,62585.27796559,62516.85845098,62059.08390333,61433.81771607,0.7458,0.0995,0.7458,TIME_EXIT,62602.8,62544.6,63103.6224,62289.786,48,,,-0.093,-0.193,0.5158,-0.3533
B-BTC_USDT,2026-07-04T20:50:00+00:00,LONG,UPTREND,LOWER_WICK_SWEEP,56.41,-6.60017305,63243.72150656,63148.77532847,62711.75086898,62167.81776403,0.8881,0.0022,0.9978,LOSS,63299.9,62983.4005,63806.2992,62983.4005,28,,28.0,-0.5,-0.6,0.2055,-0.5385
B-BTC_USDT,2026-07-04T21:25:00+00:00,LONG,UPTREND,LOWER_WICK_SWEEP,62.61,13.21357877,63280.87888122,63187.51516034,62759.09840527,62208.64451838,0.9656,0.0016,0.9656,LOSS,63409.9,63092.8505,63917.1792,63092.8505,19,,19.0,-0.5,-0.6,0.0317,-0.5192
B-BTC_USDT,2026-07-06T00:00:00+00:00,LONG,UPTREND,LOWER_WICK_SWEEP,60.07,-41.83121641,63578.16916416,63310.62391275,62937.96897025,62662.61714384,0.503,0.1274,0.8726,LOSS,63678.7,63360.3065,64188.1296,63360.3065,6,,6.0,-0.5,-0.6,0.0129,-0.5817
B-BTC_USDT,2026-07-06T00:10:00+00:00,LONG,UPTREND,LOWER_WICK_SWEEP,53.47,-46.16304587,63575.48269447,63330.02722588,62937.96897025,62662.61714384,0.7857,0.0,1.0,LOSS,63575.9,63258.0205,64084.5072,63258.0205,38,,38.0,-0.5,-0.6,0.5098,-0.6432
B-BTC_USDT,2026-07-06T22:45:00+00:00,LONG,UPTREND,LOWER_WICK_SWEEP,57.18,-30.36344719,64201.53311907,63988.52093085,63254.96661729,62967.23814994,0.408,0.0007,0.9993,LOSS,64273.4,63952.033,64787.5872,63952.033,27,,27.0,-0.5,-0.6,0.0888,-0.575
B-BTC_USDT,2026-07-09T20:30:00+00:00,LONG,UPTREND,LOWER_WICK_SWEEP,58.11,-5.94294191,63219.12649759,63127.09050505,62777.66389908,62718.06042686,0.4499,0.048,0.952,LOSS,63291.2,62974.744,63797.5296,62974.744,48,,48.0,-0.5,-0.6,0.1654,-0.6228
B-BTC_USDT,2026-07-09T20:40:00+00:00,LONG,UPTREND,LOWER_WICK_SWEEP,57.6,-1.72324788,63230.71443454,63139.06524515,62777.66389908,62718.06042686,0.5996,0.1447,0.8553,LOSS,63288.8,62972.356,63795.1104,62972.356,46,,46.0,-0.5,-0.6,0.1692,-0.6191
B-BTC_USDT,2026-07-09T22:00:00+00:00,LONG,UPTREND,LOWER_WICK_SWEEP,52.7,-6.62725811,63250.14816972,63196.12932688,62866.57838451,62760.37811799,0.454,0.3812,0.6188,LOSS,63264.4,62948.078,63770.5152,62948.078,30,,30.0,-0.5,-0.6,0.2079,-0.5807
B-BTC_USDT,2026-07-10T04:10:00+00:00,LONG,UPTREND,LOWER_WICK_SWEEP,59.95,-13.11968932,63860.98169193,63668.48838419,63180.7139003,62924.53812151,0.53,0.2715,0.7285,TIME_EXIT,63944.9,63999.9,64456.4592,63625.1755,48,,,0.086,-0.014,0.3755,-0.2806
B-BTC_USDT,2026-07-10T08:10:00+00:00,LONG,UPTREND,LOWER_WICK_SWEEP,60.22,12.66905313,63940.11322063,63906.02408757,63440.78907554,63079.47938508,0.719,0.0,1.0,WIN,63999.9,64511.8992,64511.8992,63679.9005,48,48.0,,0.8,0.7,0.9188,-0.0002
B-BTC_USDT,2026-07-10T10:35:00+00:00,LONG,UPTREND,LOWER_WICK_SWEEP,65.37,-5.42102726,64321.91028441,64191.76787723,63594.77291672,63172.35986296,0.566,0.0971,0.9029,LOSS,64422.3,64100.1885,64937.6784,64100.1885,44,,44.0,-0.5,-0.6,0.4,-0.609
B-BTC_USDT,2026-07-10T11:55:00+00:00,LONG,UPTREND,LOWER_WICK_SWEEP,54.15,-7.87539209,64375.08713807,64285.81243504,63668.98501989,63219.48300559,0.5374,0.1724,0.8276,LOSS,64394.2,64072.229,64909.3536,64072.229,28,,28.0,-0.5,-0.6,0.4438,-0.5656
B-BTC_USDT,2026-07-12T17:05:00+00:00,LONG,UPTREND,LOWER_WICK_SWEEP,53.11,-1.38571815,64111.41106158,64078.19184355,64041.64758948,63968.10672766,0.7598,0.0,1.0,TIME_EXIT,64130.0,64177.2,64643.04,63809.35,48,,,0.0736,-0.0264,0.184,-0.2291
B-BTC_USDT,2026-07-13T05:50:00+00:00,SHORT,DOWNTREND,UPPER_WICK_SWEEP,45.32,26.98819707,62771.70402384,62991.49087176,63680.58070688,63836.64117351,0.1855,0.6582,0.1855,LOSS,62755.2,63068.976,62253.1584,63068.976,34,,34.0,-0.4975,-0.5975,0.128,-0.5488
B-BTC_USDT,2026-07-13T07:00:00+00:00,SHORT,DOWNTREND,UPPER_WICK_SWEEP,45.34,9.47460789,62767.89887325,62894.83206054,63514.56379861,63754.26776532,0.2676,0.3622,0.2676,LOSS,62739.2,63052.896,62237.2864,63052.896,17,,17.0,-0.4975,-0.5975,0.0118,-0.5156
B-BTC_USDT,2026-07-13T12:00:00+00:00,SHORT,DOWNTREND,UPPER_WICK_SWEEP,36.99,-12.46388416,62961.68977422,62987.55120531,63302.36061355,63614.1970522,0.0804,0.7718,0.0804,WIN,62864.3,62361.3856,62361.3856,63178.6215,16,16.0,,0.8065,0.7065,0.8247,-0.0593
B-BTC_USDT,2026-07-13T12:10:00+00:00,SHORT,DOWNTREND,UPPER_WICK_SWEEP,33.41,-15.33278113,62937.29797844,62975.24061666,63302.36061355,63614.1970522,0.1988,0.6545,0.1988,WIN,62820.2,62317.6384,62317.6384,63134.301,18,18.0,,0.8065,0.7065,0.9543,-0.0726
B-BTC_USDT,2026-07-13T19:15:00+00:00,SHORT,DOWNTREND,UPPER_WICK_SWEEP,44.71,27.83365039,62028.05613288,62191.08237978,62795.41850636,63299.10734765,0.0012,0.4628,0.0012,TIME_EXIT,62006.6,62096.9,61510.5472,62316.633,48,,,-0.1454,-0.2454,0.2459,-0.4716
B-BTC_USDT,2026-07-13T21:20:00+00:00,SHORT,DOWNTREND,UPPER_WICK_SWEEP,43.38,-14.32029781,62122.22942433,62158.078088,62690.43238276,63215.9666827,0.0014,0.5875,0.0014,LOSS,62053.1,62363.3655,61556.6752,62363.3655,34,,34.0,-0.4975,-0.5975,0.3211,-0.6673
B-BTC_USDT,2026-07-14T18:55:00+00:00,LONG,UPTREND,LOWER_WICK_SWEEP,51.15,0.48023016,64538.39899818,64414.61869768,63417.85743752,63223.74995119,0.3594,0.375,0.625,WIN,64544.0,65060.352,65060.352,64221.28,41,41.0,,0.8,0.7,0.9079,-0.238
B-BTC_USDT,2026-07-14T19:15:00+00:00,LONG,UPTREND,LOWER_WICK_SWEEP,53.81,4.50338854,64549.59578901,64437.84362502,63525.10911014,63275.5244629,0.8081,0.1033,0.8081,WIN,64584.0,65100.672,65100.672,64261.08,37,37.0,,0.8,0.7,0.8454,-0.2998
B-BTC_USDT,2026-07-14T23:55:00+00:00,LONG,UPTREND,LOWER_WICK_SWEEP,63.99,1.47097249,64895.67454693,64755.93382523,63897.8015217,63478.35721875,0.5757,0.1884,0.8116,LOSS,65014.7,64689.6265,65534.8176,64689.6265,16,,16.0,-0.5,-0.6,0.044,-0.5156
B-BTC_USDT,2026-07-16T23:00:00+00:00,SHORT,DOWNTREND,UPPER_WICK_SWEEP,30.68,-20.71762585,64060.64515537,64130.33132344,64307.51101991,64330.94473423,0.049,0.5306,0.049,WIN,63908.7,63397.4304,63397.4304,64228.2435,44,44.0,,0.8065,0.7065,0.8246,-0.208
B-BTC_USDT,2026-07-17T04:10:00+00:00,SHORT,DOWNTREND,UPPER_WICK_SWEEP,39.94,-4.48057955,63552.55254382,63647.38234983,64035.19138138,64203.26595222,0.1704,0.7121,0.1704,WIN,63471.0,62963.232,62963.232,63788.355,18,18.0,,0.8065,0.7065,0.9564,-0.1402
B-BTC_USDT,2026-07-17T07:50:00+00:00,SHORT,DOWNTREND,UPPER_WICK_SWEEP,43.15,22.72366578,62904.06606937,63078.49369493,63777.8971909,64073.25803962,0.002,0.7655,0.002,LOSS,62876.3,63190.6815,62373.2896,63190.6815,45,,45.0,-0.4975,-0.5975,0.4237,-0.6355
B-BTC_USDT,2026-07-17T08:05:00+00:00,SHORT,DOWNTREND,UPPER_WICK_SWEEP,40.01,10.77499972,62879.67858437,63048.06964828,63684.08793462,64023.04792042,0.2182,0.6081,0.3919,LOSS,62821.3,63135.4065,62318.7296,63135.4065,31,,31.0,-0.4975,-0.5975,0.3359,-0.5447
B-BTC_USDT,2026-07-18T14:15:00+00:00,LONG,UPTREND,LOWER_WICK_SWEEP,57.32,7.53855331,64069.9323745,64043.45864816,63937.80985377,63905.06299552,0.5511,0.0,0.5511,TIME_EXIT,64112.7,64471.0,64625.6016,63792.1365,48,,,0.5589,0.4589,0.5729,-0.1758
B-BTC_USDT,2026-07-18T16:20:00+00:00,LONG,UPTREND,LOWER_WICK_SWEEP,54.36,3.74840349,64085.9990061,64072.72077972,63966.19355376,63919.62254989,0.8829,0.1171,0.8829,WIN,64106.1,64618.9488,64618.9488,63785.5695,25,25.0,,0.8,0.7,0.8734,-0.0312
B-BTC_USDT,2026-07-18T20:05:00+00:00,LONG,UPTREND,LOWER_WICK_SWEEP,63.85,-4.77667688,64484.75231684,64386.64811012,64123.3039717,63996.09724187,0.7029,0.0,1.0,TIME_EXIT,64536.2,64812.7,65052.4896,64213.519,48,,,0.4284,0.3284,0.4667,-0.0002
B-BTC_USDT,2026-07-19T00:05:00+00:00,LONG,UPTREND,LOWER_WICK_SWEEP,61.15,-0.67358415,64770.51867579,64689.83140722,64327.51029507,64105.88716652,0.4792,0.1901,0.8099,TIME_EXIT,64812.7,64614.9,65331.2016,64488.6365,48,,,-0.3052,-0.4052,0.21,-0.3365
B-BTC_USDT,2026-07-19T02:00:00+00:00,LONG,UPTREND,LOWER_WICK_SWEEP,63.09,0.70501365,64759.86507023,64732.41884782,64404.71250912,64155.6601641,0.5136,0.221,0.779,TIME_EXIT,64790.1,64677.0,65308.4208,64466.1495,48,,,-0.1746,-0.2746,0.2449,-0.3237
B-BTC_USDT,2026-07-20T03:55:00+00:00,LONG,UPTREND,LOWER_WICK_SWEEP,53.97,7.51258408,64782.25742406,64744.39773006,64558.90731747,64417.98230747,0.8118,0.0,1.0,LOSS,64839.4,64515.203,65358.1152,64515.203,11,,11.0,-0.5,-0.6,0.0062,-0.5188
B-BTC_USDT,2026-07-20T13:45:00+00:00,LONG,UPTREND,LOWER_WICK_SWEEP,55.12,-12.2791364,64640.7136625,64542.72736447,64452.99191083,64403.85803181,0.7956,0.0011,0.9989,LOSS,64699.6,64376.102,65217.1968,64376.102,1,,1.0,-0.5,-0.6,0.057,-0.6331
B-BTC_USDT,2026-07-21T02:40:00+00:00,LONG,UPTREND,LOWER_WICK_SWEEP,51.08,-2.77192894,65308.93063576,65302.59342077,65019.35338658,64728.07551009,0.5466,0.1638,0.8362,WIN,65326.6,65849.2128,65849.2128,64999.967,37,37.0,,0.8,0.7,0.9205,-0.0695
B-BTC_USDT,2026-07-21T05:05:00+00:00,LONG,UPTREND,LOWER_WICK_SWEEP,54.38,-10.26800713,65499.84244685,65439.03824226,65138.01221019,64812.52382483,0.7775,0.185,0.7775,WIN,65520.2,66044.3616,66044.3616,65192.599,29,29.0,,0.8,0.7,0.8083,-0.0884
B-BTC_USDT,2026-07-21T05:30:00+00:00,LONG,UPTREND,LOWER_WICK_SWEEP,57.6,-0.45251327,65517.42205509,65457.69923125,65138.01221019,64812.52382483,0.6045,0.1864,0.6045,WIN,65565.9,66090.4272,66090.4272,65238.0705,26,26.0,,0.8,0.7,0.8529,-0.0496
B-BTC_USDT,2026-07-21T09:20:00+00:00,LONG,UPTREND,LOWER_WICK_SWEEP,58.66,-22.41142957,66166.65294751,65992.64932306,65428.02097091,64988.78940908,0.5941,0.1485,0.8515,TIME_EXIT,66210.0,66445.0,66739.68,65878.95,48,,,0.3549,0.2549,0.6448,-0.1403
B-BTC_USDT,2026-07-21T09:50:00+00:00,LONG,UPTREND,LOWER_WICK_SWEEP,66.06,-5.31145944,66216.37046122,66052.66527782,65428.02097091,64988.78940908,0.6088,0.0246,0.9754,TIME_EXIT,66315.1,66707.0,66845.6208,65983.5245,48,,,0.591,0.491,0.6253,-0.2986
B-BTC_USDT,2026-07-21T10:20:00+00:00,LONG,UPTREND,LOWER_WICK_SWEEP,65.93,-2.01185273,66257.70886722,66106.41150618,65507.37135464,65038.68786362,0.8914,0.0558,0.9442,WIN,66343.3,66874.0464,66874.0464,66011.5835,45,45.0,,0.8,0.7,0.8754,-0.341
B-BTC_USDT,2026-07-21T11:55:00+00:00,LONG,UPTREND,LOWER_WICK_SWEEP,59.79,8.97117341,66256.97690294,66183.99511417,65569.63122562,65082.70402583,0.4414,0.0039,0.9961,WIN,66317.9,66848.4432,66848.4432,65986.3105,26,26.0,,0.8,0.7,0.9141,-0.1235
B-BTC_USDT,2026-07-21T12:15:00+00:00,LONG,UPTREND,LOWER_WICK_SWEEP,66.11,16.31534893,66289.76486838,66208.87330333,65640.89491842,65131.14308365,0.526,0.0732,0.9268,TIME_EXIT,66425.2,66536.3,66956.6016,66093.074,48,,,0.1673,0.0673,0.7511,-0.2029
B-BTC_USDT,2026-07-21T13:30:00+00:00,LONG,UPTREND,LOWER_WICK_SWEEP,55.81,-10.83527151,66451.85557036,66339.73509321,65725.35254524,65185.91002154,0.3694,0.0701,0.9299,TIME_EXIT,66497.2,66405.2,67029.1776,66164.714,48,,,-0.1384,-0.2384,0.642,-0.311
B-BTC_USDT,2026-07-21T14:00:00+00:00,LONG,UPTREND,LOWER_WICK_SWEEP,68.22,25.71307383,66533.20729106,66398.44445392,65822.82373141,65247.19982462,0.4237,0.0197,0.9803,LOSS,66819.5,66485.4025,67354.056,66485.4025,30,,30.0,-0.5,-0.6,0.1565,-0.532
B-BTC_USDT,2026-07-21T14:40:00+00:00,LONG,UPTREND,LOWER_WICK_SWEEP,59.6,3.67824539,66666.89416621,66502.23254916,65822.82373141,65247.19982462,0.6589,0.0102,0.9898,LOSS,66815.1,66481.0245,67349.6208,66481.0245,22,,22.0,-0.5,-0.6,0.1125,-0.5255
B-BTC_USDT,2026-07-21T16:00:00+00:00,LONG,UPTREND,LOWER_WICK_SWEEP,54.31,-9.35548825,66663.04485274,66581.46910426,65986.03121777,65360.82090692,0.3668,0.0847,0.9153,LOSS,66724.9,66391.2755,67258.6992,66391.2755,15,,15.0,-0.5,-0.6,0.0,-0.5373
B-BTC_USDT,2026-07-23T11:45:00+00:00,SHORT,DOWNTREND,UPPER_WICK_SWEEP,35.07,-21.68199826,65625.86808407,65633.18115149,65776.01869776,65795.67155837,0.3949,0.5589,0.4411,WIN,65530.1,65005.8592,65005.8592,65857.7505,12,12.0,,0.8065,0.7065,0.9284,-0.1056
B-BTC_USDT,2026-07-23T16:25:00+00:00,SHORT,DOWNTREND,UPPER_WICK_SWEEP,42.62,-0.58914127,64877.24973862,65018.21441376,65487.10344752,65661.97626462,0.4393,0.4376,0.4393,LOSS,64797.1,65121.0855,64278.7232,65121.0855,46,,46.0,-0.4975,-0.5975,0.2492,-0.5036
B-BTC_USDT,2026-07-23T19:50:00+00:00,SHORT,DOWNTREND,UPPER_WICK_SWEEP,41.1,-14.20660815,64786.73247137,64830.37044928,65295.04476261,65558.18956929,0.1522,0.6797,0.3203,LOSS,64700.3,65023.8015,64182.6976,65023.8015,3,,3.0,-0.4975,-0.5975,0.0,-0.5215
B-BTC_USDT,2026-07-24T23:00:00+00:00,SHORT,DOWNTREND,UPPER_WICK_SWEEP,45.43,0.89053156,64141.46257833,64149.02176838,64500.11813018,64936.52645177,0.3133,0.5733,0.3133,TIME_EXIT,64129.4,64023.4,63616.3648,64450.047,48,,,0.1656,0.0656,0.2382,-0.0399
B-BTC_USDT,2026-07-24T23:10:00+00:00,SHORT,DOWNTREND,UPPER_WICK_SWEEP,44.56,-0.36133109,64139.15236004,64147.46692267,64500.11813018,64936.52645177,0.2429,0.4071,0.2429,TIME_EXIT,64126.4,64016.6,63613.3888,64447.032,48,,,0.1715,0.0715,0.2335,-0.0446
B-BTC_USDT,2026-07-25T02:45:00+00:00,SHORT,DOWNTREND,UPPER_WICK_SWEEP,41.49,-0.30467623,64040.35223292,64073.40713979,64387.49362433,64838.2345608,0.1056,0.3861,0.1056,TIME_EXIT,64010.5,63933.2,63498.416,64330.5525,48,,,0.1209,0.0209,0.1209,-0.2664
B-BTC_USDT,2026-07-26T23:55:00+00:00,LONG,UPTREND,LOWER_WICK_SWEEP,62.77,-22.93835887,65299.07505021,65095.72079528,64646.9862702,64555.18133205,0.784,0.0,0.784,LOSS,65375.1,65048.2245,65898.1008,65048.2245,12,,12.0,-0.5,-0.6,0.0363,-0.5233
B-BTC_USDT,2026-07-27T02:15:00+00:00,LONG,UPTREND,LOWER_WICK_SWEEP,55.59,16.95291229,65137.89822178,65113.9265519,64794.04736285,64630.11109101,0.6939,0.0,1.0,WIN,65194.8,65716.3584,65716.3584,64868.826,46,46.0,,0.8,0.7,0.8094,-0.1638
B-BTC_USDT,2026-07-28T09:00:00+00:00,SHORT,DOWNTREND,UPPER_WICK_SWEEP,40.49,-9.34955582,63448.62877584,63455.81142587,63933.99421862,64343.9802698,0.1516,0.6083,0.1516,TIME_EXIT,63388.3,63496.9,62881.1936,63705.2415,48,,,-0.171,-0.271,0.1973,-0.2851
B-BTC_USDT,2026-07-28T12:25:00+00:00,SHORT,DOWNTREND,UPPER_WICK_SWEEP,47.23,-3.6970405,63433.14166745,63435.63962306,63799.3288355,64238.75623073,0.0511,0.56,0.0511,WIN,63401.6,62894.3872,62894.3872,63718.608,14,14.0,,0.8065,0.7065,0.9339,-0.2634
B-BTC_USDT,2026-07-30T07:50:00+00:00,SHORT,DOWNTREND,UPPER_WICK_SWEEP,45.91,-3.4183112,64013.43858165,64027.82347095,64021.47644016,64059.27577329,0.3692,0.5806,0.4194,LOSS,63981.3,64301.2065,63469.4496,64301.2065,7,,7.0,-0.4975,-0.5975,0.0489,-0.5394
B-BTC_USDT,2026-07-30T08:10:00+00:00,SHORT,DOWNTREND,UPPER_WICK_SWEEP,45.58,-3.18825954,64004.08964782,64021.5266545,64017.70725538,64056.24142924,0.0,0.8415,0.0,LOSS,63978.1,64297.9905,63466.2752,64297.9905,3,,3.0,-0.4975,-0.5975,0.0392,-0.5444
B-BTC_USDT,2026-07-30T11:45:00+00:00,LONG,UPTREND,LOWER_WICK_SWEEP,65.8,-5.96672543,64567.57928195,64440.54785773,64134.64341482,64102.27971525,0.6504,0.0044,0.9956,TIME_EXIT,64646.1,64742.3,65163.2688,64322.8695,48,,,0.1488,0.0488,0.7903,-0.1156
B-BTC_USDT,2026-07-30T19:30:00+00:00,LONG,UPTREND,LOWER_WICK_SWEEP,57.37,14.98616866,64784.80762406,64779.71307745,64488.72209612,64288.72607052,0.7004,0.0018,0.7004,TIME_EXIT,64839.5,65034.2,65358.216,64515.3025,48,,,0.3003,0.2003,0.3114,-0.3134
B-BTC_USDT,2026-07-31T22:45:00+00:00,SHORT,DOWNTREND,UPPER_WICK_SWEEP,40.16,-6.27219455,62953.66196553,62971.25163058,63445.24761919,63857.26826233,0.003,0.622,0.003,TIME_EXIT,62906.5,63033.1,62403.248,63221.0325,48,,,-0.2008,-0.3008,0.1297,-0.2831
B-BTC_USDT,2026-08-01T01:20:00+00:00,SHORT,DOWNTREND,UPPER_WICK_SWEEP,44.64,-1.79434248,62933.79936309,62943.88778316,63302.57011338,63748.46948907,0.0897,0.7707,0.0897,TIME_EXIT,62911.8,63064.9,62408.5056,63226.359,48,,,-0.2428,-0.3428,0.0364,-0.3289
B-BTC_USDT,2026-08-01T19:30:00+00:00,SHORT,DOWNTREND,UPPER_WICK_SWEEP,40.14,16.67056476,62554.12448029,62703.7921469,62993.23240968,63344.82127941,0.0941,0.4806,0.0941,LOSS,62476.3,62788.6815,61976.4896,62788.6815,24,,24.0,-0.4975,-0.5975,0.0729,-0.59
B-BTC_USDT,2026-08-01T20:05:00+00:00,SHORT,DOWNTREND,UPPER_WICK_SWEEP,43.7,16.1825592,62519.60087891,62649.95354055,62946.45789447,63311.7733861,0.0844,0.7842,0.0844,LOSS,62496.1,62808.5805,61996.1312,62808.5805,17,,17.0,-0.4975,-0.5975,0.0,-0.5581
B-BTC_USDT,2026-08-02T15:00:00+00:00,SHORT,DOWNTREND,UPPER_WICK_SWEEP,41.59,-3.24624972,63077.31484844,63111.60524926,63127.66415018,63223.67020699,0.1505,0.5,0.1505,LOSS,63028.9,63344.0445,62524.6688,63344.0445,43,,43.0,-0.4975,-0.5975,0.0,-0.6164
B-BTC_USDT,2026-08-02T16:10:00+00:00,SHORT,DOWNTREND,UPPER_WICK_SWEEP,48.18,-0.77337,63089.92487947,63104.49541275,63123.27708825,63218.09882633,0.0,0.441,0.0,LOSS,63080.3,63395.7015,62575.6576,63395.7015,29,,29.0,-0.4975,-0.5975,0.0528,-0.5344
B-BTC_USDT,2026-08-02T23:40:00+00:00,LONG,UPTREND,LOWER_WICK_SWEEP,51.41,6.02468277,63485.63733244,63461.53650573,63262.7573196,63259.91094326,0.9295,0.0,1.0,LOSS,63502.7,63185.1865,64010.7216,63185.1865,10,,10.0,-0.5,-0.6,0.1148,-0.5266
B-BTC_USDT,2026-08-03T06:30:00+00:00,SHORT,DOWNTREND,UPPER_WICK_SWEEP,36.26,4.96147441,62813.18525361,62921.413188,63144.82723339,63210.82539182,0.0448,0.7876,0.0448,TIME_EXIT,62753.3,62669.9,62251.2736,63067.0665,48,,,0.1331,0.0331,0.779,-0.1482
B-BTC_USDT,2026-08-03T08:00:00+00:00,SHORT,DOWNTREND,UPPER_WICK_SWEEP,35.41,6.51729957,62638.80119087,62760.0142746,63044.69576248,63163.31178999,0.4247,0.4478,0.4247,TIME_EXIT,62581.6,62515.7,62080.9472,62894.508,48,,,0.1054,0.0054,0.5033,-0.423
B-BTC_USDT,2026-08-03T19:05:00+00:00,LONG,UPTREND,LOWER_WICK_SWEEP,53.78,-7.61306049,63842.58820851,63727.25713553,63275.07011712,63211.3221841,0.6428,0.1266,0.8734,LOSS,63869.4,63550.053,64380.3552,63550.053,34,,34.0,-0.5,-0.6,0.2965,-0.5699
B-BTC_USDT,2026-08-03T20:25:00+00:00,LONG,UPTREND,LOWER_WICK_SWEEP,53.75,-1.11348389,63885.51496155,63807.91581868,63328.57772501,63235.85464747,0.796,0.0334,0.9666,LOSS,63917.4,63597.813,64428.7392,63597.813,17,,17.0,-0.5,-0.6,0.0002,-0.533
B-BTC_USDT,2026-08-04T03:45:00+00:00,LONG,UPTREND,LOWER_WICK_SWEEP,58.25,-3.56907758,63743.39626542,63680.2492036,63480.58073161,63330.94202658,0.6033,0.1667,0.6033,TIME_EXIT,63798.0,63726.1,64308.384,63479.01,48,,,-0.1127,-0.2127,0.6925,-0.4984
B-BTC_USDT,2026-08-04T04:05:00+00:00,LONG,UPTREND,LOWER_WICK_SWEEP,55.18,-6.04007756,63752.33182731,63693.59982306,63508.23970955,63348.199202,0.6093,0.1397,0.8603,TIME_EXIT,63774.5,63650.1,64284.696,63455.6275,48,,,-0.1951,-0.2951,0.7296,-0.4618
B-BTC_USDT,2026-08-05T17:45:00+00:00,LONG,UPTREND,LOWER_WICK_SWEEP,61.1,1.45087356,64600.81888558,64507.69585527,64224.3694267,63970.15669854,0.3891,0.0754,0.9246,TIME_EXIT,64700.0,64684.0,65217.6,64376.5,48,,,-0.0247,-0.1247,0.4977,-0.1019
B-BTC_USDT,2026-08-05T18:00:00+00:00,LONG,UPTREND,LOWER_WICK_SWEEP,64.52,9.26793213,64636.76790154,64533.86471626,64272.86757654,64000.09565154,0.4816,0.1229,0.8771,TIME_EXIT,64749.7,64651.0,65267.6976,64425.9515,48,,,-0.1524,-0.2524,0.4205,-0.1971
B-BTC_USDT,2026-08-05T19:10:00+00:00,LONG,UPTREND,LOWER_WICK_SWEEP,63.0,10.22310883,64737.42411609,64629.08332157,64319.52780734,64030.00562599,0.6376,0.1705,0.6376,TIME_EXIT,64850.4,64654.2,65369.2032,64526.148,48,,,-0.3025,-0.4025,0.2646,-0.4601
B-BTC_USDT,2026-08-09T16:00:00+00:00,LONG,UPTREND,LOWER_WICK_SWEEP,62.04,-7.03434757,65188.14937275,65113.84210558,64970.35484445,64885.7221036,0.7257,0.1561,0.8439,TIME_EXIT,65210.6,65131.0,65732.2848,64884.547,48,,,-0.1221,-0.2221,0.0498,-0.1222
B-BTC_USDT,2026-08-09T17:35:00+00:00,LONG,UPTREND,LOWER_WICK_SWEEP,53.69,-2.53812261,65201.50351223,65161.51609807,64992.66390688,64898.22711914,0.3667,0.0111,0.9889,TIME_EXIT,65206.4,65210.0,65728.0512,64880.368,48,,,0.0055,-0.0945,0.0055,-0.2498
B-BTC_USDT,2026-08-10T08:10:00+00:00,LONG,UPTREND,LOWER_WICK_SWEEP,54.17,-11.00465072,65228.21687799,65162.57116151,65072.84694555,64985.74217622,0.787,0.0,0.787,TIME_EXIT,65240.4,65100.4,65762.3232,64914.198,48,,,-0.2146,-0.3146,0.1019,-0.4788
B-BTC_USDT,2026-08-10T08:15:00+00:00,LONG,UPTREND,LOWER_WICK_SWEEP,56.35,-9.50388899,65231.0533658,65166.3134689,65072.84694555,64985.74217622,0.6805,0.0,1.0,LOSS,65258.0,64931.71,65780.064,64931.71,19,,19.0,-0.5,-0.6,0.0749,-0.5057
B-BTC_USDT,2026-08-10T17:50:00+00:00,SHORT,DOWNTREND,UPPER_WICK_SWEEP,36.15,21.3336199,63995.00090771,64243.84024177,64797.61272017,64889.93888655,0.1386,0.5148,0.1386,TIME_EXIT,63886.0,63963.1,63374.912,64205.43,48,,,-0.1205,-0.2205,0.1536,-0.4748
B-BTC_USDT,2026-08-10T18:00:00+00:00,SHORT,DOWNTREND,UPPER_WICK_SWEEP,37.65,21.32542516,63979.01344146,64217.98616704,64715.24008015,64852.40010668,0.002,0.5133,0.002,TIME_EXIT,63883.5,63941.0,63372.432,64202.9175,48,,,-0.0899,-0.1899,0.1497,-0.4787
B-BTC_USDT,2026-08-10T18:10:00+00:00,SHORT,DOWNTREND,UPPER_WICK_SWEEP,41.87,24.12874119,63971.01644528,64196.25189814,64715.24008015,64852.40010668,0.0,0.6791,0.0,TIME_EXIT,63922.2,64010.6,63410.8224,64241.811,48,,,-0.1381,-0.2381,0.2104,-0.4179
B-BTC_USDT,2026-08-10T21:55:00+00:00,SHORT,DOWNTREND,UPPER_WICK_SWEEP,37.32,-20.82511107,64033.82543429,64053.68975284,64533.13954322,64756.89303323,0.0,0.3974,0.0,TIME_EXIT,63949.0,64026.6,63437.408,64268.745,48,,,-0.1212,-0.2212,0.1333,-0.1551
B-BTC_USDT,2026-08-10T22:00:00+00:00,SHORT,DOWNTREND,UPPER_WICK_SWEEP,36.45,-21.31908455,64024.98491674,64049.27054685,64477.50720577,64725.2109535,0.2826,0.6142,0.2826,TIME_EXIT,63941.0,64052.3,63429.472,64260.705,48,,,-0.1738,-0.2738,0.1207,-0.1742
B-BTC_USDT,2026-08-11T17:45:00+00:00,SHORT,DOWNTREND,UPPER_WICK_SWEEP,41.82,19.22201949,63543.66728996,63698.83302303,64048.71206406,64340.2261832,0.0217,0.6778,0.0217,TIME_EXIT,63513.7,63624.4,63005.5904,63831.2685,48,,,-0.174,-0.274,0.4779,-0.3839
B-BTC_USDT,2026-08-12T16:50:00+00:00,SHORT,DOWNTREND,UPPER_WICK_SWEEP,43.21,15.74552288,63502.77717393,63629.64139942,63796.22852629,63988.5511219,0.1657,0.6096,0.3904,TIME_EXIT,63465.2,63500.5,62957.4784,63782.526,48,,,-0.0556,-0.1556,0.2879,-0.13
B-BTC_USDT,2026-08-12T17:15:00+00:00,SHORT,DOWNTREND,UPPER_WICK_SWEEP,46.57,12.95655546,63496.53340674,63603.61532417,63764.4258095,63967.913823,0.029,0.3841,0.029,TIME_EXIT,63488.0,63544.0,62980.096,63805.44,48,,,-0.0881,-0.1881,0.3239,-0.2233
B-BTC_USDT,2026-08-12T17:35:00+00:00,SHORT,DOWNTREND,UPPER_WICK_SWEEP,44.43,4.84623795,63478.11837403,63579.38181759,63764.4258095,63967.913823,0.2539,0.5717,0.2539,TIME_EXIT,63451.9,63483.8,62944.2848,63769.1595,48,,,-0.0502,-0.1502,0.2669,-0.2804
B-BTC_USDT,2026-08-12T17:50:00+00:00,SHORT,DOWNTREND,UPPER_WICK_SWEEP,45.07,5.56793264,63472.88551209,63565.64303517,63764.4258095,63967.913823,0.0015,0.8313,0.0015,TIME_EXIT,63455.1,63531.7,62947.4592,63772.3755,48,,,-0.1206,-0.2206,0.272,-0.2753
B-BTC_USDT,2026-08-12T19:10:00+00:00,SHORT,DOWNTREND,UPPER_WICK_SWEEP,39.74,-2.15562436,63415.1710684,63490.66506691,63698.82430211,63924.56397118,0.0,0.3712,0.0,TIME_EXIT,63360.8,63388.6,62853.9136,63677.604,48,,,-0.0439,-0.1439,0.1229,-0.4246
B-BTC_USDT,2026-08-12T19:35:00+00:00,SHORT,DOWNTREND,UPPER_WICK_SWEEP,39.08,-2.70100115,63393.79812401,63467.48600255,63698.82430211,63924.56397118,0.0,0.4084,0.0,TIME_EXIT,63330.0,63442.0,62823.36,63646.65,48,,,-0.1765,-0.2765,0.049,-0.4734
B-BTC_USDT,2026-08-14T05:00:00+00:00,SHORT,DOWNTREND,UPPER_WICK_SWEEP,43.21,2.79653719,63379.7022478,63416.32143779,63462.45522627,63604.08698135,0.1523,0.7914,0.2086,WIN,63351.7,62844.8864,62844.8864,63668.4585,40,40.0,,0.8065,0.7065,0.9943,-0.0374
B-BTC_USDT,2026-08-14T05:15:00+00:00,SHORT,DOWNTREND,UPPER_WICK_SWEEP,36.27,-2.86417507,63360.72250488,63403.94320612,63462.45522627,63604.08698135,0.2775,0.4839,0.2775,WIN,63297.9,62791.5168,62791.5168,63614.3895,37,37.0,,0.8065,0.7065,0.9085,-0.1224
B-BTC_USDT,2026-08-14T05:20:00+00:00,SHORT,DOWNTREND,UPPER_WICK_SWEEP,32.2,-5.62751241,63351.37750441,63398.40033529,63462.45522627,63604.08698135,0.0735,0.4869,0.0735,WIN,63262.6,62756.4992,62756.4992,63578.913,36,36.0,,0.8065,0.7065,0.8523,-0.1783
B-BTC_USDT,2026-08-14T12:15:00+00:00,SHORT,DOWNTREND,UPPER_WICK_SWEEP,41.07,-7.55940879,62828.98387203,62873.19793308,63178.97241631,63435.83118296,0.0014,0.6488,0.0014,TIME_EXIT,62770.5,63036.1,62268.336,63084.3525,48,,,-0.4213,-0.5213,0.4582,-0.4803
B-BTC_USDT,2026-08-14T13:45:00+00:00,SHORT,DOWNTREND,UPPER_WICK_SWEEP,40.74,-3.66490248,62718.11124772,62789.59249348,63133.92742428,63407.21035226,0.0,0.4617,0.0,LOSS,62638.0,62951.19,62136.896,62951.19,22,,22.0,-0.4975,-0.5975,0.2461,-0.5779
B-BTC_USDT,2026-08-16T23:20:00+00:00,SHORT,DOWNTREND,UPPER_WICK_SWEEP,45.46,12.65026687,62869.58749413,62949.58052856,63036.01523283,63070.911603,0.1324,0.8541,0.1459,LOSS,62850.1,63164.3505,62347.2992,63164.3505,21,,21.0,-0.4975,-0.5975,0.2012,-0.5249
B-BTC_USDT,2026-08-17T06:00:00+00:00,LONG,UPTREND,LOWER_WICK_SWEEP,56.59,-9.62400738,63466.02081434,63369.05990712,63159.8124352,63115.540431,0.707,0.2456,0.7544,TIME_EXIT,63490.8,63305.8,63998.7264,63173.346,48,,,-0.2914,-0.3914,0.3188,-0.3714
B-BTC_USDT,2026-08-17T13:45:00+00:00,LONG,UPTREND,LOWER_WICK_SWEEP,60.8,15.92076238,63575.44714652,63540.91657625,63337.14459189,63211.70174835,0.4779,0.0,1.0,WIN,63691.9,64201.4352,64201.4352,63373.4405,42,42.0,,0.8,0.7,0.9117,-0.205
B-BTC_USDT,2026-08-17T17:35:00+00:00,LONG,UPTREND,LOWER_WICK_SWEEP,57.64,-3.3449608,64088.64066703,63944.99157548,63543.38018706,63320.9698861,0.3678,0.1989,0.8011,TIME_EXIT,64187.0,64307.7,64700.496,63866.065,48,,,0.188,0.088,0.6447,-0.0259
B-BTC_USDT,2026-08-17T18:00:00+00:00,LONG,UPTREND,LOWER_WICK_SWEEP,63.36,8.95540804,64160.52646426,64003.55322751,63614.78207401,63359.09263566,0.5506,0.2803,0.7197,TIME_EXIT,64308.4,64339.4,64822.8672,63986.858,48,,,0.0482,-0.0518,0.4547,-0.1199
B-BTC_USDT,2026-08-17T21:00:00+00:00,LONG,UPTREND,LOWER_WICK_SWEEP,56.46,2.54240882,64334.14207508,64261.84270682,63804.603849,63470.86305789,0.4201,0.1301,0.8699,TIME_EXIT,64377.3,64306.7,64892.3184,64055.4135,48,,,-0.1097,-0.2097,0.2767,-0.2012
B-BTC_USDT,2026-08-18T17:00:00+00:00,LONG,UPTREND,LOWER_WICK_SWEEP,57.41,-10.14877453,64743.09877439,64616.24541818,64308.73902501,63949.99164101,0.5802,0.0017,0.5802,TIME_EXIT,64780.2,64572.7,65298.4416,64456.299,48,,,-0.3203,-0.4203,0.0364,-0.3879
B-BTC_USDT,2026-08-18T17:10:00+00:00,LONG,UPTREND,LOWER_WICK_SWEEP,55.99,-10.88843935,64746.81282893,64627.55442101,64308.73902501,63949.99164101,0.4091,0.0,1.0,TIME_EXIT,64771.6,64596.2,65289.7728,64447.742,48,,,-0.2708,-0.3708,0.0497,-0.3747
B-BTC_USDT,2026-08-19T18:30:00+00:00,LONG,UPTREND,LOWER_WICK_SWEEP,58.26,-29.04934022,68167.22891277,67629.88682623,65593.83522991,64783.41526291,0.8252,0.0,1.0,WIN,68260.4,68806.4832,68806.4832,67919.098,28,28.0,,0.8,0.7,1.9493,-0.2783
B-BTC_USDT,2026-08-19T18:50:00+00:00,LONG,UPTREND,LOWER_WICK_SWEEP,61.82,-3.0659146,68233.29834041,67738.59848409,65593.83522991,64783.41526291,0.6335,0.0513,0.6335,WIN,68377.7,68924.7216,68924.7216,68035.8115,24,24.0,,0.8,0.7,1.7744,-0.4494
B-BTC_USDT,2026-08-19T20:00:00+00:00,LONG,UPTREND,LOWER_WICK_SWEEP,61.4,6.38794583,68308.02159191,67987.71939063,66099.89414512,65060.18717656,0.3656,0.0008,0.9992,WIN,68485.9,69033.7872,69033.7872,68143.4705,10,10.0,,0.8,0.7,1.6136,-0.0594
B-BTC_USDT,2026-08-20T01:55:00+00:00,LONG,UPTREND,LOWER_WICK_SWEEP,58.97,24.56125622,69523.63045593,69359.49135765,67372.55693609,65833.96636434,0.5644,0.1911,0.8089,LOSS,69691.4,69342.943,70248.9312,69342.943,8,,8.0,-0.5,-0.6,0.1558,-0.5352
B-BTC_USDT,2026-08-20T05:00:00+00:00,LONG,UPTREND,LOWER_WICK_SWEEP,60.58,34.01079463,69337.9281971,69319.18383766,68041.94871514,66362.23292563,0.4086,0.4409,0.5591,WIN,69487.0,70042.896,70042.896,69139.565,37,37.0,,0.8,0.7,2.0161,-0.2255
B-BTC_USDT,2026-08-20T11:10:00+00:00,LONG,UPTREND,LOWER_WICK_SWEEP,57.53,-54.4787047,71863.79630487,71344.51841685,69332.04668082,67308.91782923,0.8184,0.0,1.0,LOSS,71963.9,71604.0805,72539.6112,71604.0805,11,,11.0,-0.5,-0.6,0.4672,-0.6919
B-BTC_USDT,2026-08-20T13:10:00+00:00,LONG,UPTREND,LOWER_WICK_SWEEP,57.53,18.78216633,71869.8860267,71672.34962602,69800.4277818,67662.97943405,0.5415,0.0083,0.9917,LOSS,72035.9,71675.7205,72612.1872,71675.7205,4,,4.0,-0.5,-0.6,0.0,-0.8256
B-BTC_USDT,2026-08-20T15:15:00+00:00,LONG,UPTREND,LOWER_WICK_SWEEP,62.48,81.94388624,71843.42564348,71738.72445157,70150.74110937,67975.67551756,0.7776,0.2112,0.7776,WIN,72208.9,72786.5712,72786.5712,71847.8555,3,3.0,,0.8,0.7,0.8877,-0.3756
B-BTC_USDT,2026-08-21T10:50:00+00:00,LONG,UPTREND,LOWER_WICK_SWEEP,52.51,-80.06108753,77803.28807745,77250.85759408,74486.36668911,71534.63685417,0.459,0.2832,0.7168,LOSS,77814.2,77425.129,78436.7136,77425.129,4,,4.0,-0.5,-0.6,0.091,-0.6378
B-BTC_USDT,2026-08-21T11:00:00+00:00,LONG,UPTREND,LOWER_WICK_SWEEP,52.41,-68.20099621,77803.94738313,77293.60741383,74802.26509967,71780.46678146,0.9054,0.0685,0.9315,LOSS,77810.2,77421.149,78432.6816,77421.149,2,,2.0,-0.5,-0.6,0.0614,-0.6327
B-BTC_USDT,2026-08-23T16:20:00+00:00,LONG,UPTREND,LOWER_WICK_SWEEP,50.94,9.07219725,77222.43894938,77200.30601327,76967.35684154,76459.37700567,0.3525,0.1379,0.8621,TIME_EXIT,77247.8,77345.5,77865.7824,76861.561,48,,,0.1265,0.0265,0.2848,-0.2236
B-BTC_USDT,2026-08-23T17:15:00+00:00,LONG,UPTREND,LOWER_WICK_SWEEP,53.39,3.02729365,77288.39600964,77244.80449428,77007.51333282,76495.83280937,0.5477,0.0005,0.9995,TIME_EXIT,77343.9,77947.4,77962.6512,76957.1805,48,,,0.7803,0.6803,0.7979,-0.3475
B-BTC_USDT,2026-08-23T18:20:00+00:00,LONG,UPTREND,LOWER_WICK_SWEEP,52.81,5.20703832,77250.21747526,77239.71407163,77021.87396779,76521.81191489,0.6698,0.313,0.6698,WIN,77286.4,77904.6912,77904.6912,76899.968,35,35.0,,0.8,0.7,0.8729,-0.1541
B-BTC_USDT,2026-08-24T00:05:00+00:00,LONG,UPTREND,LOWER_WICK_SWEEP,54.08,11.95642672,77593.84576459,77554.38508568,77257.75960308,76736.62182157,0.5469,0.0626,0.9374,LOSS,77672.5,77284.1375,78293.88,77284.1375,4,,4.0,-0.5,-0.6,0.0467,-0.5526
B-BTC_USDT,2026-08-25T05:15:00+00:00,LONG,UPTREND,LOWER_WICK_SWEEP,56.28,9.7934371,80418.21252296,80226.49282566,79148.7810448,78173.28135063,0.5031,0.3425,0.6575,LOSS,80538.3,80135.6085,81182.6064,80135.6085,30,,30.0,-0.5,-0.6,0.464,-1.0831
B-BTC_USDT,2026-08-26T07:00:00+00:00,LONG,UPTREND,LOWER_WICK_SWEEP,53.92,0.74101258,78924.44641649,78919.00756958,78950.98170048,78724.80670873,0.4882,0.037,0.963,LOSS,78991.1,78596.1445,79623.0288,78596.1445,23,,23.0,-0.5,-0.6,0.1225,-0.5327
B-BTC_USDT,2026-08-26T07:45:00+00:00,LONG,UPTREND,LOWER_WICK_SWEEP,52.19,6.58642163,78934.47117668,78924.98467848,78950.98170048,78724.80670873,0.7545,0.2321,0.7545,LOSS,78959.4,78564.603,79591.0752,78564.603,18,,18.0,-0.5,-0.6,0.1627,-0.7237
B-BTC_USDT,2026-08-26T16:20:00+00:00,SHORT,DOWNTREND,UPPER_WICK_SWEEP,47.63,21.42085481,78023.74892912,78144.01616618,78575.36503793,78615.54637052,0.109,0.7971,0.109,LOSS,77996.4,78386.382,77372.4288,78386.382,13,,13.0,-0.4975,-0.5975,0.2362,-0.628
B-BTC_USDT,2026-08-27T04:05:00+00:00,LONG,UPTREND,LOWER_WICK_SWEEP,56.11,8.25277855,78797.65713212,78772.072315,78627.86019372,78614.15446081,0.6129,0.0708,0.9292,WIN,78855.0,79485.84,79485.84,78460.725,47,47.0,,0.8,0.7,0.8095,-0.3659
B-BTC_USDT,2026-08-27T16:35:00+00:00,LONG,UPTREND,LOWER_WICK_SWEEP,55.3,-37.64006196,80291.35820584,80026.39820262,79294.58303619,78952.91049845,0.475,0.0744,0.9256,LOSS,80361.3,79959.4935,81004.1904,79959.4935,19,,19.0,-0.5,-0.6,0.602,-0.5491
B-BTC_USDT,2026-08-28T00:25:00+00:00,LONG,UPTREND,LOWER_WICK_SWEEP,62.47,10.64581008,80238.87541895,80184.89894147,79779.03018154,79288.12725428,0.4283,0.372,0.628,WIN,80380.0,81023.04,81023.04,79978.1,10,10.0,,0.8,0.7,0.8371,-0.0917
B-BTC_USDT,2026-08-28T18:00:00+00:00,SHORT,DOWNTREND,UPPER_WICK_SWEEP,44.13,53.1400272,77932.52896381,78318.76767519,79197.62309502,79283.96993192,0.2857,0.4103,0.2857,WIN,77850.5,77227.696,77227.696,78239.7525,47,47.0,,0.8065,0.7065,0.8285,-0.0519
B-BTC_USDT,2026-08-28T20:40:00+00:00,SHORT,DOWNTREND,UPPER_WICK_SWEEP,41.38,-2.54008669,77489.44569238,77728.47980118,78896.96130907,79149.87228241,0.0,0.9352,0.0648,LOSS,77374.1,77760.9705,76755.1072,77760.9705,39,,39.0,-0.4975,-0.5975,0.2115,-0.5816
B-BTC_USDT,2026-08-28T21:00:00+00:00,SHORT,DOWNTREND,UPPER_WICK_SWEEP,39.55,-0.56411511,77447.16339425,77674.42660023,78752.20308916,79080.34787918,0.0011,0.3669,0.0011,LOSS,77320.5,77707.1025,76701.936,77707.1025,20,,20.0,-0.4975,-0.5975,0.1421,-0.5167
B-BTC_USDT,2026-08-29T03:40:00+00:00,SHORT,DOWNTREND,UPPER_WICK_SWEEP,42.53,-3.6789614,77642.96233917,77663.22932902,78265.72251887,78779.01674084,0.0093,0.7929,0.2071,TIME_EXIT,77591.7,77623.9,76970.9664,77979.6585,48,,,-0.0415,-0.1415,0.3086,-0.129
B-BTC_USDT,2026-08-29T04:30:00+00:00,SHORT,DOWNTREND,UPPER_WICK_SWEEP,43.91,3.67918118,77588.74677742,77627.25333957,78191.1013266,78728.16118238,0.1167,0.3619,0.1167,TIME_EXIT,77559.9,77518.1,76939.4208,77947.6995,48,,,0.0539,-0.0461,0.2675,-0.1701
B-BTC_USDT,2026-08-30T16:20:00+00:00,LONG,UPTREND,LOWER_WICK_SWEEP,65.76,30.79449701,78850.05608872,78705.75777629,78300.74974435,78286.19039184,0.8323,0.0063,0.9937,LOSS,79086.5,78691.0675,79719.192,78691.0675,41,,41.0,-0.5,-0.6,0.3767,-0.5165
B-BTC_USDT,2026-09-01T12:25:00+00:00,SHORT,DOWNTREND,UPPER_WICK_SWEEP,45.84,-8.5295092,77999.41031018,78073.72953202,78391.34187789,78393.30699283,0.0,0.694,0.306,LOSS,77955.4,78345.177,77331.7568,78345.177,20,,20.0,-0.4975,-0.5975,0.7618,-0.5663
B-BTC_USDT,2026-09-01T16:05:00+00:00,SHORT,DOWNTREND,UPPER_WICK_SWEEP,39.5,-14.78680675,77938.25947419,77984.09613319,78262.59545492,78335.53010374,0.0,0.3645,0.0,WIN,77762.0,77139.904,77139.904,78150.81,23,23.0,,0.8065,0.7065,0.8373,-0.0637
B-BTC_USDT,2026-09-01T22:35:00+00:00,SHORT,DOWNTREND,UPPER_WICK_SWEEP,43.51,-10.90245003,77167.03550778,77241.48245574,77823.90868963,78113.75358833,0.0,0.7163,0.2837,LOSS,77081.8,77467.209,76465.1456,77467.209,12,,12.0,-0.4975,-0.5975,0.0376,-0.6052
B-BTC_USDT,2026-09-03T17:00:00+00:00,LONG,UPTREND,LOWER_WICK_SWEEP,61.57,-63.95204725,80749.36767347,80078.52749614,78584.63391116,78025.37745874,0.8006,0.0072,0.9928,WIN,80955.9,81603.5472,81603.5472,80551.1205,25,25.0,,0.8,0.7,0.8098,-0.1385
B-BTC_USDT,2026-09-03T17:05:00+00:00,LONG,UPTREND,LOWER_WICK_SWEEP,61.86,-59.48450022,80770.13265695,80113.38524139,78584.63391116,78025.37745874,0.7055,0.2167,0.7833,WIN,80967.4,81615.1392,81615.1392,80562.563,33,33.0,,0.8,0.7,0.9473,-0.1527
B-BTC_USDT,2026-09-05T12:30:00+00:00,LONG,UPTREND,LOWER_WICK_SWEEP,55.48,4.99633481,79612.09604936,79608.39566111,79665.47581257,79583.04422058,0.5907,0.149,0.851,TIME_EXIT,79638.5,79951.9,80275.608,79240.3075,48,,,0.3935,0.2935,0.4112,-0.1739
B-BTC_USDT,2026-09-05T15:50:00+00:00,LONG,UPTREND,LOWER_WICK_SWEEP,56.62,2.88198834,79685.19177328,79662.84410191,79658.27571519,79589.20293332,0.7857,0.004,0.996,TIME_EXIT,79719.9,79713.2,80357.6592,79321.3005,48,,,-0.0084,-0.1084,0.5608,-0.0571
B-BTC_USDT,2026-09-06T03:10:00+00:00,LONG,UPTREND,LOWER_WICK_SWEEP,52.25,-3.99431876,79885.88117055,79869.04696346,79790.6132719,79688.47568626,0.566,0.0,1.0,TIME_EXIT,79897.0,79634.9,80536.176,79497.515,48,,,-0.328,-0.428,0.2356,-0.4674
B-BTC_USDT,2026-09-06T05:45:00+00:00,LONG,UPTREND,LOWER_WICK_SWEEP,57.39,19.80426466,79896.69180996,79890.37692676,79811.05984389,79705.18882072,0.6113,0.1201,0.6113,LOSS,79970.3,79570.4485,80610.0624,79570.4485,17,,17.0,-0.5,-0.6,0.0,-0.5586
B-BTC_USDT,2026-09-06T12:35:00+00:00,LONG,UPTREND,LOWER_WICK_SWEEP,55.56,4.88036009,79919.02469327,79897.40382653,79834.45404412,79741.63624877,0.7149,0.0,0.7149,LOSS,79952.4,79552.638,80592.0192,79552.638,21,,21.0,-0.5,-0.6,0.0113,-0.5033
B-BTC_USDT,2026-09-06T21:50:00+00:00,LONG,UPTREND,LOWER_WICK_SWEEP,54.14,-5.53498058,79884.46456982,79842.40809773,79794.93024821,79747.38573607,0.7059,0.0668,0.7059,TIME_EXIT,79900.0,79883.8,80539.2,79500.5,48,,,-0.0203,-0.1203,0.7961,-0.3755
B-BTC_USDT,2026-09-06T22:40:00+00:00,LONG,UPTREND,LOWER_WICK_SWEEP,57.03,10.23157133,79832.75639647,79826.03519351,79805.1940341,79753.47649152,0.4508,0.3966,0.6034,TIME_EXIT,79923.8,80226.6,80563.1904,79524.181,48,,,0.3789,0.2789,0.7661,-0.2111
B-BTC_USDT,2026-09-07T02:45:00+00:00,LONG,UPTREND,LOWER_WICK_SWEEP,62.15,54.42586089,80026.04048956,80010.22994802,79893.05734194,79801.18011763,0.6061,0.0849,0.9151,LOSS,80249.9,79848.6505,80891.8992,79848.6505,2,,2.0,-0.5,-0.6,0.0,-0.5677
B-BTC_USDT,2026-09-07T09:00:00+00:00,SHORT,DOWNTREND,UPPER_WICK_SWEEP,45.65,11.82371012,79430.65518274,79532.05281153,79730.54425259,79748.66950129,0.0028,0.6713,0.3287,TIME_EXIT,79406.9,79563.0,78771.6448,79803.9345,48,,,-0.1962,-0.2962,0.2233,-0.2482
B-BTC_USDT,2026-09-07T11:45:00+00:00,SHORT,DOWNTREND,UPPER_WICK_SWEEP,48.45,5.71303472,79375.46156075,79415.92578162,79653.03599815,79714.36750196,0.1012,0.6532,0.1012,WIN,79368.4,78733.4528,78733.4528,79765.242,46,46.0,,0.8065,0.7065,0.8301,-0.3092
B-BTC_USDT,2026-09-08T00:15:00+00:00,SHORT,DOWNTREND,UPPER_WICK_SWEEP,47.4,5.46864824,79039.69177735,79074.46874158,79276.41797052,79486.56640731,0.2431,0.7337,0.2431,LOSS,79020.0,79415.1,78387.84,79415.1,13,,13.0,-0.4975,-0.5975,0.1039,-0.531
B-BTC_USDT,2026-09-08T00:25:00+00:00,SHORT,DOWNTREND,UPPER_WICK_SWEEP,43.2,-0.68179194,79030.34814427,79067.87629702,79276.41797052,79486.56640731,0.0,0.5465,0.0,LOSS,78970.8,79365.654,78339.0336,79365.654,11,,11.0,-0.4975,-0.5975,0.025,-0.5936
B-BTC_USDT,2026-09-09T18:20:00+00:00,SHORT,DOWNTREND,UPPER_WICK_SWEEP,41.42,-19.93458758,78683.05057096,78771.8625321,78907.10741989,78946.23098911,0.1681,0.6344,0.3656,WIN,78562.7,77934.1984,77934.1984,78955.5135,25,25.0,,0.8065,0.7065,0.8705,-0.0672
B-BTC_USDT,2026-09-10T00:45:00+00:00,SHORT,DOWNTREND,UPPER_WICK_SWEEP,45.94,-12.67123271,78188.24572049,78196.32660418,78575.85803487,78782.94023142,0.2461,0.7138,0.2862,LOSS,78135.0,78525.675,77509.92,78525.675,27,,27.0,-0.4975,-0.5975,0.286,-0.5233
B-BTC_USDT,2026-09-10T09:05:00+00:00,SHORT,DOWNTREND,UPPER_WICK_SWEEP,46.93,12.60155604,78099.40961296,78158.53172014,78379.68105317,78621.15710047,0.0452,0.4119,0.0452,WIN,78078.7,77454.0704,77454.0704,78469.0935,41,41.0,,0.8065,0.7065,1.0074,-0.1498
B-BTC_USDT,2026-09-10T10:55:00+00:00,SHORT,DOWNTREND,UPPER_WICK_SWEEP,37.23,-5.75533173,77961.20649632,78046.04503008,78340.10190525,78595.39015535,0.0,0.8416,0.0,WIN,77837.0,77214.304,77214.304,78226.185,20,20.0,,0.8065,0.7065,1.0765,-0.2464
B-BTC_USDT,2026-09-10T21:45:00+00:00,SHORT,DOWNTREND,UPPER_WICK_SWEEP,41.56,-14.89664245,77185.95492117,77187.44780325,77621.94694176,78128.61521468,0.2202,0.7285,0.2202,WIN,77116.1,76499.1712,76499.1712,77501.6805,17,17.0,,0.8065,0.7065,0.9335,-0.0861
B-BTC_USDT,2026-09-11T01:35:00+00:00,SHORT,DOWNTREND,UPPER_WICK_SWEEP,44.54,-3.85598557,76806.43466471,76865.0817619,77357.376953,77936.05541654,0.0093,0.8407,0.1593,LOSS,76745.8,77129.529,76131.8336,77129.529,34,,34.0,-0.4975,-0.5975,0.1053,-0.5474
B-BTC_USDT,2026-09-12T05:25:00+00:00,SHORT,DOWNTREND,UPPER_WICK_SWEEP,40.59,-4.47115551,77203.7448837,77223.32970147,77329.66499819,77543.6863648,0.0,0.4381,0.0,TIME_EXIT,77157.4,77337.0,76540.1408,77543.187,48,,,-0.2322,-0.3322,0.0067,-0.2496
B-BTC_USDT,2026-09-12T05:55:00+00:00,SHORT,DOWNTREND,UPPER_WICK_SWEEP,44.36,1.22479629,77199.32233141,77217.17162877,77329.66499819,77543.6863648,0.0174,0.5359,0.0174,TIME_EXIT,77177.7,77320.0,76560.2784,77563.5885,48,,,-0.184,-0.284,0.004,-0.2233
B-BTC_USDT,2026-09-12T06:10:00+00:00,SHORT,DOWNTREND,UPPER_WICK_SWEEP,44.77,0.58667928,77194.32947534,77212.97348948,77315.19214122,77529.33395833,0.1172,0.6151,0.1172,TIME_EXIT,77178.4,77365.6,76560.9728,77564.292,48,,,-0.242,-0.342,0.0,-0.2473
B-BTC_USDT,2026-09-12T19:25:00+00:00,SHORT,DOWNTREND,UPPER_WICK_SWEEP,36.55,3.47554812,77146.87038933,77214.12002718,77289.2661888,77430.92423327,0.0473,0.7678,0.0473,TIME_EXIT,77093.2,77220.5,76476.4544,77478.666,48,,,-0.1649,-0.2649,0.0884,-0.2367
B-BTC_USDT,2026-09-13T10:15:00+00:00,SHORT,DOWNTREND,UPPER_WICK_SWEEP,41.48,20.71450205,76777.66903562,76910.83143785,77131.75839271,77288.73400047,0.0,0.3942,0.0,TIME_EXIT,76740.0,77018.2,76126.08,77123.7,48,,,-0.3612,-0.4612,0.3676,-0.4428
B-BTC_USDT,2026-09-14T01:10:00+00:00,SHORT,DOWNTREND,UPPER_WICK_SWEEP,45.95,12.04046388,76766.66904354,76869.17549604,77043.31927443,77166.95856798,0.048,0.4162,0.048,LOSS,76721.1,77104.7055,76107.3312,77104.7055,9,,9.0,-0.4975,-0.5975,0.1454,-0.5547
B-BTC_USDT,2026-09-14T07:00:00+00:00,LONG,UPTREND,LOWER_WICK_SWEEP,55.16,-0.15104021,77591.16482514,77518.08113418,77258.46253622,77239.99924077,0.3798,0.0,1.0,WIN,77675.0,78296.4,78296.4,77286.625,34,34.0,,0.8,0.7,0.861,-0.1481
B-BTC_USDT,2026-09-14T09:05:00+00:00,LONG,UPTREND,LOWER_WICK_SWEEP,54.7,-6.87487765,77709.1233841,77646.42679166,77351.82987659,77281.17269399,0.3789,0.1992,0.8008,TIME_EXIT,77771.1,77547.5,78393.2688,77382.2445,48,,,-0.2875,-0.3875,0.7364,-0.4237
B-BTC_USDT,2026-09-14T15:45:00+00:00,LONG,UPTREND,LOWER_WICK_SWEEP,56.05,-16.73511578,78400.86614221,78206.35383111,77655.63875877,77436.58885372,0.8674,0.102,0.8674,WIN,78512.8,79140.9024,79140.9024,78120.236,31,31.0,,0.8,0.7,0.899,-0.1697
B-BTC_USDT,2026-09-14T20:25:00+00:00,LONG,UPTREND,LOWER_WICK_SWEEP,65.83,28.73521779,79127.39333197,78946.63903176,78140.88852591,77697.08946032,0.7349,0.2584,0.7349,LOSS,79405.6,79008.572,80040.8448,79008.572,7,,7.0,-0.5,-0.6,0.0725,-0.8591
B-BTC_USDT,2026-09-15T13:25:00+00:00,SHORT,DOWNTREND,UPPER_WICK_SWEEP,47.84,-2.07032378,76938.96830177,76969.80847183,77498.14226365,77607.93104685,0.1858,0.6169,0.3831,WIN,76913.3,76297.9936,76297.9936,77297.8665,2,2.0,,0.8065,0.7065,1.1152,-0.0
B-BTC_USDT,2026-09-15T20:35:00+00:00,SHORT,DOWNTREND,UPPER_WICK_SWEEP,41.09,-12.52492366,75946.15763846,76147.02802172,76906.920694,77296.32331903,0.0615,0.629,0.371,WIN,75716.7,75110.9664,75110.9664,76095.2835,21,21.0,,0.8065,0.7065,0.8358,-0.3491
B-BTC_USDT,2026-09-15T23:45:00+00:00,SHORT,DOWNTREND,UPPER_WICK_SWEEP,47.56,2.20241105,75660.86770205,75754.3036353,76578.34076667,77109.57926409,0.1294,0.5721,0.1294,LOSS,75620.0,75998.1,75015.04,75998.1,33,,33.0,-0.4975,-0.5975,0.2845,-0.55
B-BTC_USDT,2026-09-16T01:00:00+00:00,SHORT,DOWNTREND,UPPER_WICK_SWEEP,48.01,-4.23300761,75722.9134612,75746.22553583,76413.61727158,76998.75356135,0.1719,0.5387,0.1719,LOSS,75681.3,76059.7065,75075.8496,76059.7065,19,,19.0,-0.4975,-0.5975,0.3658,-0.5485
B-BTC_USDT,2026-09-16T01:45:00+00:00,SHORT,DOWNTREND,UPPER_WICK_SWEEP,42.95,-26.01183862,75698.94025024,75730.85548185,76413.61727158,76998.75356135,0.0949,0.4169,0.0949,LOSS,75555.9,75933.6795,74951.4528,75933.6795,9,,9.0,-0.4975,-0.5975,0.1995,-0.6353
B-BTC_USDT,2026-09-17T16:55:00+00:00,LONG,UPTREND,LOWER_WICK_SWEEP,55.19,0.10738944,76640.53186198,76601.98070425,76394.58368575,76393.12855466,0.4578,0.0,1.0,TIME_EXIT,76732.7,76530.1,77346.5616,76349.0365,48,,,-0.264,-0.364,0.2755,-0.4026
B-BTC_USDT,2026-09-17T17:25:00+00:00,LONG,UPTREND,LOWER_WICK_SWEEP,60.55,19.36528171,76737.33984148,76655.72131591,76426.78523949,76406.44508193,0.6621,0.0224,0.9776,LOSS,76898.0,76513.51,77513.184,76513.51,14,,14.0,-0.5,-0.6,0.0599,-0.6055
B-BTC_USDT,2026-09-17T17:30:00+00:00,LONG,UPTREND,LOWER_WICK_SWEEP,61.82,20.65405242,76755.45985658,76666.38322509,76426.78523949,76406.44508193,0.7313,0.0009,0.9991,LOSS,76927.6,76542.962,77543.0208,76542.962,13,,13.0,-0.5,-0.6,0.0214,-0.6437
B-BTC_USDT,2026-09-18T05:25:00+00:00,LONG,UPTREND,LOWER_WICK_SWEEP,65.05,1.58313745,77378.94639045,77148.83932719,76694.62907179,76536.53548027,0.4117,0.0985,0.9015,WIN,77567.9,78188.4432,78188.4432,77180.0605,42,42.0,,0.8,0.7,0.8792,-0.2624
B-BTC_USDT,2026-09-18T05:35:00+00:00,LONG,UPTREND,LOWER_WICK_SWEEP,65.77,7.14750945,77422.81507246,77185.15456539,76694.62907179,76536.53548027,0.6376,0.247,0.6376,WIN,77609.8,78230.6784,78230.6784,77221.751,40,40.0,,0.8,0.7,0.8248,-0.3162
B-BTC_USDT,2026-09-18T10:10:00+00:00,LONG,UPTREND,LOWER_WICK_SWEEP,57.42,-20.08517036,78080.0027722,77879.97871631,77161.38268242,76775.61100452,0.5618,0.0198,0.9802,WIN,78158.6,78783.8688,78783.8688,77767.807,41,41.0,,0.8,0.7,1.0009,-0.3008
B-BTC_USDT,2026-09-18T15:55:00+00:00,LONG,UPTREND,LOWER_WICK_SWEEP,61.06,-107.83547308,80544.02111135,79801.47086676,77962.98070267,77198.14944897,0.611,0.2853,0.7147,WIN,80688.7,81334.2096,81334.2096,80285.2565,40,40.0,,0.8,0.7,0.8644,-0.1938
B-BTC_USDT,2026-09-18T16:25:00+00:00,LONG,UPTREND,LOWER_WICK_SWEEP,68.66,-47.93099713,80711.54017497,80037.36455163,78222.5730167,77335.03378431,0.7144,0.0005,0.9995,LOSS,81018.7,80613.6065,81666.8496,80613.6065,11,,11.0,-0.5,-0.6,0.2762,-0.5112
B-BTC_USDT,2026-09-18T20:55:00+00:00,LONG,UPTREND,LOWER_WICK_SWEEP,52.24,-11.38201201,81057.06097622,80907.26019379,79131.6331493,77872.62454127,0.4045,0.0022,0.9978,TIME_EXIT,81085.7,81640.6,81734.3856,80680.2715,48,,,0.6843,0.5843,0.6885,-0.3491
B-BTC_USDT,2026-09-18T21:45:00+00:00,LONG,UPTREND,LOWER_WICK_SWEEP,54.96,4.10705348,81128.200208,80992.97697698,79317.73475413,77998.62750043,0.8161,0.0529,0.9471,TIME_EXIT,81195.2,81299.4,81844.7616,80789.224,48,,,0.1283,0.0283,0.6616,-0.4835
B-BTC_USDT,2026-09-19T02:15:00+00:00,LONG,UPTREND,LOWER_WICK_SWEEP,55.51,3.52118616,81242.81874979,81168.02717062,80068.94589506,78582.22870723,0.556,0.0,0.556,LOSS,81319.8,80913.201,81970.3584,80913.201,28,,28.0,-0.5,-0.6,0.1146,-0.5301
B-BTC_USDT,2026-09-21T01:15:00+00:00,LONG,UPTREND,LOWER_WICK_SWEEP,68.49,5.35393558,81563.05326129,81358.25597405,80961.43066452,80583.27081082,0.7913,0.0,1.0,LOSS,81796.1,81387.1195,82450.4688,81387.1195,3,,3.0,-0.5,-0.6,0.3714,-0.6933
B-BTC_USDT,2026-09-21T10:50:00+00:00,LONG,UPTREND,LOWER_WICK_SWEEP,57.93,-141.16512809,84198.22515281,83448.0160903,81748.41733035,81049.21427731,0.5349,0.0868,0.9132,WIN,84246.8,84920.7744,84920.7744,83825.566,14,14.0,,0.8,0.7,0.8529,-0.0145
B-BTC_USDT,2026-09-21T14:15:00+00:00,LONG,UPTREND,LOWER_WICK_SWEEP,60.43,-9.54376698,85185.39934238,84787.76840374,82831.99082228,81634.46163525,0.3669,0.2121,0.7879,WIN,85374.9,86057.8992,86057.8992,84948.0255,7,7.0,,0.8,0.7,0.8485,-0.0877
B-BTC_USDT,2026-09-21T18:35:00+00:00,LONG,UPTREND,LOWER_WICK_SWEEP,53.07,0.03738196,85870.49927556,85732.40307983,83832.45971355,82259.82350487,0.6579,0.0869,0.9131,WIN,85910.7,86597.9856,86597.9856,85481.1465,11,11.0,,0.8,0.7,1.1213,-0.0814
B-BTC_USDT,2026-09-21T18:45:00+00:00,LONG,UPTREND,LOWER_WICK_SWEEP,54.93,1.41499688,85879.46720743,85746.75224709,83832.45971355,82259.82350487,0.434,0.0,1.0,WIN,85949.1,86636.6928,86636.6928,85519.3545,9,9.0,,0.8,0.7,1.0761,-0.0408
B-BTC_USDT,2026-09-24T01:35:00+00:00,SHORT,DOWNTREND,UPPER_WICK_SWEEP,45.51,2.88582645,84297.20733649,84341.05970714,84881.40477236,85036.76514948,0.0319,0.5042,0.0319,TIME_EXIT,84247.4,84132.7,83573.4208,84668.637,48,,,0.1363,0.0363,0.6444,-0.2425
B-BTC_USDT,2026-09-24T01:55:00+00:00,SHORT,DOWNTREND,UPPER_WICK_SWEEP,37.52,-16.31021754,84228.98960669,84304.0669401,84881.40477236,85036.76514948,0.1287,0.4387,0.1287,TIME_EXIT,84070.7,83937.8,83398.1344,84491.0535,48,,,0.1583,0.0583,0.4333,-0.4532
B-BTC_USDT,2026-09-24T11:50:00+00:00,SHORT,DOWNTREND,UPPER_WICK_SWEEP,45.94,6.51519353,83432.40158814,83548.9826791,84223.77694536,84656.46380049,0.4322,0.5517,0.4483,LOSS,83397.8,83814.789,82730.6176,83814.789,17,,17.0,-0.4975,-0.5975,0.1162,-0.5604
B-BTC_USDT,2026-09-25T15:30:00+00:00,SHORT,DOWNTREND,UPPER_WICK_SWEEP,44.96,25.1790018,83819.54062201,84016.22554317,84252.35846622,84376.63638993,0.0663,0.7816,0.0663,TIME_EXIT,83704.1,83964.7,83034.4672,84122.6205,48,,,-0.3104,-0.4104,0.4567,-0.4613
B-BTC_USDT,2026-09-27T03:10:00+00:00,LONG,UPTREND,LOWER_WICK_SWEEP,57.27,-6.21136119,84422.65484493,84357.71073087,84161.62406694,84151.11809572,0.4321,0.0185,0.9815,TIME_EXIT,84449.8,84490.1,85125.3984,84027.551,48,,,0.0477,-0.0523,0.2252,-0.2257
B-BTC_USDT,2026-09-28T07:35:00+00:00,SHORT,DOWNTREND,UPPER_WICK_SWEEP,38.36,-13.97226275,83059.99916963,83218.81336246,83950.39015664,84160.73424848,0.0594,0.418,0.0594,TIME_EXIT,82887.0,83038.0,82223.904,83301.435,48,,,-0.1818,-0.2818,0.4063,-0.2811
B-BTC_USDT,2026-09-28T07:55:00+00:00,SHORT,DOWNTREND,UPPER_WICK_SWEEP,41.76,-3.88502264,83021.7715375,83178.10685527,83950.39015664,84160.73424848,0.0814,0.404,0.0814,TIME_EXIT,82914.4,83054.5,82251.0848,83328.972,48,,,-0.1687,-0.2687,0.4395,-0.248
B-BTC_USDT,2026-09-29T03:00:00+00:00,SHORT,DOWNTREND,UPPER_WICK_SWEEP,41.4,12.28754329,82980.95020015,83126.17479952,83381.69900331,83682.70450213,0.1223,0.529,0.1223,LOSS,82882.2,83296.611,82219.1424,83296.611,27,,27.0,-0.4975,-0.5975,0.0619,-0.5136
B-BTC_USDT,2026-09-29T17:40:00+00:00,SHORT,DOWNTREND,UPPER_WICK_SWEEP,44.0,32.70980663,83127.524542,83356.96962616,83627.62783413,83699.72001399,0.0,0.8374,0.0,LOSS,83088.8,83504.244,82424.0896,83504.244,10,,10.0,-0.4975,-0.5975,0.1868,-0.5551
B-BTC_USDT,2026-10-01T12:30:00+00:00,LONG,UPTREND,LOWER_WICK_SWEEP,56.07,-6.21464068,83874.6711148,83810.62473742,83771.29967347,83728.7571718,0.534,0.0,1.0,LOSS,83929.3,83509.6535,84600.7344,83509.6535,7,,7.0,-0.5,-0.6,0.1195,-0.519
B-BTC_USDT,2026-10-01T16:20:00+00:00,LONG,UPTREND,LOWER_WICK_SWEEP,58.33,23.64875502,84093.86023466,83969.16597575,83831.58279496,83760.56794552,0.7469,0.0519,0.7469,WIN,84294.0,84968.352,84968.352,83872.53,14,14.0,,0.8,0.7,0.8375,-0.3197
B-BTC_USDT,2026-10-01T17:10:00+00:00,LONG,UPTREND,LOWER_WICK_SWEEP,58.02,4.5161568,84223.84489328,84076.38547381,83863.39395734,83776.4515555,0.5616,0.229,0.771,WIN,84400.9,85076.1072,85076.1072,83978.8955,17,17.0,,0.8,0.7,1.0242,0.0001
B-BTC_USDT,2026-10-01T22:20:00+00:00,LONG,UPTREND,LOWER_WICK_SWEEP,56.8,24.19722389,84612.38367165,84596.6997297,84173.37322353,83936.9092054,0.5726,0.3242,0.6758,TIME_EXIT,84693.1,84832.7,85370.6448,84269.6345,48,,,0.1648,0.0648,0.4581,-0.2605
B-BTC_USDT,2026-10-01T23:45:00+00:00,LONG,UPTREND,LOWER_WICK_SWEEP,60.74,13.46003349,84703.78510523,84652.7316709,84223.98529748,83967.02256989,0.9088,0.0,1.0,WIN,84800.0,85478.4,85478.4,84376.0,39,39.0,,0.8,0.7,0.8123,-0.3862
B-BTC_USDT,2026-10-03T16:40:00+00:00,LONG,UPTREND,LOWER_WICK_SWEEP,53.87,-1.31683037,84796.16736471,84773.61302748,84751.58542729,84738.59118914,0.785,0.0922,0.9078,TIME_EXIT,84812.0,84812.0,85490.496,84387.94,48,,,0.0,-0.1,0.2157,-0.1903
B-BTC_USDT,2026-10-04T02:15:00+00:00,LONG,UPTREND,LOWER_WICK_SWEEP,56.55,5.75169082,84760.87039692,84754.43655433,84761.51933274,84750.74085882,0.7308,0.1154,0.8846,TIME_EXIT,84790.6,84889.9,85468.9248,84366.647,48,,,0.1171,0.0171,0.1172,-0.0599
B-BTC_USDT,2026-10-04T09:35:00+00:00,LONG,UPTREND,LOWER_WICK_SWEEP,65.32,9.66022127,85093.51718854,85007.71959161,84845.60477402,84790.68377445,0.6482,0.0448,0.9552,TIME_EXIT,85194.5,85213.5,85876.056,84768.5275,48,,,0.0223,-0.0777,0.2298,-0.1758
B-BTC_USDT,2026-10-04T19:20:00+00:00,LONG,UPTREND,LOWER_WICK_SWEEP,60.06,5.57499497,85318.1319486,85289.3761815,85095.90880046,84937.06884276,0.4052,0.0,1.0,WIN,85364.1,86047.0128,86047.0128,84937.2795,22,22.0,,0.8,0.7,0.8003,-0.0112
B-BTC_USDT,2026-10-04T20:25:00+00:00,LONG,UPTREND,LOWER_WICK_SWEEP,58.03,0.56925403,85387.53878291,85340.12749251,85123.66986709,84954.72888814,0.6505,0.2422,0.7578,WIN,85430.2,86113.6416,86113.6416,85003.049,19,19.0,,0.8,0.7,0.9477,-0.0352
B-BTC_USDT,2026-10-06T10:25:00+00:00,LONG,UPTREND,LOWER_WICK_SWEEP,63.03,2.44013421,85937.75267585,85780.60628323,85686.11532229,85595.58521998,0.6234,0.0,1.0,TIME_EXIT,86092.9,85982.3,86781.6432,85662.4355,48,,,-0.1285,-0.2285,0.4264,-0.2138
