PAIR,TIME,SETUP,SIGNAL,ENTRY_PRICE,TREND_1H,RSI,MACD_HIST,VOLUME_RATIO,SUPPORT_DISTANCE_%,POC_DISTANCE_%,TREND,MACD_POSITIVE,POC,SUPPORT4H,SUPPORT4H_1PCT,SUPPORT4H_075,RSI_35_65,RSI_40_65,RSI_40_60,RSI_45_65,RSI_RISING,PRICE_ABOVE_EMA20,EMA_BULL,EMA20_RISING,MACD_RISING,VOL_08,VOL_10,VOL_12,VOL_RISING,ABOVE_BB_MIDDLE,BELOW_BB_UPPER,BB_EXPANDING,POC_NEAR_1PCT,POC_NEAR_05,GREEN_CANDLE,BODY_25,BODY_40,CLOSE_TOP_HALF,CLOSE_TOP_30,RETURN_15M_%,RETURN_30M_%,RETURN_1H_%,RETURN_4H_%,MAX_PROFIT_4H_%,MAX_LOSS_4H_%
B-BTC_USDT,2026-04-10T06:35:00+00:00,WEAK_HAMMER_SWEEP,LONG,71982.0,NEUTRAL,46.28,-24.93831164,2.926,0.2938,-0.0931,0,0,0,1,1,1,1,1,1,1,1,0,0,0,1,1,1,1,1,0,1,1,0,0,1,0,0,1,1,-0.2594,-0.3751,-0.4143,-0.3379,0.0,-0.8334
B-BTC_USDT,2026-04-10T07:30:00+00:00,WEAK_HAMMER_SWEEP,LONG,71716.8,NEUTRAL,34.22,-19.84629869,1.531,0.0694,-0.2861,0,0,0,1,1,1,0,0,0,0,1,0,0,0,1,1,1,1,1,0,1,0,0,0,1,0,0,1,0,-0.1683,-0.3823,-0.1546,0.5586,0.6668,-0.4667
B-BTC_USDT,2026-04-10T08:15:00+00:00,WEAK_HAMMER_SWEEP,LONG,71616.0,NEUTRAL,42.17,1.35046348,0.75,0.3266,0.2224,0,1,1,1,1,1,1,1,1,0,1,0,0,0,1,0,0,0,0,0,1,0,1,1,1,1,0,1,1,-0.0141,-0.13,0.2386,0.7398,0.856,-0.2177
B-BTC_USDT,2026-04-10T08:35:00+00:00,WEAK_HAMMER_SWEEP,LONG,71721.1,NEUTRAL,52.01,24.56582869,0.837,0.4727,0.3695,0,1,1,1,1,1,1,1,1,1,1,1,0,0,1,1,0,0,1,1,1,0,1,1,1,1,1,1,1,-0.2222,-0.1252,0.1125,0.7427,1.0404,-0.3639
B-BTC_USDT,2026-04-10T14:10:00+00:00,WEAK_HAMMER_SWEEP,LONG,72667.3,BULLISH,69.69,36.53656713,3.013,1.3878,0.5959,1,1,1,1,0,0,0,0,0,0,1,1,1,1,1,1,1,1,1,1,0,1,1,0,1,1,1,1,1,0.3656,0.2089,0.428,0.5227,0.8097,-0.4924
B-BTC_USDT,2026-04-10T15:05:00+00:00,WEAK_HAMMER_SWEEP,LONG,73049.8,BULLISH,67.18,15.16502047,0.596,1.6171,0.1997,1,1,1,0,0,0,0,0,0,0,1,1,1,1,1,0,0,0,1,1,1,1,1,1,1,1,1,1,1,0.2341,-0.4953,-0.7324,-0.0201,0.2819,-1.0134
B-BTC_USDT,2026-04-10T15:40:00+00:00,WEAK_HAMMER_SWEEP,LONG,72703.9,BULLISH,50.51,-50.94118235,0.636,1.149,-0.2906,1,0,0,1,0,0,1,1,1,1,1,0,0,0,0,0,0,0,1,0,1,0,0,0,1,0,0,1,1,-0.3891,-0.0587,-0.0286,0.2784,0.7145,-0.5425
B-BTC_USDT,2026-04-10T16:30:00+00:00,WEAK_HAMMER_SWEEP,LONG,72748.6,BULLISH,54.51,-8.75380379,1.016,1.2098,0.116,1,0,1,1,0,0,1,1,1,1,1,1,1,1,1,1,1,0,1,1,1,0,1,1,1,0,0,1,1,-0.0265,0.1274,0.1431,0.6047,0.9641,-0.2032
B-BTC_USDT,2026-04-11T00:20:00+00:00,WEAK_HAMMER_SWEEP,LONG,72833.8,BULLISH,43.86,5.82641854,0.761,0.2261,0.0694,1,1,1,1,1,1,1,1,1,0,1,0,0,0,1,0,0,0,1,0,1,0,1,1,1,0,0,1,0,0.0743,-0.0478,-0.1937,-0.2072,0.3191,-0.3004
B-BTC_USDT,2026-04-11T03:45:00+00:00,WEAK_HAMMER_SWEEP,LONG,72943.6,BULLISH,52.63,-5.64729049,0.622,0.4505,-0.0817,1,0,0,1,1,1,1,1,1,1,1,1,1,1,1,0,0,0,0,0,1,0,0,0,1,1,0,1,1,-0.169,-0.3404,-0.2624,-0.3947,0.0001,-0.5171
B-BTC_USDT,2026-04-11T07:00:00+00:00,WEAK_HAMMER_SWEEP,LONG,72740.0,BULLISH,53.96,13.53325287,1.254,0.2387,0.1506,1,1,1,1,1,1,1,1,1,1,1,1,0,1,1,1,1,1,1,1,1,1,1,1,1,1,0,1,1,-0.0414,0.0503,-0.0773,0.0891,0.2007,-0.22
B-BTC_USDT,2026-04-11T21:30:00+00:00,WEAK_HAMMER_SWEEP,LONG,73366.7,BULLISH,50.45,-6.81217774,1.118,0.5132,0.1299,1,0,1,1,1,1,1,1,1,1,1,1,1,0,1,1,1,0,1,0,1,0,1,1,1,1,1,1,1,0.0179,0.0943,-0.1284,-1.103,0.2212,-1.1031
B-BTC_USDT,2026-04-12T00:30:00+00:00,WEAK_HAMMER_SWEEP,LONG,73041.3,BULLISH,46.08,13.08696448,0.338,0.3065,0.0668,1,1,1,1,1,1,1,1,1,1,1,0,0,0,1,0,0,0,0,1,1,0,1,1,1,0,0,1,1,-0.0886,-0.0565,-0.6624,-2.0766,0.0727,-2.4401
B-BTC_USDT,2026-04-13T14:40:00+00:00,WEAK_HAMMER_SWEEP,LONG,71943.8,NEUTRAL,69.48,40.49958061,1.625,1.775,0.5865,0,1,1,0,0,0,0,0,0,0,1,1,1,1,1,1,1,1,1,1,1,1,1,0,1,1,1,1,1,0.5607,-0.0553,-0.2129,0.4752,0.8415,-0.4777
B-BTC_USDT,2026-04-13T16:35:00+00:00,WEAK_HAMMER_SWEEP,LONG,72230.9,NEUTRAL,66.08,20.27338902,1.217,2.0886,0.0393,0,1,1,0,0,0,0,0,0,0,1,1,1,1,1,1,1,1,0,1,1,0,1,1,1,1,0,1,1,-0.2781,-0.0037,0.2086,1.1843,1.6763,-0.3197
B-BTC_USDT,2026-04-13T21:45:00+00:00,WEAK_HAMMER_SWEEP,LONG,73230.1,BULLISH,61.58,-14.81331099,0.542,1.6798,-0.1387,1,0,0,0,0,0,1,1,0,1,1,1,1,1,1,0,0,0,0,1,1,1,0,0,1,0,0,1,1,0.0404,1.2663,1.468,1.4704,2.2394,-0.1367
B-BTC_USDT,2026-04-13T23:00:00+00:00,WEAK_HAMMER_SWEEP,LONG,74612.1,BULLISH,78.66,75.28939766,0.865,3.1679,0.686,1,1,1,0,0,0,0,0,0,0,1,1,1,1,0,1,0,0,0,1,1,1,1,0,1,0,0,1,1,-0.0457,0.1896,-0.2748,-0.4426,0.3457,-0.8915
B-BTC_USDT,2026-04-14T01:00:00+00:00,WEAK_HAMMER_SWEEP,LONG,74133.1,BULLISH,45.03,-63.23673019,1.48,1.4925,-0.7701,1,0,0,1,0,0,1,1,1,1,1,0,0,0,1,1,1,1,1,0,1,1,0,0,1,0,0,1,1,0.1872,0.095,0.2876,0.2253,0.607,-0.0001
B-BTC_USDT,2026-04-14T06:15:00+00:00,WEAK_HAMMER_SWEEP,LONG,74372.1,BULLISH,57.81,7.4590702,0.985,0.3495,0.0927,1,1,1,1,1,1,1,1,1,1,1,1,1,1,1,1,0,0,1,1,1,0,1,1,1,1,1,1,1,-0.0108,0.0379,0.3497,0.1837,0.7098,-0.0676
B-BTC_USDT,2026-04-14T09:35:00+00:00,WEAK_HAMMER_SWEEP,LONG,74628.8,BULLISH,51.2,-13.45867043,0.55,0.6922,-0.0387,1,0,0,1,1,1,1,1,1,1,1,0,0,0,0,0,0,0,0,0,1,0,0,0,1,0,0,1,1,-0.2799,-0.2096,-0.3592,0.2593,0.3338,-0.529
B-BTC_USDT,2026-04-14T12:00:00+00:00,WEAK_HAMMER_SWEEP,LONG,74394.6,BULLISH,49.33,9.00747454,1.051,0.1712,0.0669,1,1,1,1,1,1,1,1,1,1,1,1,0,0,1,1,1,0,0,1,1,0,1,1,1,1,0,1,1,-0.0634,-0.1097,0.2147,1.3816,2.17,-0.2159
B-BTC_USDT,2026-04-16T05:00:00+00:00,WEAK_HAMMER_SWEEP,LONG,74963.3,BULLISH,54.02,-4.12540239,0.484,0.7314,0.1569,1,0,1,1,1,1,1,1,1,1,1,1,1,1,1,0,0,0,1,1,1,0,1,1,1,1,1,1,1,-0.0052,0.1327,0.0233,-0.3534,0.1824,-0.6622
B-BTC_USDT,2026-04-16T05:15:00+00:00,WEAK_HAMMER_SWEEP,LONG,74959.4,BULLISH,53.76,-4.15248023,0.567,0.6417,0.1517,1,0,1,1,1,1,1,1,1,1,1,1,1,1,1,0,0,0,1,1,1,1,1,1,1,1,1,1,1,0.1379,0.0452,0.1093,-0.2349,0.1876,-0.657
B-BTC_USDT,2026-04-16T06:55:00+00:00,WEAK_HAMMER_SWEEP,LONG,74985.9,BULLISH,51.88,-8.95144346,0.77,0.4141,0.1164,1,0,1,1,1,1,1,1,1,1,1,1,1,0,1,0,0,0,1,0,1,0,1,1,1,1,1,1,1,-0.1508,-0.1639,-0.4243,-0.9576,0.0708,-1.0131
B-BTC_USDT,2026-04-16T17:35:00+00:00,WEAK_HAMMER_SWEEP,LONG,74179.7,NEUTRAL,47.06,-15.66930762,1.053,1.2441,0.0317,0,0,1,1,0,0,1,1,1,1,1,0,0,0,1,1,1,0,1,0,1,0,1,1,1,0,0,1,1,0.1406,0.0403,0.4238,1.0034,1.7799,-0.0317
B-BTC_USDT,2026-04-16T22:40:00+00:00,WEAK_HAMMER_SWEEP,LONG,74882.8,BULLISH,45.57,-10.4026866,0.5,0.5212,0.0084,1,0,1,1,1,1,1,1,1,1,1,0,0,0,1,0,0,0,1,0,1,0,1,1,1,0,0,0,0,-0.0653,0.0896,0.2887,-0.3417,0.3556,-0.5379
B-BTC_USDT,2026-04-16T23:00:00+00:00,WEAK_HAMMER_SWEEP,LONG,74915.0,BULLISH,49.27,-2.54630844,1.074,0.2723,0.0517,1,0,1,1,1,1,1,1,1,1,1,0,0,0,1,1,1,0,1,1,1,0,1,1,1,1,1,1,1,0.0367,0.1221,0.1618,-0.4336,0.3125,-0.5807
B-BTC_USDT,2026-04-17T06:30:00+00:00,WEAK_HAMMER_SWEEP,LONG,74780.1,BULLISH,59.26,18.15797175,0.621,0.4013,0.2711,1,1,1,1,1,1,1,1,1,1,1,1,0,1,1,0,0,0,0,1,1,1,1,1,1,0,0,1,1,0.0748,0.2359,0.2272,0.6233,2.0994,-0.0729
B-BTC_USDT,2026-04-17T07:40:00+00:00,WEAK_HAMMER_SWEEP,LONG,74979.0,BULLISH,64.46,4.15703918,0.934,0.6279,0.0417,1,1,1,1,1,1,1,1,0,1,1,1,1,1,0,1,0,0,1,1,1,0,1,1,1,1,0,1,1,0.0912,0.0624,0.4303,0.4775,1.8285,-0.0942
B-BTC_USDT,2026-04-17T10:45:00+00:00,WEAK_HAMMER_SWEEP,LONG,75218.3,BULLISH,42.03,-91.51462187,0.436,0.5827,-0.7531,1,0,0,1,1,1,1,1,1,0,1,0,0,0,1,0,0,0,0,0,1,1,0,0,1,1,1,1,1,0.0834,0.2005,0.2816,3.5654,3.698,-0.0622
B-BTC_USDT,2026-04-17T11:00:00+00:00,WEAK_HAMMER_SWEEP,LONG,75281.0,BULLISH,44.83,-57.782423,0.262,0.5158,0.1141,1,0,1,1,1,1,1,1,1,0,1,0,0,0,1,0,0,0,1,0,1,1,1,1,1,1,1,1,1,0.117,0.3037,0.3308,3.1632,3.6117,-0.0586
B-BTC_USDT,2026-04-17T15:15:00+00:00,WEAK_HAMMER_SWEEP,LONG,77818.6,BULLISH,68.22,-32.40604913,0.307,3.2873,-0.0424,1,0,0,0,0,0,0,0,0,0,1,1,1,1,0,0,0,0,0,1,1,0,0,0,1,0,0,0,0,-0.0856,-0.483,0.1303,-0.6734,0.6186,-1.1523
B-BTC_USDT,2026-04-17T16:10:00+00:00,WEAK_HAMMER_SWEEP,LONG,77817.9,BULLISH,61.52,-43.08113432,1.177,2.9101,-0.0785,1,0,0,0,0,0,1,1,0,1,1,1,1,1,1,1,1,0,1,1,1,1,0,0,1,0,0,0,0,0.3691,0.2746,-0.4742,-0.4409,0.6195,-1.1514
B-BTC_USDT,2026-04-17T16:15:00+00:00,WEAK_HAMMER_SWEEP,LONG,77920.0,BULLISH,64.31,-33.15076393,0.562,3.0096,0.0894,1,0,1,0,0,0,1,1,0,1,1,1,1,1,1,0,0,0,0,1,1,1,1,1,1,1,1,1,1,0.1726,-0.0395,-0.5932,-0.6245,0.4877,-1.2809
B-BTC_USDT,2026-04-18T01:00:00+00:00,WEAK_HAMMER_SWEEP,LONG,77144.5,BULLISH,51.47,18.30231043,0.518,0.3763,0.237,1,1,1,1,1,1,1,1,1,1,1,1,0,1,1,0,0,0,1,1,1,0,1,1,1,0,0,1,1,0.1813,0.0719,-0.0286,0.0036,0.3053,-0.4153
B-BTC_USDT,2026-04-18T05:35:00+00:00,WEAK_HAMMER_SWEEP,LONG,77134.1,BULLISH,53.91,16.76354563,0.898,0.4019,0.2032,1,1,1,1,1,1,1,1,1,1,1,1,0,1,0,1,0,0,1,1,1,0,1,1,1,0,0,1,1,-0.0788,-0.0309,-0.1172,-0.734,0.0556,-1.0073
B-BTC_USDT,2026-04-18T15:00:00+00:00,WEAK_HAMMER_SWEEP,LONG,76273.0,NEUTRAL,60.22,21.96836767,1.852,0.7374,0.2462,0,1,1,1,1,1,1,1,0,1,1,1,0,1,1,1,1,1,1,1,1,1,1,1,1,1,0,1,0,-0.2016,-0.1169,-0.3709,-0.7962,0.0,-1.1499
B-BTC_USDT,2026-04-20T09:05:00+00:00,WEAK_HAMMER_SWEEP,LONG,74912.0,NEUTRAL,57.31,-14.31393109,1.781,1.1357,-0.4122,0,0,0,1,0,0,1,1,1,1,1,1,1,1,1,1,1,1,1,1,1,0,0,0,1,1,1,1,1,0.1782,0.249,0.4059,0.44,0.9625,-0.1259
B-BTC_USDT,2026-04-20T09:20:00+00:00,WEAK_HAMMER_SWEEP,LONG,75045.5,NEUTRAL,61.81,20.25312204,0.995,1.3116,0.456,0,1,1,1,0,0,1,1,0,1,1,1,1,1,1,1,0,0,1,1,1,1,1,1,1,0,0,1,0,0.0706,-0.0215,0.2868,-0.0995,0.7829,-0.1844
B-BTC_USDT,2026-04-20T17:00:00+00:00,WEAK_HAMMER_SWEEP,LONG,75432.4,NEUTRAL,53.5,-15.26955383,0.79,1.0511,-0.1677,0,0,0,1,0,0,1,1,1,1,1,1,1,0,1,0,0,0,1,0,1,0,0,0,1,1,1,1,1,0.5028,0.2362,0.8047,1.0175,1.4564,-0.0469
B-BTC_USDT,2026-04-20T17:45:00+00:00,WEAK_HAMMER_SWEEP,LONG,75887.6,NEUTRAL,65.55,30.56562675,1.407,1.6447,0.1865,0,1,1,0,0,0,0,0,0,0,1,1,1,1,1,1,1,1,1,1,0,1,1,1,1,1,1,1,1,0.2,0.4334,0.3284,-0.0236,0.8478,-0.2186
B-BTC_USDT,2026-04-20T19:30:00+00:00,WEAK_HAMMER_SWEEP,LONG,76181.9,BULLISH,57.03,-33.53029677,0.576,1.2331,0.1368,1,0,1,1,0,0,1,1,1,1,1,1,1,1,0,0,0,0,1,0,1,0,1,1,1,0,0,1,0,0.0238,0.0236,0.0236,-0.6697,0.4582,-0.8213
B-BTC_USDT,2026-04-20T19:45:00+00:00,WEAK_HAMMER_SWEEP,LONG,76200.0,BULLISH,57.89,-34.25554959,1.159,1.2566,0.2014,1,0,1,1,0,0,1,1,1,1,0,1,1,1,1,1,1,0,1,0,1,0,1,1,1,0,0,1,1,-0.0001,0.2012,0.0276,-0.5035,0.4344,-0.8449
B-BTC_USDT,2026-04-21T08:35:00+00:00,WEAK_HAMMER_SWEEP,LONG,76303.5,BULLISH,67.61,12.36238257,0.699,0.9457,0.1569,1,1,1,1,1,0,0,0,0,0,1,1,1,1,1,0,0,0,1,1,1,1,1,1,1,0,0,1,1,0.2575,0.0885,-0.092,-0.297,0.9115,-0.3358
B-BTC_USDT,2026-04-21T16:15:00+00:00,WEAK_HAMMER_SWEEP,LONG,75929.9,NEUTRAL,52.75,32.61505892,0.39,0.7569,0.2356,0,1,1,1,1,0,1,1,1,1,1,1,0,1,1,0,0,0,1,1,1,0,1,1,1,0,0,1,1,0.1662,0.1021,-1.1397,-0.604,0.2965,-1.5172
B-BTC_USDT,2026-04-21T18:25:00+00:00,WEAK_HAMMER_SWEEP,LONG,75431.2,NEUTRAL,42.84,1.77108542,0.461,0.548,-0.0926,0,1,0,1,1,1,1,1,1,0,1,0,0,0,0,0,0,0,1,0,1,0,0,0,1,0,0,1,1,0.0773,0.1749,0.4107,-0.1347,0.6215,-0.8661
B-BTC_USDT,2026-04-21T22:30:00+00:00,WEAK_HAMMER_SWEEP,LONG,75338.9,NEUTRAL,42.27,-25.09633221,0.817,0.7446,-0.0098,0,0,0,1,1,1,1,1,1,0,1,0,0,0,1,1,0,0,1,0,1,0,0,0,1,0,0,1,1,0.1408,0.4975,0.612,2.3251,2.6271,-0.0186
B-BTC_USDT,2026-04-22T01:10:00+00:00,WEAK_HAMMER_SWEEP,LONG,76352.8,BULLISH,66.66,-19.11176177,0.367,1.4443,0.1197,1,0,1,1,0,0,0,0,0,0,1,1,1,1,1,0,0,0,0,1,1,0,1,1,1,1,0,1,1,-0.3007,-0.1838,0.4499,1.5068,1.7631,-0.3591
B-BTC_USDT,2026-04-22T01:45:00+00:00,WEAK_HAMMER_SWEEP,LONG,76248.0,BULLISH,57.5,-29.50304417,0.47,1.3089,-0.0738,1,0,0,1,0,0,1,1,1,1,1,1,1,1,1,0,0,0,1,0,1,0,0,0,1,1,1,1,1,0.0156,0.9621,1.196,2.3709,2.8847,-0.0843
B-BTC_USDT,2026-04-22T07:40:00+00:00,WEAK_HAMMER_SWEEP,LONG,78032.5,BULLISH,59.9,-19.11610557,1.227,0.9109,-0.0102,1,0,0,1,1,0,1,1,1,1,1,1,1,1,1,1,1,1,1,1,1,1,0,0,1,1,1,1,1,-0.0675,0.0984,-0.1734,0.1866,0.4271,-0.1758
B-BTC_USDT,2026-04-22T08:35:00+00:00,WEAK_HAMMER_SWEEP,LONG,77936.8,BULLISH,49.01,-14.64744765,0.527,0.6822,-0.0424,1,0,0,1,1,1,1,1,1,1,1,0,0,0,0,0,0,0,0,0,1,1,0,0,1,0,0,0,0,0.1002,0.112,0.1819,0.2864,0.7108,-0.0532
B-BTC_USDT,2026-04-22T10:55:00+00:00,WEAK_HAMMER_SWEEP,LONG,78117.8,BULLISH,58.59,8.70422068,0.677,0.4397,0.0412,1,1,1,1,1,1,1,1,1,1,1,1,1,1,1,0,0,0,1,1,1,0,1,1,1,1,1,1,1,-0.0046,0.2076,0.1861,1.1252,1.3121,-0.081
B-BTC_USDT,2026-04-22T12:05:00+00:00,WEAK_HAMMER_SWEEP,LONG,78289.8,BULLISH,62.49,6.75350285,0.777,0.5039,0.1354,1,1,1,1,1,1,1,1,0,1,1,1,1,1,0,0,0,0,0,1,1,0,1,1,1,0,0,1,1,-0.1161,-0.1658,-0.088,1.2113,1.4743,-0.2935
B-BTC_USDT,2026-04-22T13:00:00+00:00,WEAK_HAMMER_SWEEP,LONG,78253.8,BULLISH,56.31,-9.91294143,0.962,0.4411,0.1015,1,0,1,1,1,1,1,1,1,1,1,1,1,1,1,1,0,0,1,1,1,0,1,1,1,1,0,1,1,0.1977,0.1838,0.7368,0.7551,1.5209,-0.0833
B-BTC_USDT,2026-04-22T13:35:00+00:00,WEAK_HAMMER_SWEEP,LONG,78397.7,BULLISH,63.07,16.06615902,1.41,0.6239,-0.0806,1,1,0,1,1,1,1,1,0,1,1,1,1,1,0,1,1,1,0,1,1,1,0,0,1,0,0,1,1,0.3885,0.4838,0.5394,0.5081,1.3346,-0.0302
B-BTC_USDT,2026-04-22T15:15:00+00:00,WEAK_HAMMER_SWEEP,LONG,78944.4,BULLISH,59.03,-9.35724825,0.374,1.1203,0.008,1,0,1,1,0,0,1,1,1,1,1,1,1,1,0,0,0,0,0,1,1,0,1,1,1,0,0,1,0,0.1383,0.3736,0.1761,-0.0789,0.6329,-0.4531
B-BTC_USDT,2026-04-22T15:25:00+00:00,WEAK_HAMMER_SWEEP,LONG,79028.4,BULLISH,61.85,-6.22311247,0.8,1.2254,0.1144,1,0,1,1,0,0,1,1,0,1,1,1,1,1,1,1,0,0,1,1,1,0,1,1,1,1,0,1,1,0.2688,0.2605,-0.1773,-0.0614,0.5259,-0.5589
B-BTC_USDT,2026-04-22T15:50:00+00:00,WEAK_HAMMER_SWEEP,LONG,79364.2,BULLISH,71.69,24.11952139,0.912,1.6433,0.513,1,1,1,0,0,0,0,0,0,0,1,1,1,1,1,1,0,0,1,1,0,1,1,0,1,1,1,1,1,-0.1589,-0.5194,-0.8747,-0.6606,0.1005,-0.9797
B-BTC_USDT,2026-04-22T18:20:00+00:00,WEAK_HAMMER_SWEEP,LONG,78955.2,BULLISH,54.58,17.19143975,0.301,0.5625,0.0625,1,1,1,1,1,1,1,1,1,1,1,1,1,1,1,0,0,0,0,1,1,1,1,1,1,0,0,1,1,-0.0418,0.1013,-0.021,-0.4851,0.2211,-0.7538
B-BTC_USDT,2026-04-22T19:45:00+00:00,WEAK_HAMMER_SWEEP,LONG,78836.8,BULLISH,47.46,-8.18899011,0.626,0.3172,0.0352,1,0,1,1,1,1,1,1,1,1,1,0,0,0,1,0,0,0,1,0,1,1,1,1,1,1,0,1,1,0.0159,-0.2791,-0.4795,-0.7635,0.0929,-0.8837
B-BTC_USDT,2026-04-23T04:05:00+00:00,WEAK_HAMMER_SWEEP,LONG,77746.9,NEUTRAL,44.74,22.44512251,0.693,0.4324,0.1333,0,1,1,1,1,1,1,1,1,0,1,0,0,0,1,0,0,0,0,1,1,0,1,1,1,1,0,1,1,-0.0109,0.1206,0.3006,0.3653,0.7244,-0.0655
B-BTC_USDT,2026-04-23T04:50:00+00:00,WEAK_HAMMER_SWEEP,LONG,77874.6,NEUTRAL,54.59,35.46778664,0.528,0.5957,0.2794,0,1,1,1,1,1,1,1,1,1,1,1,0,1,0,0,0,0,0,1,1,1,1,1,1,1,0,1,1,0.1361,0.0244,0.0736,-0.0565,0.5592,-0.2499
B-BTC_USDT,2026-04-23T05:00:00+00:00,WEAK_HAMMER_SWEEP,LONG,77972.7,NEUTRAL,61.4,37.87798278,1.201,0.7208,0.5156,0,1,1,1,1,1,1,1,0,1,1,1,0,1,1,1,1,1,1,1,1,1,1,0,1,1,1,1,1,-0.0249,-0.2215,0.1325,-0.4709,0.4327,-0.4957
B-BTC_USDT,2026-04-23T07:30:00+00:00,WEAK_HAMMER_SWEEP,LONG,78119.1,NEUTRAL,54.77,-14.57771072,0.392,0.9068,-0.0411,0,0,0,1,1,0,1,1,1,1,1,1,1,1,1,0,0,0,1,0,1,0,0,0,1,0,0,1,1,-0.0472,-0.2208,-0.3789,-0.9891,0.0296,-2.0667
B-BTC_USDT,2026-04-23T14:40:00+00:00,WEAK_HAMMER_SWEEP,LONG,77856.6,BULLISH,63.39,34.62448701,0.605,0.794,0.3088,1,1,1,1,1,0,1,1,0,1,1,1,1,1,1,0,0,0,0,1,0,1,1,1,1,1,1,1,1,0.3548,0.2639,0.7489,0.1617,1.0165,-1.2285
B-BTC_USDT,2026-04-23T17:45:00+00:00,WEAK_HAMMER_SWEEP,LONG,77251.5,NEUTRAL,31.24,-96.94131037,2.626,0.4498,0.2018,0,0,1,1,1,1,0,0,0,0,1,0,0,0,1,1,1,1,0,0,1,1,1,1,1,1,0,1,1,0.6373,0.7749,0.7407,0.9407,1.0984,-0.0867
B-BTC_USDT,2026-04-23T20:00:00+00:00,WEAK_HAMMER_SWEEP,LONG,77817.8,NEUTRAL,53.07,8.37471255,0.746,1.1793,-0.0943,0,1,0,1,0,0,1,1,1,1,1,1,0,0,1,0,0,0,0,1,1,0,0,0,1,1,1,1,1,-0.1056,-0.0006,-0.0235,0.3964,0.6184,-0.2394
B-BTC_USDT,2026-04-24T00:15:00+00:00,WEAK_HAMMER_SWEEP,LONG,78314.5,BULLISH,63.4,5.37309246,0.969,0.8721,0.1915,1,1,1,1,1,0,1,1,0,1,1,1,1,1,1,1,0,0,0,1,1,1,1,1,1,1,1,1,1,0.109,0.1139,-0.3703,-0.7762,0.2956,-1.04
B-BTC_USDT,2026-04-24T01:30:00+00:00,WEAK_HAMMER_SWEEP,LONG,78000.2,BULLISH,37.4,-48.40174061,0.843,0.2369,-0.1409,1,0,0,1,1,1,1,0,0,0,1,0,0,0,1,1,0,0,1,0,1,1,0,0,1,0,0,1,1,0.3032,0.4788,0.3346,-0.4476,0.6997,-0.7676
B-BTC_USDT,2026-04-24T03:00:00+00:00,WEAK_HAMMER_SWEEP,LONG,78090.0,NEUTRAL,42.4,-22.35063551,0.37,0.242,-0.4375,0,0,0,1,1,1,1,1,1,0,1,0,0,0,0,0,0,0,0,0,1,0,0,0,1,0,0,1,1,-0.1041,-0.6799,-0.5748,-0.4386,0.0563,-0.8817
B-BTC_USDT,2026-04-24T10:40:00+00:00,WEAK_HAMMER_SWEEP,LONG,77613.9,NEUTRAL,52.66,20.96214879,0.429,0.3325,0.1896,0,1,1,1,1,1,1,1,1,1,1,1,0,1,0,0,0,0,1,1,1,0,1,1,1,0,0,1,0,0.1305,0.7286,0.8288,0.4038,1.0552,-0.0533
B-BTC_USDT,2026-04-24T10:45:00+00:00,WEAK_HAMMER_SWEEP,LONG,77640.2,NEUTRAL,54.75,21.66335952,1.185,0.3663,0.2236,0,1,1,1,1,1,1,1,1,1,1,1,0,1,1,1,1,0,1,1,1,0,1,1,1,0,0,0,0,0.3666,0.5599,0.708,0.3089,1.021,-0.0204
B-BTC_USDT,2026-04-25T23:00:00+00:00,WEAK_HAMMER_SWEEP,LONG,77531.8,NEUTRAL,59.98,-3.31535504,1.325,0.4886,0.0248,0,0,1,1,1,1,1,1,1,1,1,1,1,1,0,1,1,1,0,1,1,1,1,1,1,1,0,1,1,0.0329,0.0613,0.0881,-0.1042,0.1082,-0.1762
B-BTC_USDT,2026-04-26T13:00:00+00:00,WEAK_HAMMER_SWEEP,LONG,77803.0,BULLISH,28.53,-22.68150579,1.4,0.1131,-0.0024,1,0,0,1,1,1,0,0,0,0,1,0,0,0,1,1,1,1,0,0,1,1,0,0,1,0,0,1,1,0.06,0.1524,0.1144,0.1658,0.4286,-0.046
B-BTC_USDT,2026-04-26T14:30:00+00:00,WEAK_HAMMER_SWEEP,LONG,78029.9,BULLISH,63.41,19.21125712,1.029,0.4036,0.2828,1,1,1,1,1,1,1,1,0,1,1,1,1,1,1,1,1,0,1,1,1,1,1,1,1,0,0,1,1,-0.0618,0.0422,-0.0472,0.0857,0.3797,-0.2754
B-BTC_USDT,2026-04-26T16:00:00+00:00,WEAK_HAMMER_SWEEP,LONG,78012.8,BULLISH,51.64,-6.72883579,0.729,0.3817,-0.0352,1,0,0,1,1,1,1,1,1,1,1,1,1,1,1,0,0,0,1,0,1,1,0,0,1,0,0,1,1,-0.0154,0.04,-0.1036,0.2474,0.5962,-0.2535
B-BTC_USDT,2026-04-26T21:50:00+00:00,WEAK_HAMMER_SWEEP,LONG,78525.6,BULLISH,66.42,1.98679002,5.736,0.9049,0.2855,1,1,1,1,1,0,0,0,0,0,1,1,1,0,1,1,1,1,1,1,0,1,1,1,1,1,1,1,1,-0.0499,0.1303,-0.2603,0.842,1.1836,-0.7769
B-BTC_USDT,2026-04-27T00:50:00+00:00,WEAK_HAMMER_SWEEP,LONG,78922.1,BULLISH,65.39,26.25895559,1.137,1.4509,0.9122,1,1,1,1,0,0,0,0,0,0,1,1,1,1,1,1,1,0,0,1,1,1,1,0,1,1,1,1,1,0.2254,0.0883,0.3354,0.0456,0.6752,-0.3171
B-BTC_USDT,2026-04-27T03:15:00+00:00,WEAK_HAMMER_SWEEP,LONG,79197.3,BULLISH,59.94,-8.85900033,0.666,1.5268,0.4311,1,0,1,0,0,0,1,1,1,1,1,1,1,1,1,0,0,0,1,1,1,0,1,1,1,1,0,1,1,0.015,-0.0251,-0.2525,-1.9718,0.0961,-2.2585
B-BTC_USDT,2026-04-29T03:55:00+00:00,WEAK_HAMMER_SWEEP,LONG,76955.7,NEUTRAL,70.71,31.96612206,0.814,1.0616,0.0328,0,1,1,1,0,0,0,0,0,0,1,1,1,1,0,1,0,0,1,1,1,1,1,1,1,0,0,1,1,-0.0942,0.0616,0.3489,0.0625,0.6191,-0.1506
B-BTC_USDT,2026-04-29T11:50:00+00:00,WEAK_HAMMER_SWEEP,LONG,77548.8,NEUTRAL,53.99,-22.38439526,0.62,0.8128,-0.2084,0,0,0,1,1,0,1,1,1,1,1,1,1,1,1,0,0,0,0,0,1,0,0,0,1,0,0,0,0,-0.159,-0.5821,-0.5484,-2.3182,0.0191,-2.416
B-BTC_USDT,2026-04-30T07:00:00+00:00,WEAK_HAMMER_SWEEP,LONG,75732.2,NEUTRAL,55.71,16.19470671,0.897,0.6057,0.1048,0,1,1,1,1,1,1,1,1,1,1,1,0,1,0,1,0,0,1,1,1,0,1,1,1,0,0,1,0,0.0279,0.3062,0.5254,0.441,0.7928,-0.0629
B-BTC_USDT,2026-04-30T07:05:00+00:00,WEAK_HAMMER_SWEEP,LONG,75787.9,NEUTRAL,59.63,17.31984134,1.442,0.6787,0.0298,0,1,1,1,1,1,1,1,1,1,1,1,0,1,1,1,1,1,1,1,1,0,1,1,1,1,1,1,1,0.0124,0.3176,0.3841,0.4725,0.7187,-0.0599
B-BTC_USDT,2026-04-30T12:10:00+00:00,WEAK_HAMMER_SWEEP,LONG,76109.9,NEUTRAL,55.44,4.95987763,0.815,0.3599,0.1645,0,1,1,1,1,1,1,1,1,1,1,1,1,1,1,1,0,0,1,1,1,1,1,1,1,1,1,1,1,0.2482,0.1171,0.2104,0.4338,0.6837,-0.0857
B-BTC_USDT,2026-04-30T14:25:00+00:00,WEAK_HAMMER_SWEEP,LONG,76310.5,NEUTRAL,51.53,-19.23035789,0.968,0.6218,-0.2458,0,0,0,1,1,1,1,1,1,1,1,1,1,0,1,1,0,0,1,0,1,0,0,0,1,1,0,1,1,-0.019,-0.0714,0.2065,-0.0794,0.3989,-0.3277
B-BTC_USDT,2026-04-30T17:05:00+00:00,WEAK_HAMMER_SWEEP,LONG,76292.6,NEUTRAL,46.91,-16.68438769,0.855,0.3249,-0.1477,0,0,0,1,1,1,1,1,1,1,1,0,0,0,1,1,0,0,0,0,1,0,0,0,1,1,1,1,1,-0.245,-0.208,-0.0333,0.1479,0.3193,-0.3044
B-BTC_USDT,2026-04-30T20:05:00+00:00,WEAK_HAMMER_SWEEP,LONG,76369.2,NEUTRAL,51.84,-7.6525832,0.587,0.4044,0.0167,0,0,1,1,1,1,1,1,1,1,1,1,1,0,0,0,0,0,0,0,1,0,1,1,1,0,0,1,1,0.0669,0.1477,0.0474,0.115,0.2187,-0.2803
B-BTC_USDT,2026-04-30T20:30:00+00:00,WEAK_HAMMER_SWEEP,LONG,76442.9,NEUTRAL,58.43,-0.34340412,0.898,0.5004,0.0195,0,0,1,1,1,1,1,1,1,1,1,1,1,1,1,1,0,0,1,1,1,1,1,1,1,0,0,1,0,0.0943,0.0509,-0.0828,0.0004,0.1221,-0.3765
B-BTC_USDT,2026-05-01T00:00:00+00:00,WEAK_HAMMER_SWEEP,LONG,76442.8,NEUTRAL,65.04,17.89351027,3.43,0.3764,0.1783,0,1,1,1,1,1,0,0,0,0,1,1,0,1,1,1,1,1,1,1,0,1,1,1,1,1,1,1,1,0.0239,0.0005,-0.0255,0.826,1.2799,-0.1166
B-BTC_USDT,2026-05-01T06:30:00+00:00,WEAK_HAMMER_SWEEP,LONG,77125.0,BULLISH,59.33,-5.61713348,0.616,0.8296,0.0185,1,0,1,1,1,0,1,1,1,1,1,1,1,1,1,0,0,0,0,1,1,0,1,1,1,1,0,1,1,-0.2487,-0.2243,-0.1888,0.211,0.4603,-0.3777
B-BTC_USDT,2026-05-01T15:45:00+00:00,WEAK_HAMMER_SWEEP,LONG,78623.4,BULLISH,65.31,14.78808649,0.435,1.6844,0.0358,1,1,1,0,0,0,0,0,0,0,1,1,1,1,1,0,0,0,0,1,1,1,1,1,1,0,0,1,1,-0.0355,-0.4226,-0.5903,-0.3952,0.0237,-0.6892
B-BTC_USDT,2026-05-02T23:20:00+00:00,WEAK_HAMMER_SWEEP,LONG,78715.3,BULLISH,56.55,-6.11749078,0.33,0.431,-0.1595,1,0,0,1,1,1,1,1,1,1,1,1,1,1,1,0,0,0,0,1,1,0,0,0,1,1,1,1,0,-0.0575,-0.0809,-0.2011,-0.8096,0.0882,-0.8211
B-BTC_USDT,2026-05-03T23:00:00+00:00,WEAK_HAMMER_SWEEP,LONG,79229.1,NEUTRAL,58.98,14.18228466,0.56,0.7829,0.0843,0,1,1,1,1,0,1,1,1,1,1,1,1,1,0,0,0,0,1,1,1,1,1,1,1,1,1,1,1,-0.3506,-0.8198,-0.9806,1.0486,1.4779,-1.2542
B-BTC_USDT,2026-05-04T04:15:00+00:00,WEAK_HAMMER_SWEEP,LONG,80480.0,BULLISH,69.94,-9.09272524,1.71,2.789,0.4596,1,0,1,0,0,0,0,0,0,0,1,1,1,1,1,1,1,1,1,1,1,1,1,1,1,1,0,1,0,-0.1394,-0.2715,-0.6051,-0.9233,0.057,-1.2922
B-BTC_USDT,2026-05-04T07:10:00+00:00,WEAK_HAMMER_SWEEP,LONG,79856.9,BULLISH,47.59,14.08445616,0.527,0.5221,-0.1372,1,1,0,1,1,1,1,1,1,1,1,0,0,0,1,0,0,0,1,1,1,0,0,0,1,1,0,1,1,-0.0532,-0.0462,-0.1281,-1.0729,0.054,-2.1646
B-BTC_USDT,2026-05-04T08:50:00+00:00,WEAK_HAMMER_SWEEP,LONG,79666.1,BULLISH,43.26,3.56573798,0.979,0.2838,0.0325,1,1,1,1,1,1,1,1,1,0,1,0,0,0,1,1,0,0,1,0,1,0,1,1,1,0,0,1,1,-0.0039,0.011,0.2639,-0.9202,0.2936,-1.9303
B-BTC_USDT,2026-05-04T09:00:00+00:00,WEAK_HAMMER_SWEEP,LONG,79707.9,BULLISH,47.35,7.30350452,0.937,0.3361,0.0253,1,1,1,1,1,1,1,1,1,1,1,0,0,0,1,1,0,0,0,1,1,0,1,1,1,1,0,1,1,-0.0337,0.0455,-0.6625,-1.2921,0.241,-1.9817
B-BTC_USDT,2026-05-04T15:10:00+00:00,WEAK_HAMMER_SWEEP,LONG,80066.0,BULLISH,69.43,101.01536917,1.841,2.0183,-0.2529,1,1,0,0,0,0,0,0,0,0,1,1,1,1,0,1,1,1,1,1,1,1,0,0,1,0,0,1,1,-0.5142,-0.2485,-0.4928,-0.022,0.8814,-1.0233
B-BTC_USDT,2026-05-04T16:30:00+00:00,WEAK_HAMMER_SWEEP,LONG,80222.9,BULLISH,63.61,14.93317719,0.305,2.21,-0.0978,1,1,0,0,0,0,1,1,0,1,1,1,1,1,1,0,0,0,0,1,1,0,0,0,1,0,0,1,1,-0.0522,-0.0413,0.0674,-0.3617,0.6841,-0.4667
B-BTC_USDT,2026-05-04T18:25:00+00:00,WEAK_HAMMER_SWEEP,LONG,80220.2,BULLISH,51.82,-40.72780815,1.066,1.2947,-0.3473,1,0,0,1,0,0,1,1,1,1,1,0,0,0,0,1,1,0,1,0,1,0,0,0,1,0,0,1,1,-0.1035,-0.1736,-0.4145,0.0026,0.1783,-0.4658
B-BTC_USDT,2026-05-04T23:15:00+00:00,WEAK_HAMMER_SWEEP,LONG,79900.4,BULLISH,36.47,-40.94941059,1.118,0.0675,-0.4638,1,0,0,1,1,1,1,0,0,0,1,0,0,0,1,1,1,0,1,0,1,1,0,0,1,0,0,1,1,-0.0941,-0.1827,0.0363,1.0153,1.2153,-0.2309
B-BTC_USDT,2026-05-05T00:00:00+00:00,WEAK_HAMMER_SWEEP,LONG,79949.1,BULLISH,49.7,-1.98465471,2.98,0.2917,0.0691,1,0,1,1,1,1,1,1,1,1,1,1,0,0,1,1,1,1,1,1,1,0,1,1,1,1,1,1,1,-0.0246,0.1263,0.1639,1.1534,1.377,-0.1719
B-BTC_USDT,2026-05-05T01:55:00+00:00,WEAK_HAMMER_SWEEP,LONG,80310.9,BULLISH,66.54,18.71935225,0.542,0.7409,0.1232,1,1,1,1,1,1,0,0,0,0,1,1,1,1,0,0,0,0,0,1,1,1,1,1,1,1,1,1,1,0.1233,0.139,0.2534,0.7635,1.2044,-0.069
B-BTC_USDT,2026-05-05T04:00:00+00:00,WEAK_HAMMER_SWEEP,LONG,80871.2,BULLISH,68.78,5.03044298,0.936,1.3726,-0.0219,1,1,0,1,0,0,0,0,0,0,1,1,1,1,0,1,0,0,1,1,1,0,0,0,1,0,0,1,0,-0.0913,-0.187,-0.0688,-0.0757,0.5033,-0.2471
B-BTC_USDT,2026-05-05T07:30:00+00:00,WEAK_HAMMER_SWEEP,LONG,81049.1,BULLISH,61.8,15.58988929,0.91,0.466,-0.1359,1,1,0,1,1,1,1,1,0,1,1,1,1,1,1,1,0,0,1,1,1,1,0,0,1,1,1,1,1,-0.153,-0.295,-0.3089,-0.1089,0.0764,-0.7014
B-BTC_USDT,2026-05-05T10:00:00+00:00,WEAK_HAMMER_SWEEP,LONG,80564.5,BULLISH,35.16,-3.28813807,0.77,0.1041,-0.3052,1,0,0,1,1,1,1,0,0,0,1,0,0,0,1,0,0,0,1,0,1,0,0,0,1,0,0,1,1,0.1409,0.266,0.2782,1.021,1.3556,-0.0001
B-BTC_USDT,2026-05-05T11:10:00+00:00,WEAK_HAMMER_SWEEP,LONG,80905.5,BULLISH,66.79,27.27655757,5.595,0.5252,0.0568,1,1,1,1,1,1,0,0,0,0,1,1,0,1,1,1,1,1,1,1,0,1,1,1,1,1,1,1,1,-0.0067,0.1048,0.1811,0.7529,0.9284,-0.1634
B-BTC_USDT,2026-05-05T14:00:00+00:00,WEAK_HAMMER_SWEEP,LONG,81387.1,BULLISH,55.49,-26.51969385,0.638,1.1047,-0.1753,1,0,0,1,0,0,1,1,1,1,1,1,1,1,1,0,0,0,0,1,1,0,0,0,1,1,1,1,1,-0.4802,-0.0702,-0.0213,-0.1151,0.3116,-0.6108
B-BTC_USDT,2026-05-05T15:40:00+00:00,WEAK_HAMMER_SWEEP,LONG,81581.8,BULLISH,61.65,24.6493519,0.359,0.9288,0.1067,1,1,1,1,1,0,1,1,0,1,1,1,1,1,0,0,0,0,0,1,1,1,1,1,1,1,0,1,1,-0.1141,-0.2187,-0.6786,0.0368,0.0722,-0.7131
B-BTC_USDT,2026-05-06T01:00:00+00:00,WEAK_HAMMER_SWEEP,LONG,81099.0,BULLISH,54.47,25.78718567,0.891,0.5522,-0.035,1,1,0,1,1,1,1,1,1,1,1,1,0,1,1,1,0,0,1,1,1,1,0,0,1,1,1,1,1,0.1698,0.2195,0.189,0.2391,0.7612,-0.1221
B-BTC_USDT,2026-05-06T18:10:00+00:00,WEAK_HAMMER_SWEEP,LONG,81436.3,NEUTRAL,44.04,-2.69102742,2.324,0.2651,-0.0318,0,0,0,1,1,1,1,1,1,0,1,0,0,0,1,1,1,1,1,0,1,1,0,0,1,0,0,1,1,-0.0193,-0.1287,-0.2876,-0.1267,0.2686,-0.3665
B-BTC_USDT,2026-05-06T23:50:00+00:00,WEAK_HAMMER_SWEEP,LONG,81394.5,NEUTRAL,55.8,19.21613302,0.548,0.5709,0.363,0,1,1,1,1,1,1,1,1,1,1,1,0,1,1,0,0,0,1,1,1,1,1,1,1,1,1,1,1,-0.0276,-0.1785,-0.5177,-0.6158,0.0688,-0.7708
B-BTC_USDT,2026-05-07T01:05:00+00:00,WEAK_HAMMER_SWEEP,LONG,81007.9,NEUTRAL,36.15,-28.42972199,4.142,0.1283,0.0231,0,0,1,1,1,1,1,0,0,0,1,0,0,0,1,1,1,1,1,0,1,1,1,1,1,0,0,1,1,0.107,0.2549,-0.0581,-0.016,0.2938,-0.41
B-BTC_USDT,2026-05-07T02:25:00+00:00,WEAK_HAMMER_SWEEP,LONG,80865.6,NEUTRAL,33.77,-23.34418639,0.655,0.1218,-0.0706,0,0,0,1,1,1,0,0,0,0,1,0,0,0,0,0,0,0,0,0,1,1,0,0,1,0,0,0,0,0.0673,0.2612,0.0897,0.1642,0.3464,-0.2347
B-BTC_USDT,2026-05-07T02:45:00+00:00,WEAK_HAMMER_SWEEP,LONG,81004.2,NEUTRAL,47.17,-0.02506517,1.227,0.2927,0.1007,0,0,1,1,1,1,1,1,1,1,1,0,0,0,1,1,1,1,1,0,1,1,1,1,1,1,1,1,0,0.013,-0.0386,-0.12,0.3137,0.4197,-0.4054
B-BTC_USDT,2026-05-07T11:00:00+00:00,WEAK_HAMMER_SWEEP,LONG,80928.9,NEUTRAL,50.25,23.91019625,1.158,0.503,0.0259,0,1,1,1,1,1,1,1,1,1,1,1,0,0,1,1,1,0,1,1,1,0,1,1,1,1,1,1,1,-0.0928,-0.0064,0.0167,-1.0247,0.284,-1.1477
B-BTC_USDT,2026-05-08T11:20:00+00:00,WEAK_HAMMER_SWEEP,LONG,80228.1,NEUTRAL,72.28,16.20785816,0.933,1.2715,0.083,0,1,1,1,0,0,0,0,0,0,1,1,1,1,0,1,0,0,1,1,1,1,1,1,1,1,1,1,1,-0.0798,-0.0234,0.0279,-0.6969,0.3115,-0.8981
B-BTC_USDT,2026-05-08T15:30:00+00:00,WEAK_HAMMER_SWEEP,LONG,79839.9,NEUTRAL,46.3,-36.07222865,0.922,0.4162,0.3312,0,0,1,1,1,1,1,1,1,1,1,0,0,0,1,1,0,0,0,0,1,0,1,1,1,1,1,1,1,0.2303,0.1511,-0.047,0.2447,0.5344,-0.1847
B-BTC_USDT,2026-05-08T21:55:00+00:00,WEAK_HAMMER_SWEEP,LONG,80222.1,NEUTRAL,58.29,3.28488018,0.774,0.3968,0.0527,0,1,1,1,1,1,1,1,1,1,1,1,1,1,1,0,0,0,0,1,1,1,1,1,1,1,1,1,1,0.1594,0.1027,0.015,0.0722,0.228,-0.1973
B-BTC_USDT,2026-05-09T02:45:00+00:00,WEAK_HAMMER_SWEEP,LONG,80359.9,NEUTRAL,56.55,-4.70800234,0.973,0.3685,0.0103,0,0,1,1,1,1,1,1,1,1,1,1,1,1,0,1,0,0,1,1,1,0,1,1,1,0,0,1,1,0.0131,0.106,-0.0707,-0.1906,0.3508,-0.2488
B-BTC_USDT,2026-05-09T06:30:00+00:00,WEAK_HAMMER_SWEEP,LONG,80314.4,NEUTRAL,44.75,-10.47959488,1.14,0.0727,-0.0743,0,0,0,1,1,1,1,1,1,0,1,0,0,0,1,1,1,0,0,0,1,1,0,0,1,1,1,1,1,-0.1341,-0.1805,-0.1011,-0.1082,0.1343,-0.2865
B-BTC_USDT,2026-05-09T10:00:00+00:00,WEAK_HAMMER_SWEEP,LONG,80212.0,NEUTRAL,41.94,-13.54770423,1.521,0.1592,-0.218,0,0,0,1,1,1,1,1,1,0,1,0,0,0,1,1,1,1,0,0,1,1,0,0,1,0,0,1,1,-0.0535,0.0193,0.06,0.1405,0.2194,-0.1087
B-BTC_USDT,2026-05-09T11:30:00+00:00,WEAK_HAMMER_SWEEP,LONG,80311.9,NEUTRAL,58.41,12.08172658,0.407,0.233,0.1561,0,1,1,1,1,1,1,1,1,1,1,1,0,1,0,0,0,0,1,1,1,1,1,1,1,0,0,1,1,-0.0138,0.0223,0.0051,0.1147,0.1711,-0.1518
B-BTC_USDT,2026-05-09T17:20:00+00:00,WEAK_HAMMER_SWEEP,LONG,80732.5,BULLISH,69.29,6.98837003,0.771,0.672,0.3245,1,1,1,1,1,1,0,0,0,0,1,1,1,1,1,0,0,0,0,1,1,0,1,1,1,1,1,1,1,0.1434,0.0125,0.1014,0.0367,0.3849,-0.0727
B-BTC_USDT,2026-05-10T11:40:00+00:00,WEAK_HAMMER_SWEEP,LONG,80795.2,BULLISH,51.04,-4.40438238,0.435,0.1902,0.0519,1,0,1,1,1,1,1,1,1,1,1,1,1,0,1,0,0,0,1,1,1,0,1,1,1,1,0,1,0,-0.0162,0.0337,0.1149,0.3919,0.4828,-0.0644
B-BTC_USDT,2026-05-10T16:05:00+00:00,WEAK_HAMMER_SWEEP,LONG,81435.4,BULLISH,78.74,49.23712778,0.951,0.8334,0.2133,1,1,1,1,1,0,0,0,0,0,1,1,1,1,1,1,0,0,0,1,1,1,1,1,1,1,1,1,1,-0.235,-0.2092,-0.2817,-0.0134,0.1873,-0.405
B-BTC_USDT,2026-05-11T04:30:00+00:00,WEAK_HAMMER_SWEEP,LONG,80755.4,NEUTRAL,43.66,40.07381141,0.5,0.3533,0.0478,0,1,1,1,1,1,1,1,1,0,1,0,0,0,1,0,0,0,1,1,1,0,1,1,1,1,0,1,1,-0.076,0.1049,0.2327,-0.1205,0.3441,-0.2172
B-BTC_USDT,2026-05-11T06:00:00+00:00,WEAK_HAMMER_SWEEP,LONG,80827.8,NEUTRAL,49.73,8.41514287,0.61,0.4425,0.0352,0,1,1,1,1,1,1,1,1,1,1,1,0,0,0,0,0,0,0,1,1,0,1,1,1,1,0,1,1,-0.0035,0.0907,-0.1514,0.119,0.2542,-0.3066
B-BTC_USDT,2026-05-11T15:10:00+00:00,WEAK_HAMMER_SWEEP,LONG,80977.8,BULLISH,51.56,11.10633182,0.781,0.7209,0.4715,1,1,1,1,1,1,1,1,1,1,1,1,0,0,1,0,0,0,1,1,1,1,1,1,1,1,1,1,0,0.4004,0.259,0.9556,1.1117,1.3845,-0.0864
B-BTC_USDT,2026-05-11T20:30:00+00:00,WEAK_HAMMER_SWEEP,LONG,81873.5,BULLISH,50.04,-15.37000131,0.329,0.6732,-0.1003,1,0,0,1,1,1,1,1,1,1,1,0,0,0,0,0,0,0,1,0,1,0,0,0,1,0,0,1,1,-0.0078,-0.091,-0.3828,-0.4053,0.0779,-0.4806
B-BTC_USDT,2026-05-11T21:45:00+00:00,WEAK_HAMMER_SWEEP,LONG,81694.7,BULLISH,45.13,-9.05802423,0.549,0.171,-0.3289,1,0,0,1,1,1,1,1,1,1,1,0,0,0,1,0,0,0,0,0,1,0,0,0,1,0,0,1,1,0.2624,0.218,0.1296,-0.7054,0.297,-1.2651
B-BTC_USDT,2026-05-12T01:20:00+00:00,WEAK_HAMMER_SWEEP,LONG,81368.2,NEUTRAL,32.68,-15.03613906,1.428,0.1771,0.0681,0,0,1,1,1,1,0,0,0,0,1,0,0,0,1,1,1,1,0,0,1,0,1,1,1,0,0,1,1,-0.6769,-0.2672,-0.2446,-0.1895,0.0823,-0.8689
B-BTC_USDT,2026-05-12T02:00:00+00:00,WEAK_HAMMER_SWEEP,LONG,81242.8,NEUTRAL,44.14,-3.08112924,0.438,0.7159,0.4308,0,0,1,1,1,1,1,1,1,0,1,0,0,0,1,0,0,0,1,0,1,0,1,1,1,1,1,1,1,-0.2005,-0.1121,-0.0631,-0.041,0.0691,-0.3427
B-BTC_USDT,2026-05-13T04:15:00+00:00,WEAK_HAMMER_SWEEP,LONG,81157.2,NEUTRAL,59.44,-1.71699466,1.737,0.9144,0.0142,0,0,1,1,1,0,1,1,1,1,1,1,1,1,0,1,1,1,1,1,1,1,1,1,1,1,0,1,1,-0.0039,0.0526,-0.1115,-0.1937,0.1187,-0.3822
B-BTC_USDT,2026-05-13T04:25:00+00:00,WEAK_HAMMER_SWEEP,LONG,81175.6,NEUTRAL,61.04,-3.62859847,0.842,0.7522,-0.0435,0,0,0,1,1,0,1,1,0,1,1,1,1,1,0,1,0,0,0,1,1,1,0,0,1,1,0,1,1,-0.027,0.0299,-0.1072,-0.2114,0.096,-0.4048
B-BTC_USDT,2026-05-14T05:00:00+00:00,WEAK_HAMMER_SWEEP,LONG,79419.4,NEUTRAL,57.82,35.78875782,0.755,0.6925,0.2441,0,1,1,1,1,1,1,1,1,1,1,1,0,1,0,0,0,0,1,1,1,0,1,1,1,0,0,1,1,-0.0081,0.2823,0.5388,0.4981,0.6838,-0.1084
B-BTC_USDT,2026-05-14T17:40:00+00:00,WEAK_HAMMER_SWEEP,LONG,81592.3,BULLISH,58.59,-46.21572163,0.292,2.5466,0.2968,1,0,1,0,0,0,1,1,1,1,1,1,1,1,1,0,0,0,0,1,1,0,1,1,1,1,0,1,1,0.0339,0.2546,-0.1283,-0.2152,0.3918,-0.5852
B-BTC_USDT,2026-05-14T21:50:00+00:00,WEAK_HAMMER_SWEEP,LONG,81424.8,BULLISH,54.02,20.43028052,0.512,0.3807,0.0805,1,1,1,1,1,1,1,1,1,1,1,1,1,1,0,0,0,0,0,1,1,1,1,1,1,1,0,1,1,-0.0231,-0.0259,-0.009,-0.2406,0.2444,-0.512
B-BTC_USDT,2026-05-15T03:20:00+00:00,WEAK_HAMMER_SWEEP,LONG,81208.7,BULLISH,52.48,32.81480898,0.19,0.6179,0.1696,1,1,1,1,1,1,1,1,1,1,1,1,0,1,0,0,0,0,0,1,1,0,1,1,1,0,0,1,1,-0.3454,-0.2678,-0.3289,-0.4264,0.0224,-1.1599
B-BTC_USDT,2026-05-15T06:35:00+00:00,WEAK_HAMMER_SWEEP,LONG,80539.9,NEUTRAL,46.75,24.78739506,0.503,0.3391,0.1797,0,1,1,1,1,1,1,1,1,1,1,1,0,0,1,0,0,0,0,1,1,0,1,1,1,1,1,1,1,0.0107,0.0524,0.2674,-0.1054,0.5356,-0.2693
B-BTC_USDT,2026-05-15T07:40:00+00:00,WEAK_HAMMER_SWEEP,LONG,80780.1,NEUTRAL,58.41,39.65775535,0.9,0.6354,0.5291,0,1,1,1,1,1,1,1,1,1,1,1,0,1,0,1,0,0,1,1,1,1,1,0,1,0,0,1,1,0.0033,-0.1062,-0.1706,-0.217,0.0771,-0.5659
B-BTC_USDT,2026-05-15T09:25:00+00:00,WEAK_HAMMER_SWEEP,LONG,80535.3,NEUTRAL,44.33,-12.01050111,1.205,0.3334,-0.332,0,0,0,1,1,1,1,1,1,0,1,0,0,0,1,1,1,1,1,0,1,0,0,0,1,1,1,1,1,-0.1885,-0.1062,-0.0846,-0.6953,0.2418,-0.7044
B-BTC_USDT,2026-05-18T12:15:00+00:00,WEAK_HAMMER_SWEEP,LONG,77412.0,NEUTRAL,74.01,53.36928735,0.874,1.0141,0.1855,0,1,1,1,0,0,0,0,0,0,1,1,1,1,0,1,0,0,1,1,1,1,1,1,1,0,0,1,0,0.1488,0.2873,-0.0428,-1.0752,0.4463,-1.8057
B-BTC_USDT,2026-05-18T22:15:00+00:00,WEAK_HAMMER_SWEEP,LONG,77134.4,NEUTRAL,67.53,5.30890712,1.064,1.3311,0.0412,0,1,1,1,0,0,0,0,0,0,1,1,1,1,1,1,1,0,1,1,1,1,1,1,1,1,0,1,0,-0.0858,-0.2375,-0.1671,-0.5113,0.3244,-0.8856
B-BTC_USDT,2026-05-19T06:35:00+00:00,WEAK_HAMMER_SWEEP,LONG,77017.5,NEUTRAL,63.43,10.96345022,1.213,0.607,0.1339,0,1,1,1,1,1,1,1,0,1,1,1,1,1,1,1,1,1,0,1,1,1,1,1,1,1,0,1,1,-0.003,0.0214,0.195,-0.2062,0.3555,-0.4498
B-BTC_USDT,2026-05-19T10:20:00+00:00,WEAK_HAMMER_SWEEP,LONG,76755.6,NEUTRAL,33.8,-3.89068283,0.524,0.1101,-0.0313,0,0,0,1,1,1,0,0,0,0,1,0,0,0,1,0,0,0,1,0,1,0,0,0,1,0,0,1,0,0.1343,0.1468,0.1031,-0.4405,0.4096,-0.6483
B-BTC_USDT,2026-05-20T06:35:00+00:00,WEAK_HAMMER_SWEEP,LONG,77274.3,NEUTRAL,67.79,-1.81897605,0.441,0.9204,0.1535,0,0,1,1,1,0,0,0,0,0,1,1,1,1,0,0,0,0,0,1,1,0,1,1,1,0,0,1,1,0.0924,0.1109,0.0757,0.3172,0.4723,-0.1346
B-BTC_USDT,2026-05-20T09:15:00+00:00,WEAK_HAMMER_SWEEP,LONG,77397.6,NEUTRAL,55.51,-2.04303598,0.901,0.3884,-0.0915,0,0,0,1,1,1,1,1,1,1,1,1,1,1,0,1,0,0,1,1,1,1,0,0,1,0,0,1,1,0.119,0.0854,0.2048,0.0202,0.4333,-0.1441
B-BTC_USDT,2026-05-20T19:15:00+00:00,WEAK_HAMMER_SWEEP,LONG,77448.0,BULLISH,51.8,-13.09314599,0.84,0.6107,-0.1954,1,0,0,1,1,1,1,1,1,1,1,1,1,0,1,1,0,0,1,0,1,0,0,0,1,1,1,1,1,0.1219,0.2239,0.235,-0.0513,0.3713,-0.3413
B-BTC_USDT,2026-05-21T00:00:00+00:00,WEAK_HAMMER_SWEEP,LONG,77605.3,BULLISH,63.5,25.69785098,4.487,0.5433,0.068,1,1,1,1,1,1,1,1,0,1,1,1,0,1,1,1,1,1,1,1,0,1,1,1,1,1,1,1,1,-0.0068,0.131,0.444,0.6318,0.7019,-0.1213
B-BTC_USDT,2026-05-21T00:40:00+00:00,WEAK_HAMMER_SWEEP,LONG,77700.0,BULLISH,67.59,23.76501133,1.139,0.6645,0.1875,1,1,1,1,1,1,0,0,0,0,1,1,1,1,0,1,1,0,1,1,1,1,1,1,1,0,0,1,1,0.2949,0.5068,0.2013,0.3026,0.5792,-0.0001
B-BTC_USDT,2026-05-21T03:05:00+00:00,WEAK_HAMMER_SWEEP,LONG,77927.9,BULLISH,55.67,-11.5763485,1.114,0.7545,-0.0221,1,0,0,1,1,0,1,1,1,1,1,1,1,1,0,1,1,0,1,1,1,0,0,0,1,0,0,1,0,0.0511,0.0436,0.0282,-0.4508,0.2763,-0.5474
B-BTC_USDT,2026-05-21T06:55:00+00:00,WEAK_HAMMER_SWEEP,LONG,77591.7,NEUTRAL,32.94,-15.99037907,0.877,0.1165,0.019,0,0,1,1,1,1,0,0,0,0,1,0,0,0,1,1,0,0,0,0,1,1,1,1,1,1,0,1,1,-0.0255,-0.0284,0.328,-0.5401,0.7582,-0.5812
B-BTC_USDT,2026-05-21T16:25:00+00:00,WEAK_HAMMER_SWEEP,LONG,77147.0,NEUTRAL,50.14,-1.40260263,0.456,0.5837,0.0936,0,0,1,1,1,1,1,1,1,1,1,0,0,0,0,0,0,0,0,1,1,0,1,1,1,0,0,1,1,-0.152,0.0255,1.0269,0.6669,1.1884,-0.2294
B-BTC_USDT,2026-05-21T16:50:00+00:00,WEAK_HAMMER_SWEEP,LONG,77080.1,NEUTRAL,47.46,-19.0867867,0.652,0.4974,-0.0355,0,0,0,1,1,1,1,1,1,1,1,0,0,0,1,0,0,0,1,0,1,1,0,0,1,1,1,1,1,0.1195,0.9737,1.1653,0.7064,1.2762,-0.013
B-BTC_USDT,2026-05-21T19:15:00+00:00,WEAK_HAMMER_SWEEP,LONG,77565.0,BULLISH,50.77,-38.88514346,0.283,0.7671,-0.4483,1,0,0,1,1,0,1,1,1,1,1,1,1,0,1,0,0,0,0,0,1,0,0,0,1,1,1,1,1,-0.0152,0.0552,0.1565,0.0257,0.2736,-0.1028
B-BTC_USDT,2026-05-22T11:45:00+00:00,WEAK_HAMMER_SWEEP,LONG,77371.2,NEUTRAL,60.41,11.28665653,3.048,0.301,0.1306,0,1,1,1,1,1,1,1,0,1,1,1,0,1,1,1,1,1,1,1,0,1,1,1,1,1,1,1,1,0.0389,0.1612,0.0896,-0.8901,0.2292,-1.0898
B-BTC_USDT,2026-05-23T20:50:00+00:00,WEAK_HAMMER_SWEEP,LONG,76856.5,NEUTRAL,83.97,88.28716806,1.444,1.9819,0.3428,0,1,1,0,0,0,0,0,0,0,1,1,1,1,1,1,1,1,0,1,0,1,1,1,1,1,0,1,1,0.2421,0.1191,-0.1879,-0.08,0.7423,-0.6422
B-BTC_USDT,2026-05-23T23:00:00+00:00,WEAK_HAMMER_SWEEP,LONG,76562.9,NEUTRAL,50.15,-33.83706468,0.746,1.0778,-0.2154,0,0,0,1,0,0,1,1,1,1,1,0,0,0,1,0,0,0,1,0,1,0,0,0,1,0,0,1,1,0.1754,0.1791,0.1353,0.4817,0.4873,-0.0188
B-BTC_USDT,2026-05-23T23:45:00+00:00,WEAK_HAMMER_SWEEP,LONG,76700.1,NEUTRAL,55.63,3.01839727,0.451,1.0918,0.0312,0,1,1,1,0,0,1,1,1,1,1,1,1,1,1,0,0,0,0,1,1,0,1,1,1,1,0,1,1,-0.0438,-0.0471,0.176,0.085,0.369,-0.1346
B-BTC_USDT,2026-05-24T01:30:00+00:00,WEAK_HAMMER_SWEEP,LONG,76885.0,NEUTRAL,63.77,10.18033622,0.594,0.6791,0.0908,0,1,1,1,1,1,1,1,0,1,1,1,1,1,1,0,0,0,1,1,1,1,1,1,1,0,0,1,1,-0.0464,-0.0294,-0.147,-0.2544,0.1276,-0.3318
B-BTC_USDT,2026-05-24T02:50:00+00:00,WEAK_HAMMER_SWEEP,LONG,76809.6,NEUTRAL,52.35,-10.68783539,0.613,0.4016,-0.0149,0,0,0,1,1,1,1,1,1,1,1,1,1,1,1,0,0,0,1,0,1,0,0,0,1,1,0,1,0,0.1605,0.0976,-0.0654,0.2142,0.3,-0.2586
B-BTC_USDT,2026-05-24T15:45:00+00:00,WEAK_HAMMER_SWEEP,LONG,76434.1,NEUTRAL,40.13,19.18564901,0.228,0.359,0.1945,0,1,1,1,1,1,1,1,1,0,1,0,0,0,1,0,0,0,1,1,1,0,1,1,1,1,0,1,1,0.1256,0.2466,0.166,0.3788,0.4486,-0.1522
B-BTC_USDT,2026-05-24T20:25:00+00:00,WEAK_HAMMER_SWEEP,LONG,76649.9,NEUTRAL,49.09,-6.05447682,1.564,0.3262,-0.0078,0,0,0,1,1,1,1,1,1,1,1,0,0,0,0,1,1,1,1,0,1,0,0,0,1,0,0,1,1,0.0033,-0.0141,-0.204,0.6916,0.764,-0.7748
B-BTC_USDT,2026-05-24T21:10:00+00:00,WEAK_HAMMER_SWEEP,LONG,76690.3,NEUTRAL,55.35,1.64419046,0.801,0.2067,0.0359,0,1,1,1,1,1,1,1,1,1,1,1,1,1,1,1,0,0,1,1,1,0,1,1,1,1,1,1,1,-0.2566,-0.7503,0.3333,0.596,0.7349,-0.8271
B-BTC_USDT,2026-05-25T04:05:00+00:00,WEAK_HAMMER_SWEEP,LONG,77018.1,BULLISH,45.24,-7.39055317,0.675,0.1905,-0.0834,1,0,0,1,1,1,1,1,1,1,1,0,0,0,1,0,0,0,1,0,1,0,0,0,1,1,1,1,1,0.0765,0.1261,0.4446,0.4263,0.8563,-0.0884
B-BTC_USDT,2026-05-25T09:20:00+00:00,WEAK_HAMMER_SWEEP,LONG,77471.6,BULLISH,63.42,14.15010758,1.127,0.4334,0.1496,1,1,1,1,1,1,1,1,0,1,1,1,1,1,1,1,1,0,1,1,1,1,1,1,1,1,1,1,1,0.115,0.1708,0.0805,-0.2104,0.2935,-0.2928
B-BTC_USDT,2026-05-25T12:20:00+00:00,WEAK_HAMMER_SWEEP,LONG,77347.2,BULLISH,42.53,-8.50186248,1.814,0.1324,-0.097,1,0,0,1,1,1,1,1,1,0,1,0,0,0,1,1,1,1,1,0,1,0,0,0,1,0,0,1,1,-0.0336,0.0197,-0.0499,0.2643,0.6991,-0.1324
B-BTC_USDT,2026-05-25T14:40:00+00:00,WEAK_HAMMER_SWEEP,LONG,77535.0,BULLISH,66.2,23.460211,1.259,0.3743,0.2977,1,1,1,1,1,1,0,0,0,0,1,1,1,1,0,1,1,1,1,1,1,1,1,1,1,0,0,1,1,0.1824,0.1721,0.115,0.0586,0.4551,-0.0819
B-BTC_USDT,2026-05-25T15:40:00+00:00,WEAK_HAMMER_SWEEP,LONG,77624.2,BULLISH,59.4,-7.83468859,0.325,0.4888,-0.0401,1,0,0,1,1,1,1,1,1,1,1,1,1,1,0,0,0,0,1,1,1,0,0,0,1,0,0,1,0,-0.0477,-0.1936,0.0325,-0.3197,0.207,-0.4009
B-BTC_USDT,2026-05-25T23:30:00+00:00,WEAK_HAMMER_SWEEP,LONG,77292.7,NEUTRAL,53.44,14.7548527,0.453,0.3641,0.1884,0,1,1,1,1,1,1,1,1,1,1,1,0,1,1,0,0,0,1,1,1,0,1,1,1,1,1,1,1,-0.0035,-0.0907,-0.2646,-0.8573,0.0586,-1.111
B-BTC_USDT,2026-05-25T23:50:00+00:00,WEAK_HAMMER_SWEEP,LONG,77304.9,NEUTRAL,54.13,16.88473913,0.557,0.3798,0.2042,0,1,1,1,1,1,1,1,1,1,1,1,0,1,0,0,0,0,0,1,1,0,1,1,1,1,0,1,1,-0.1345,-0.2636,-0.8014,-0.8699,0.0428,-1.1266
B-BTC_USDT,2026-05-26T01:40:00+00:00,WEAK_HAMMER_SWEEP,LONG,76636.7,NEUTRAL,30.58,-10.0090761,0.708,0.1365,-0.0475,0,0,0,1,1,1,0,0,0,0,1,0,0,0,1,0,0,0,1,0,1,0,0,0,1,0,0,1,1,0.1058,0.1279,-0.095,0.3183,0.4088,-0.2645
B-BTC_USDT,2026-05-26T05:30:00+00:00,WEAK_HAMMER_SWEEP,LONG,76867.4,NEUTRAL,72.84,18.63178748,0.728,0.5638,0.3204,0,1,1,1,1,1,0,0,0,0,1,1,0,1,1,0,0,0,1,1,1,1,1,1,1,1,1,1,1,-0.0224,-0.0422,-0.0533,-0.2336,0.2322,-0.4039
B-BTC_USDT,2026-05-26T08:25:00+00:00,WEAK_HAMMER_SWEEP,LONG,76770.2,NEUTRAL,54.35,12.4802696,0.904,0.2778,0.1986,0,1,1,1,1,1,1,1,1,1,1,1,0,1,1,1,0,0,1,1,1,0,1,1,1,1,0,1,1,0.0315,-0.1072,-0.0894,0.2889,1.0809,-0.2949
B-BTC_USDT,2026-05-26T11:45:00+00:00,WEAK_HAMMER_SWEEP,LONG,77228.0,BULLISH,57.77,-30.63833004,0.336,0.8859,0.0312,1,0,1,1,1,0,1,1,1,1,1,1,1,1,1,0,0,0,1,0,1,0,1,1,1,1,1,1,1,-0.0509,-0.2547,-0.2104,-1.0522,1.0995,-1.2002
B-BTC_USDT,2026-05-26T12:50:00+00:00,WEAK_HAMMER_SWEEP,LONG,77079.9,BULLISH,50.35,-15.54588341,0.534,0.6955,0.1123,1,0,1,1,1,1,1,1,1,1,1,0,0,0,1,0,0,0,0,0,1,0,1,1,1,0,0,1,1,-0.0689,-0.3072,0.0848,-0.7669,1.2937,-1.1792
B-BTC_USDT,2026-05-29T05:15:00+00:00,WEAK_HAMMER_SWEEP,LONG,73574.5,NEUTRAL,66.28,36.82252763,0.751,0.565,0.2651,0,1,1,1,1,1,0,0,0,0,1,1,0,1,0,0,0,0,0,1,1,1,1,1,1,0,0,1,1,-0.1339,0.0892,0.2302,0.3406,0.4541,-0.3282
B-BTC_USDT,2026-05-30T01:15:00+00:00,WEAK_HAMMER_SWEEP,LONG,73569.3,NEUTRAL,64.19,15.23193187,0.747,0.3942,0.3247,0,1,1,1,1,1,1,1,0,1,1,1,0,1,1,0,0,0,0,1,0,0,1,1,1,1,1,1,1,0.0317,0.0405,0.0798,-0.0923,0.2564,-0.597
B-BTC_USDT,2026-05-30T01:30:00+00:00,WEAK_HAMMER_SWEEP,LONG,73592.6,NEUTRAL,66.45,15.74253649,1.443,0.4257,0.1585,0,1,1,1,1,1,0,0,0,0,1,1,1,1,0,1,1,1,1,1,1,1,1,1,1,0,0,1,0,0.0088,0.0959,0.1109,-0.1109,0.2246,-0.6285
B-BTC_USDT,2026-05-30T09:00:00+00:00,WEAK_HAMMER_SWEEP,LONG,73502.9,NEUTRAL,48.67,-0.73319982,1.166,0.2633,0.0243,0,0,1,1,1,1,1,1,1,1,1,0,0,0,1,1,1,0,0,0,1,0,1,1,1,1,0,1,1,-0.0082,0.0282,0.1049,0.2487,0.2858,-0.0351
B-BTC_USDT,2026-05-30T10:00:00+00:00,WEAK_HAMMER_SWEEP,LONG,73580.0,NEUTRAL,64.85,8.66597207,0.975,0.1789,0.0874,0,1,1,1,1,1,1,1,0,1,1,1,1,1,1,1,0,0,0,1,0,1,1,1,1,0,0,1,0,0.0661,0.0198,0.0342,0.4123,0.4186,-0.0692
B-BTC_USDT,2026-05-31T03:10:00+00:00,WEAK_HAMMER_SWEEP,LONG,74126.9,BULLISH,58.95,5.45591119,0.58,0.5085,-0.0136,1,1,0,1,1,1,1,1,1,1,1,1,1,1,1,0,0,0,1,1,1,0,0,0,1,1,1,1,1,0.0691,0.0148,-0.0634,-0.26,0.0986,-0.2799
B-BTC_USDT,2026-05-31T09:45:00+00:00,WEAK_HAMMER_SWEEP,LONG,73970.9,NEUTRAL,57.95,13.50349732,1.122,0.2402,0.1161,0,1,1,1,1,1,1,1,1,1,1,1,0,1,1,1,1,0,0,1,1,1,1,1,1,1,1,1,1,-0.2031,-0.2613,-0.211,-0.1901,0.0364,-0.3649
B-BTC_USDT,2026-05-31T10:40:00+00:00,WEAK_HAMMER_SWEEP,LONG,73812.0,NEUTRAL,43.83,-4.93501783,0.59,0.1504,-0.0211,0,0,0,1,1,1,1,1,1,0,1,0,0,0,1,0,0,0,0,0,1,1,0,0,1,0,0,1,1,0.0806,0.0921,0.1546,-0.3174,0.2517,-0.5744
B-BTC_USDT,2026-05-31T15:30:00+00:00,WEAK_HAMMER_SWEEP,LONG,73709.9,NEUTRAL,50.33,19.34214616,0.26,0.4367,0.1924,0,1,1,1,1,1,1,1,1,1,1,1,0,1,1,0,0,0,0,1,1,0,1,1,1,0,0,1,1,-0.1418,-0.0753,-0.4206,-0.3668,0.011,-0.5009
B-BTC_USDT,2026-06-01T02:55:00+00:00,WEAK_HAMMER_SWEEP,LONG,73766.3,NEUTRAL,59.66,48.82442289,0.495,0.807,0.0516,0,1,1,1,1,0,1,1,1,1,1,1,0,1,1,0,0,0,0,1,1,1,1,1,1,0,0,1,0,0.1133,0.1646,-0.0474,-0.8943,0.3152,-1.1513
B-BTC_USDT,2026-06-07T01:15:00+00:00,WEAK_HAMMER_SWEEP,LONG,61487.9,NEUTRAL,76.44,62.3670567,4.742,1.7856,0.0917,0,1,1,0,0,0,0,0,0,0,1,1,1,1,1,1,1,1,1,1,0,1,1,1,1,1,1,1,0,0.0546,-0.081,-0.355,0.7514,1.0475,-0.5495
B-BTC_USDT,2026-06-07T05:10:00+00:00,WEAK_HAMMER_SWEEP,LONG,61847.1,NEUTRAL,65.11,10.96798852,1.983,1.1271,0.3021,0,1,1,1,0,0,0,0,0,0,1,1,1,1,1,1,1,1,1,1,1,1,1,1,1,1,0,0,0,-0.2272,-0.021,-0.3297,1.5404,1.771,-0.4424
B-BTC_USDT,2026-06-07T10:20:00+00:00,WEAK_HAMMER_SWEEP,LONG,62514.6,NEUTRAL,52.74,-39.08714081,0.484,1.2343,-0.3293,0,0,0,1,0,0,1,1,1,1,1,1,1,0,1,0,0,0,1,0,1,1,0,0,1,1,1,1,1,-0.2867,-0.2443,0.0054,-0.7929,0.3446,-1.6084
B-BTC_USDT,2026-06-07T10:45:00+00:00,WEAK_HAMMER_SWEEP,LONG,62379.1,NEUTRAL,45.39,-28.34287043,1.018,0.6863,-0.6871,0,0,0,1,1,1,1,1,1,1,1,0,0,0,1,1,1,0,1,0,1,0,0,0,1,1,0,1,1,-0.0548,0.0834,0.5497,-0.9829,0.5625,-1.3947
B-BTC_USDT,2026-06-07T17:40:00+00:00,WEAK_HAMMER_SWEEP,LONG,62238.2,BULLISH,57.94,-3.43783835,1.219,0.961,0.0071,1,0,1,1,1,0,1,1,1,1,1,1,1,1,0,1,1,1,1,1,1,0,1,1,1,0,0,0,0,-0.1745,0.014,-0.1048,-0.8967,0.0466,-1.7481
B-BTC_USDT,2026-06-07T20:00:00+00:00,WEAK_HAMMER_SWEEP,LONG,61469.1,BULLISH,41.73,-14.39702528,0.898,0.5188,0.1101,1,0,1,1,1,1,1,1,1,0,1,0,0,0,1,1,0,0,1,0,1,0,1,1,1,1,1,1,1,0.1477,0.5043,0.3535,2.921,4.5241,-0.0709
B-BTC_USDT,2026-06-07T20:15:00+00:00,WEAK_HAMMER_SWEEP,LONG,61559.9,BULLISH,45.68,31.98983841,0.383,0.6655,0.2584,1,1,1,1,1,1,1,1,1,1,1,0,0,0,1,0,0,0,0,0,1,0,1,1,1,0,0,1,1,0.3561,0.4183,0.4357,2.5932,4.3699,-0.0026
B-BTC_USDT,2026-06-07T22:30:00+00:00,WEAK_HAMMER_SWEEP,LONG,63019.1,BULLISH,67.19,142.80601792,0.777,2.9656,-0.7985,1,1,0,0,0,0,0,0,0,0,1,1,1,1,0,0,0,0,1,1,1,1,0,0,1,0,0,1,1,0.2012,-0.3107,0.2791,-0.1011,1.3177,-0.5432
B-BTC_USDT,2026-06-08T02:45:00+00:00,WEAK_HAMMER_SWEEP,LONG,63039.4,BULLISH,48.38,-6.31823766,0.442,0.5752,0.0128,1,0,1,1,1,1,1,1,1,1,1,0,0,0,1,0,0,0,0,1,1,0,1,1,1,0,0,1,1,-0.0839,0.2364,0.0538,-0.1318,0.6326,-1.0508
B-BTC_USDT,2026-06-08T19:15:00+00:00,WEAK_HAMMER_SWEEP,LONG,63436.6,BULLISH,46.48,1.71210939,1.213,0.3578,-0.1909,1,1,0,1,1,1,1,1,1,1,1,0,0,0,1,1,1,1,1,0,1,0,0,0,1,1,0,1,1,0.1174,0.0768,-0.3693,-0.5122,0.6241,-0.6094
B-BTC_USDT,2026-06-09T01:15:00+00:00,WEAK_HAMMER_SWEEP,LONG,62631.2,NEUTRAL,37.44,7.66607918,0.626,0.3992,-0.0246,0,1,0,1,1,1,1,0,0,0,1,0,0,0,1,0,0,0,1,0,1,0,0,0,1,0,0,0,0,0.3297,0.1485,-0.1011,1.0608,1.2307,-0.1986
B-BTC_USDT,2026-06-09T06:00:00+00:00,WEAK_HAMMER_SWEEP,LONG,63330.6,BULLISH,57.41,-10.45081231,0.731,1.3008,0.0734,1,0,1,1,0,0,1,1,1,1,1,1,1,1,0,0,0,0,1,1,1,0,1,1,1,0,0,1,1,0.1031,0.0276,0.0174,-0.943,0.2471,-1.2239
B-BTC_USDT,2026-06-09T12:10:00+00:00,WEAK_HAMMER_SWEEP,LONG,62803.4,NEUTRAL,59.46,36.25734055,0.664,0.5508,0.2736,0,1,1,1,1,1,1,1,1,1,1,1,0,1,1,0,0,0,0,1,1,1,1,1,1,0,0,1,1,-0.2887,-0.5043,-0.4374,-2.9076,0.0232,-3.0167
B-BTC_USDT,2026-06-10T15:15:00+00:00,WEAK_HAMMER_SWEEP,LONG,62072.1,NEUTRAL,56.28,-29.10199873,0.752,1.9764,0.1102,0,0,1,0,0,0,1,1,1,1,1,1,1,1,1,0,0,0,1,1,1,0,1,1,1,1,1,1,1,0.3293,0.3169,0.3483,-0.6114,1.2374,-0.8379
B-BTC_USDT,2026-06-10T18:50:00+00:00,WEAK_HAMMER_SWEEP,LONG,61805.0,NEUTRAL,43.63,-10.16319492,2.065,0.3058,0.1262,0,0,1,1,1,1,1,1,1,0,1,0,0,0,1,1,1,1,1,0,1,0,1,1,1,0,0,1,1,0.1466,-0.127,0.1977,-0.6237,0.377,-1.1915
B-BTC_USDT,2026-06-11T01:30:00+00:00,WEAK_HAMMER_SWEEP,LONG,62151.3,NEUTRAL,69.41,29.78753005,0.635,1.742,0.4891,0,1,1,0,0,0,0,0,0,0,1,1,1,1,0,0,0,0,0,1,1,0,1,1,1,0,0,1,0,0.1456,0.1438,-0.3324,0.7424,1.24,-0.3858
B-BTC_USDT,2026-06-11T01:35:00+00:00,WEAK_HAMMER_SWEEP,LONG,62236.5,NEUTRAL,72.17,30.25845274,0.952,1.8766,0.6511,0,1,1,0,0,0,0,0,0,0,1,1,1,1,1,1,0,0,1,1,1,0,1,0,1,1,1,1,1,-0.0782,-0.1536,-0.3483,0.5808,1.1014,-0.5222
B-BTC_USDT,2026-06-11T01:45:00+00:00,WEAK_HAMMER_SWEEP,LONG,62241.8,NEUTRAL,71.95,23.34631768,0.657,1.8849,0.6645,0,1,1,0,0,0,0,0,0,0,1,1,1,1,0,0,0,0,0,1,1,0,1,0,1,0,0,1,0,-0.0018,0.0304,-0.4208,0.6112,1.0928,-0.5307
B-BTC_USDT,2026-06-11T04:10:00+00:00,WEAK_HAMMER_SWEEP,LONG,62635.8,NEUTRAL,71.7,42.21034199,0.925,1.7172,-0.0938,0,1,0,0,0,0,0,0,0,0,1,1,1,1,0,1,0,0,1,1,1,1,0,0,1,0,0,1,0,-0.0728,0.0056,-0.0629,0.262,0.5709,-0.2042
B-BTC_USDT,2026-06-11T16:30:00+00:00,WEAK_HAMMER_SWEEP,LONG,62665.9,NEUTRAL,46.32,2.00123411,1.351,0.3353,0.035,0,1,1,1,1,1,1,1,1,1,1,0,0,0,1,1,1,1,1,0,1,0,1,1,1,1,0,1,1,-0.1101,-0.4147,0.9295,1.1051,1.9937,-0.56
B-BTC_USDT,2026-06-11T17:25:00+00:00,WEAK_HAMMER_SWEEP,LONG,62981.1,BULLISH,63.36,18.12801463,5.51,1.0468,0.3507,1,1,1,1,0,0,1,1,0,1,1,1,0,0,1,1,1,1,1,1,0,1,1,1,1,1,1,1,1,0.5102,1.0052,0.6072,0.7442,1.4833,-0.0524
B-BTC_USDT,2026-06-11T19:50:00+00:00,WEAK_HAMMER_SWEEP,LONG,63671.5,BULLISH,62.27,-8.9258228,0.697,2.1305,0.1383,1,0,1,0,0,0,1,1,0,1,1,1,1,1,0,0,0,0,1,1,1,1,1,1,1,1,0,1,1,-0.2064,-0.3473,-0.4734,-0.1088,0.0641,-0.6843
B-BTC_USDT,2026-06-12T05:45:00+00:00,WEAK_HAMMER_SWEEP,LONG,63372.2,BULLISH,36.71,-30.14551686,0.637,0.106,-0.1273,1,0,0,1,1,1,1,0,0,0,1,0,0,0,1,0,0,0,0,0,1,1,0,0,1,0,0,1,1,-0.0032,-0.3576,-0.6616,0.6833,0.88,-0.9029
B-BTC_USDT,2026-06-12T19:15:00+00:00,WEAK_HAMMER_SWEEP,LONG,63718.6,BULLISH,46.35,-7.46480238,1.079,0.3784,-0.1447,1,0,0,1,1,1,1,1,1,1,1,0,0,0,1,1,1,0,1,0,1,0,0,0,1,1,0,1,1,-0.1568,-0.1579,-0.3289,-0.4795,0.1133,-0.5749
B-BTC_USDT,2026-06-12T22:40:00+00:00,WEAK_HAMMER_SWEEP,LONG,63481.5,NEUTRAL,46.21,3.71214813,0.63,0.2035,-0.0289,0,1,0,1,1,1,1,1,1,1,1,0,0,0,0,0,0,0,0,0,1,0,0,0,1,1,1,1,1,0.002,-0.0652,-0.0071,0.1723,0.5465,-0.1374
B-BTC_USDT,2026-06-13T00:50:00+00:00,WEAK_HAMMER_SWEEP,LONG,63573.5,BULLISH,57.25,6.81826836,1.036,0.3479,0.0473,1,1,1,1,1,1,1,1,1,1,1,1,0,1,0,1,1,0,1,1,1,0,1,1,1,1,0,1,1,0.0989,0.0208,0.3214,0.0164,0.401,-0.3358
B-BTC_USDT,2026-06-13T01:55:00+00:00,WEAK_HAMMER_SWEEP,LONG,63801.0,BULLISH,74.36,19.91078872,0.826,0.6375,0.4092,1,1,1,1,1,1,0,0,0,0,1,1,1,1,1,1,0,0,0,1,0,1,1,1,1,1,1,1,1,-0.0608,-0.182,-0.2962,-0.3857,0.0092,-0.6912
B-BTC_USDT,2026-06-13T07:15:00+00:00,WEAK_HAMMER_SWEEP,LONG,63700.0,BULLISH,64.42,8.15015776,0.851,0.5338,0.2556,1,1,1,1,1,1,1,1,0,1,1,1,1,1,0,1,0,0,0,1,1,1,1,1,1,0,0,1,1,0.0295,0.1317,0.1699,0.3706,0.3923,-0.0265
B-BTC_USDT,2026-06-13T18:20:00+00:00,WEAK_HAMMER_SWEEP,LONG,64089.4,BULLISH,56.41,12.30338314,0.857,0.3534,0.195,1,1,1,1,1,1,1,1,1,1,1,1,0,1,1,1,0,0,1,1,1,1,1,1,1,1,1,1,1,0.2052,0.0,0.1022,0.4921,1.012,-0.1192
B-BTC_USDT,2026-06-14T13:10:00+00:00,WEAK_HAMMER_SWEEP,LONG,64330.0,NEUTRAL,39.09,-11.53612422,1.25,0.1152,0.0177,0,0,1,1,1,1,1,0,0,0,1,0,0,0,1,1,1,1,1,0,1,0,1,1,1,1,1,1,1,-0.1348,-0.002,-0.0846,-0.6187,0.0606,-0.7772
B-BTC_USDT,2026-06-14T17:00:00+00:00,WEAK_HAMMER_SWEEP,LONG,63980.0,NEUTRAL,43.3,-7.37845503,1.642,0.2344,-0.0527,0,0,0,1,1,1,1,1,1,0,1,0,0,0,1,1,1,1,1,0,1,1,0,0,1,1,1,1,1,-0.0832,-0.1049,-0.349,0.0152,0.1407,-0.5158
B-BTC_USDT,2026-06-15T02:00:00+00:00,WEAK_HAMMER_SWEEP,LONG,65506.8,BULLISH,50.63,-10.22032813,0.827,0.8985,0.1429,1,0,1,1,1,0,1,1,1,1,1,0,0,0,0,1,0,0,1,0,1,0,1,1,1,0,0,1,1,0.2384,0.0644,0.0276,0.5077,0.748,-0.1881
B-BTC_USDT,2026-06-15T10:35:00+00:00,WEAK_HAMMER_SWEEP,LONG,65685.5,BULLISH,53.58,16.6418245,0.511,0.3296,0.0678,1,1,1,1,1,1,1,1,1,1,1,1,0,1,0,0,0,0,1,1,1,1,1,1,1,0,0,0,0,0.1847,0.3937,0.7448,1.1614,1.8721,-0.005
B-BTC_USDT,2026-06-16T15:25:00+00:00,WEAK_HAMMER_SWEEP,LONG,65789.6,NEUTRAL,45.49,35.64314794,0.345,0.7004,0.2513,0,1,1,1,1,1,1,1,1,1,1,0,0,0,1,0,0,0,0,1,1,0,1,1,1,1,0,1,1,0.038,0.0793,-0.0388,-0.1687,0.6939,-0.3961
B-BTC_USDT,2026-06-16T17:20:00+00:00,WEAK_HAMMER_SWEEP,LONG,65782.4,NEUTRAL,49.77,9.13860827,0.82,0.6895,-0.1473,0,1,0,1,1,1,1,1,1,1,1,1,0,1,1,1,0,0,1,1,1,0,0,0,1,0,0,1,1,-0.1175,0.2029,0.1544,-0.0894,0.7049,-0.3852
B-BTC_USDT,2026-06-16T17:55:00+00:00,WEAK_HAMMER_SWEEP,LONG,65946.2,NEUTRAL,60.78,27.0157479,1.9,0.9362,0.3039,0,1,1,1,1,0,1,1,0,1,1,1,0,1,1,1,1,1,0,1,0,1,1,1,1,1,0,1,1,0.241,-0.092,-0.1877,-0.3109,0.4548,-0.6326
B-BTC_USDT,2026-06-19T14:00:00+00:00,WEAK_HAMMER_SWEEP,LONG,63193.1,NEUTRAL,69.16,47.97088906,0.549,1.3892,-0.1269,0,1,0,1,0,0,0,0,0,0,1,1,1,1,0,0,0,0,0,1,1,1,0,0,1,0,0,1,0,-0.2584,0.0413,-0.1714,-0.1158,0.3247,-0.5641
B-BTC_USDT,2026-06-19T22:05:00+00:00,WEAK_HAMMER_SWEEP,LONG,63062.8,NEUTRAL,47.11,-13.5184277,0.777,0.2464,-0.1595,0,0,0,1,1,1,1,1,1,1,1,0,0,0,1,0,0,0,0,0,1,0,0,0,1,0,0,1,1,0.3016,0.2924,0.3129,0.644,1.1011,-0.0563
B-BTC_USDT,2026-06-20T00:10:00+00:00,WEAK_HAMMER_SWEEP,LONG,63493.8,NEUTRAL,74.96,17.24469671,0.923,0.8939,0.0123,0,1,1,1,1,0,0,0,0,0,1,1,1,1,1,1,0,0,0,1,1,1,1,1,1,0,0,1,1,0.152,0.1288,-0.1128,-0.149,0.4148,-0.3312
B-BTC_USDT,2026-06-20T00:50:00+00:00,WEAK_HAMMER_SWEEP,LONG,63578.7,NEUTRAL,62.69,5.58868158,1.083,0.8865,0.1383,0,1,1,1,1,0,1,1,0,1,1,1,1,1,0,1,1,0,1,1,1,0,1,1,1,0,0,1,1,-0.2561,-0.2496,-0.0374,-0.0639,0.0244,-0.4643
B-BTC_USDT,2026-06-20T03:45:00+00:00,WEAK_HAMMER_SWEEP,LONG,63466.2,NEUTRAL,56.81,14.20543211,0.43,0.3148,0.2342,0,1,1,1,1,1,1,1,1,1,1,1,1,1,1,0,0,0,0,1,1,0,1,1,1,1,0,1,1,-0.1046,0.0112,0.1457,0.3674,0.6741,-0.1554
B-BTC_USDT,2026-06-20T10:00:00+00:00,WEAK_HAMMER_SWEEP,LONG,63708.6,NEUTRAL,66.3,31.86759869,1.188,0.5472,0.4073,0,1,1,1,1,1,0,0,0,0,1,1,1,1,0,1,1,0,1,1,1,1,1,1,1,0,0,1,0,-0.0852,-0.1504,-0.1216,-0.6129,0.0964,-0.7324
B-BTC_USDT,2026-06-20T11:20:00+00:00,WEAK_HAMMER_SWEEP,LONG,63686.5,NEUTRAL,61.35,1.18347695,1.308,0.5127,0.0717,0,1,1,1,1,1,1,1,0,1,1,1,1,1,1,1,1,1,1,1,1,1,1,1,1,1,1,1,0,-0.0245,-0.0491,0.0482,0.798,1.0746,-0.8641
B-BTC_USDT,2026-06-20T16:55:00+00:00,WEAK_HAMMER_SWEEP,LONG,63999.9,BULLISH,54.63,-24.98176254,0.309,1.3495,-0.2504,1,0,0,1,0,0,1,1,1,1,1,1,1,1,1,0,0,0,1,0,1,0,0,0,1,0,0,1,1,-0.1156,-0.0578,-0.2956,-0.157,0.0236,-0.5281
B-BTC_USDT,2026-06-21T00:45:00+00:00,WEAK_HAMMER_SWEEP,LONG,64279.9,BULLISH,62.1,-7.61044099,1.41,0.6777,0.062,1,0,1,1,1,1,1,1,0,1,1,1,1,1,1,1,1,1,1,1,1,1,1,1,1,1,0,1,1,-0.0302,-0.086,-0.0776,0.2338,0.4482,-0.1259
B-BTC_USDT,2026-06-21T07:40:00+00:00,WEAK_HAMMER_SWEEP,LONG,64222.8,BULLISH,47.52,-0.23508409,1.094,0.1239,0.1057,1,0,1,1,1,1,1,1,1,1,1,0,0,0,1,1,1,0,1,0,1,0,1,1,1,1,0,1,1,-0.0821,-0.1937,-0.4092,0.0615,0.3589,-0.5473
B-BTC_USDT,2026-06-21T10:15:00+00:00,WEAK_HAMMER_SWEEP,LONG,64260.0,BULLISH,66.83,31.32284057,0.684,0.6049,0.4387,1,1,1,1,1,1,0,0,0,0,1,1,0,1,0,0,0,0,0,1,1,1,1,1,1,0,0,1,1,0.0486,0.1819,-0.1211,-0.3878,0.3008,-0.5353
B-BTC_USDT,2026-06-21T18:50:00+00:00,WEAK_HAMMER_SWEEP,LONG,64169.7,BULLISH,57.83,17.92580871,1.021,0.4088,0.2506,1,1,1,1,1,1,1,1,1,1,1,1,0,1,1,1,1,0,1,1,1,0,1,1,1,0,0,1,1,-0.0318,0.0514,0.0449,-0.5993,0.1795,-1.0821
B-BTC_USDT,2026-06-22T11:20:00+00:00,WEAK_HAMMER_SWEEP,LONG,64319.1,BULLISH,62.16,21.44045092,1.26,0.473,0.0568,1,1,1,1,1,1,1,1,0,1,1,1,1,1,1,1,1,1,0,1,0,1,1,1,1,1,1,1,1,0.4636,0.4854,0.9321,1.0582,1.9871,-0.0944
B-BTC_USDT,2026-06-22T12:00:00+00:00,WEAK_HAMMER_SWEEP,LONG,64736.6,BULLISH,71.74,43.59503114,5.077,1.1148,0.0045,1,1,1,1,0,0,0,0,0,0,1,1,1,1,0,1,1,1,1,1,1,1,1,1,1,1,0,1,0,-0.0507,0.2801,0.5631,-0.0392,1.3294,-0.1171
B-BTC_USDT,2026-06-22T23:00:00+00:00,WEAK_HAMMER_SWEEP,LONG,63963.5,NEUTRAL,37.89,-17.70297768,1.353,0.3208,-0.1095,0,0,0,1,1,1,1,0,0,0,1,0,0,0,1,1,1,1,1,0,1,1,0,0,1,0,0,1,1,-0.1352,-0.0025,0.0482,0.0525,0.4435,-0.2506
B-BTC_USDT,2026-06-24T00:30:00+00:00,WEAK_HAMMER_SWEEP,LONG,62823.4,NEUTRAL,65.88,15.78495418,1.185,0.7628,0.0429,0,1,1,1,1,0,0,0,0,0,1,1,1,1,0,1,1,0,1,1,1,1,1,1,1,0,0,1,1,0.2173,0.0852,0.365,-0.2555,0.4258,-0.6695
B-BTC_USDT,2026-06-24T00:55:00+00:00,WEAK_HAMMER_SWEEP,LONG,62982.1,NEUTRAL,70.28,16.52551036,0.884,0.9596,0.2918,0,1,1,1,1,0,0,0,0,0,1,1,1,1,0,1,0,0,1,1,1,0,1,1,1,1,0,1,1,-0.051,-0.1572,-0.1231,-0.4152,0.1727,-0.9198
B-BTC_USDT,2026-06-24T08:30:00+00:00,WEAK_HAMMER_SWEEP,LONG,62743.8,NEUTRAL,55.45,10.09242297,1.571,0.2928,0.1977,0,1,1,1,1,1,1,1,1,1,1,1,0,1,1,1,1,1,1,1,1,0,1,1,1,1,1,1,1,-0.0346,-0.0355,-0.1222,0.1119,0.7424,-0.7518
B-BTC_USDT,2026-06-24T11:20:00+00:00,WEAK_HAMMER_SWEEP,LONG,62390.0,NEUTRAL,36.95,-15.3168003,0.866,0.189,0.07,0,0,1,1,1,1,1,0,0,0,1,0,0,0,1,1,0,0,0,0,1,1,1,1,1,1,1,1,1,0.3441,0.8182,0.5736,-2.3534,1.3137,-2.5243
B-BTC_USDT,2026-06-25T07:05:00+00:00,WEAK_HAMMER_SWEEP,LONG,61725.1,NEUTRAL,67.97,-20.18470772,1.238,1.745,0.1648,0,0,1,0,0,0,0,0,0,0,1,1,1,1,0,1,1,1,1,1,1,1,1,1,1,0,0,1,1,0.1283,0.2503,0.0804,-1.103,0.3337,-1.1205
B-BTC_USDT,2026-06-26T07:35:00+00:00,WEAK_HAMMER_SWEEP,LONG,60722.2,NEUTRAL,75.2,33.67369883,1.378,2.5763,0.7333,0,1,1,0,0,0,0,0,0,0,1,1,1,1,1,1,1,1,0,1,1,1,1,0,1,1,1,1,1,-0.2852,-0.814,-0.8573,-2.1208,0.0012,-2.4897
B-BTC_USDT,2026-06-26T23:00:00+00:00,WEAK_HAMMER_SWEEP,LONG,60054.1,NEUTRAL,63.73,15.63244278,2.595,0.8294,0.2454,0,1,1,1,1,0,1,1,0,1,1,1,1,1,1,1,1,1,1,1,0,1,1,1,1,1,1,1,0,-0.1469,-0.1399,0.0388,0.3157,0.5557,-0.3462
B-BTC_USDT,2026-06-27T01:15:00+00:00,WEAK_HAMMER_SWEEP,LONG,59970.4,NEUTRAL,48.58,-11.78066052,0.381,0.5199,-0.2341,0,0,0,1,1,1,1,1,1,1,1,0,0,0,1,0,0,0,0,0,1,1,0,0,1,1,1,1,1,-0.0235,-0.0507,0.2576,0.4487,0.8367,-0.1362
B-BTC_USDT,2026-06-27T02:30:00+00:00,WEAK_HAMMER_SWEEP,LONG,60285.0,NEUTRAL,76.66,38.40189688,2.169,0.7478,-0.0076,0,1,0,1,1,1,0,0,0,0,1,1,1,1,1,1,1,1,0,1,0,1,0,0,1,0,0,1,1,-0.0584,-0.0685,0.0521,-0.0075,0.3105,-0.3492
B-BTC_USDT,2026-06-27T20:35:00+00:00,WEAK_HAMMER_SWEEP,LONG,60247.0,NEUTRAL,39.91,12.9721422,0.305,0.327,0.0866,0,1,1,1,1,1,1,0,0,0,1,0,0,0,1,0,0,0,1,0,1,0,1,1,1,1,0,1,1,-0.005,0.1379,0.0591,-0.1881,0.3698,-0.7091
B-BTC_USDT,2026-06-29T04:20:00+00:00,WEAK_HAMMER_SWEEP,LONG,59921.0,NEUTRAL,55.56,-27.31833174,0.366,1.7874,-0.2166,0,0,0,0,0,0,1,1,1,1,1,1,1,1,0,0,0,0,1,0,1,0,0,0,1,0,0,1,1,-0.2056,-0.1035,-0.4761,-0.0416,0.6742,-0.9357
B-BTC_USDT,2026-06-29T21:05:00+00:00,WEAK_HAMMER_SWEEP,LONG,60293.7,BULLISH,46.17,-23.39081824,0.69,0.2758,-0.1743,1,0,0,1,1,1,1,1,1,1,1,0,0,0,1,0,0,0,1,0,1,1,0,0,1,1,0,1,0,-0.026,0.2543,0.2093,-0.8792,0.451,-1.0386
B-BTC_USDT,2026-06-29T22:10:00+00:00,WEAK_HAMMER_SWEEP,LONG,60426.0,BULLISH,53.11,4.80159628,1.354,0.4942,0.0035,1,1,1,1,1,1,1,1,1,1,1,1,1,1,0,1,1,1,1,1,1,0,1,1,1,0,0,1,1,-0.0189,-0.1092,-0.182,-1.1002,0.1112,-1.2553
B-BTC_USDT,2026-07-01T17:30:00+00:00,WEAK_HAMMER_SWEEP,LONG,60127.8,NEUTRAL,59.66,-6.16554631,0.776,2.5892,0.0547,0,0,1,0,0,0,1,1,1,1,1,1,1,1,1,0,0,0,0,1,1,1,1,1,1,0,0,1,0,0.0371,0.1066,0.0685,0.9352,0.9516,-0.4712
B-BTC_USDT,2026-07-01T18:00:00+00:00,WEAK_HAMMER_SWEEP,LONG,60191.9,BULLISH,61.67,5.15380753,0.678,1.5816,0.0534,1,1,1,0,0,0,1,1,0,1,1,1,1,1,1,0,0,0,1,1,1,1,1,1,1,1,0,1,1,-0.0444,-0.038,0.0583,1.0101,1.0565,-0.5772
B-BTC_USDT,2026-07-01T18:30:00+00:00,WEAK_HAMMER_SWEEP,LONG,60169.0,BULLISH,57.53,-7.26147421,0.681,1.29,0.0129,1,0,1,1,0,0,1,1,1,1,1,1,1,1,1,0,0,0,1,1,1,0,1,1,1,1,1,1,1,0.0804,0.0964,0.1182,0.5117,1.9163,-0.5393
B-BTC_USDT,2026-07-01T18:45:00+00:00,WEAK_HAMMER_SWEEP,LONG,60217.4,BULLISH,60.12,-0.18174137,0.986,1.3694,0.0903,1,0,1,1,0,0,1,1,0,1,1,1,1,1,1,1,0,0,1,1,1,0,1,1,1,0,0,1,1,0.0159,0.0566,-0.1755,0.3451,1.8344,-0.6193
B-BTC_USDT,2026-07-01T20:30:00+00:00,WEAK_HAMMER_SWEEP,LONG,59983.8,BULLISH,45.06,-21.96537135,0.714,0.3688,-0.073,1,0,0,1,1,1,1,1,1,1,1,0,0,0,1,0,0,0,1,0,1,1,0,0,1,1,0,0,0,0.2587,0.2997,1.1775,-0.5465,2.2309,-0.5565
B-BTC_USDT,2026-07-01T21:40:00+00:00,WEAK_HAMMER_SWEEP,LONG,60788.8,BULLISH,75.83,72.4685185,1.621,1.5534,0.2194,1,1,1,0,0,0,0,0,0,0,1,1,1,1,1,1,1,1,0,1,1,1,1,1,1,1,1,1,1,0.0183,0.0183,-0.5261,-1.0226,0.8771,-2.0297
B-BTC_USDT,2026-07-02T07:45:00+00:00,WEAK_HAMMER_SWEEP,LONG,60165.6,BULLISH,36.41,-6.95370337,0.744,0.1258,0.0732,1,0,1,1,1,1,1,0,0,0,1,0,0,0,1,0,0,0,0,0,1,1,1,1,1,1,1,1,1,0.0091,0.3123,0.5091,1.8075,2.1298,-0.1381
B-BTC_USDT,2026-07-02T11:20:00+00:00,WEAK_HAMMER_SWEEP,LONG,61281.4,BULLISH,64.68,-22.21513005,1.126,1.959,0.0762,1,0,1,0,0,0,1,1,0,1,1,1,1,1,0,1,1,0,1,1,1,0,1,1,1,0,0,1,0,-0.0228,-0.0671,-0.1699,0.6444,1.4664,-0.296
B-BTC_USDT,2026-07-02T13:40:00+00:00,WEAK_HAMMER_SWEEP,LONG,61949.2,BULLISH,69.76,35.70515078,0.976,1.7869,1.0263,1,1,1,0,0,0,0,0,0,0,1,1,1,1,0,1,0,0,0,1,1,1,0,0,1,0,0,1,0,-0.0576,0.1777,-0.8864,-0.3159,0.3726,-1.3485
B-BTC_USDT,2026-07-02T14:10:00+00:00,WEAK_HAMMER_SWEEP,LONG,62059.3,BULLISH,68.85,4.19074935,1.238,1.675,0.194,1,1,1,0,0,0,0,0,0,0,1,1,1,1,1,1,1,1,1,1,1,0,1,1,1,1,1,1,0,-0.6613,-1.0622,-0.8066,-0.4161,0.1945,-1.5235
B-BTC_USDT,2026-07-03T02:05:00+00:00,WEAK_HAMMER_SWEEP,LONG,61640.3,BULLISH,58.35,10.31260108,1.769,0.6673,0.0409,1,1,1,1,1,1,1,1,1,1,1,1,1,1,0,1,1,1,1,1,1,0,1,1,1,1,1,1,1,-0.1887,-0.4617,-0.444,0.231,0.2998,-0.5991
B-BTC_USDT,2026-07-03T02:45:00+00:00,WEAK_HAMMER_SWEEP,LONG,61360.2,BULLISH,40.97,-30.41359652,0.656,0.2138,0.0287,1,0,1,1,1,1,1,1,1,0,1,0,0,0,1,0,0,0,1,0,1,1,1,1,1,0,0,1,1,0.1009,0.082,0.0275,0.4617,0.7577,-0.0981
B-BTC_USDT,2026-07-03T03:00:00+00:00,WEAK_HAMMER_SWEEP,LONG,61422.1,BULLISH,46.52,-15.13707134,0.965,0.3144,-0.2916,1,0,0,1,1,1,1,1,1,1,1,0,0,0,1,1,0,0,1,0,1,1,0,0,1,0,0,1,1,-0.0189,0.1348,-0.0081,0.3549,0.6561,-0.1988
B-BTC_USDT,2026-07-03T05:15:00+00:00,WEAK_HAMMER_SWEEP,LONG,61618.2,BULLISH,63.65,21.81345008,1.521,0.5635,0.3186,1,1,1,1,1,1,1,1,0,1,1,1,1,1,1,1,1,1,1,1,0,1,1,1,1,1,1,1,1,0.1448,0.1527,0.1556,0.0294,0.4172,-0.2231
B-BTC_USDT,2026-07-03T09:00:00+00:00,WEAK_HAMMER_SWEEP,LONG,61563.7,BULLISH,38.52,-26.7139554,1.645,0.2609,-0.2969,1,0,0,1,1,1,1,0,0,0,1,0,0,0,0,1,1,1,1,0,1,1,0,0,1,0,0,1,0,0.1179,0.0439,0.2181,0.6762,0.9512,-0.0552
B-BTC_USDT,2026-07-03T15:50:00+00:00,WEAK_HAMMER_SWEEP,LONG,61926.8,BULLISH,46.69,-28.35510104,0.671,0.4421,0.1165,1,0,1,1,1,1,1,1,1,1,1,0,0,0,1,0,0,0,0,0,1,0,1,1,1,1,1,1,1,0.01,0.2193,0.1783,0.4528,0.5904,-0.0794
B-BTC_USDT,2026-07-03T18:25:00+00:00,WEAK_HAMMER_SWEEP,LONG,62153.6,BULLISH,55.15,-8.78760563,0.5,0.6041,-0.0938,1,0,0,1,1,1,1,1,1,1,1,1,1,1,1,0,0,0,1,1,1,0,0,0,1,1,1,1,1,0.0705,0.0428,0.0685,0.7313,1.2929,-0.0539
B-BTC_USDT,2026-07-03T20:40:00+00:00,WEAK_HAMMER_SWEEP,LONG,62685.0,BULLISH,83.12,42.62939165,0.537,1.1044,0.188,1,1,1,1,0,0,0,0,0,0,1,1,1,1,0,0,0,0,0,1,1,1,1,1,1,0,0,1,1,0.1185,0.0727,-0.1527,0.0054,0.4342,-0.313
B-BTC_USDT,2026-07-04T08:10:00+00:00,WEAK_HAMMER_SWEEP,LONG,62521.4,BULLISH,52.08,4.49569657,0.632,0.35,0.1146,1,1,1,1,1,1,1,1,1,1,1,1,0,1,0,0,0,0,0,1,1,0,1,1,1,1,0,1,1,0.0053,0.075,-0.0662,0.0317,0.2122,-0.2164
B-BTC_USDT,2026-07-04T10:50:00+00:00,WEAK_HAMMER_SWEEP,LONG,62500.0,BULLISH,55.24,5.72114449,1.147,0.1822,0.0403,1,1,1,1,1,1,1,1,1,1,1,1,0,1,1,1,1,0,1,1,0,1,1,1,1,1,1,1,1,-0.0002,-0.0554,-0.0494,0.2179,0.4088,-0.1118
B-BTC_USDT,2026-07-04T16:25:00+00:00,WEAK_HAMMER_SWEEP,LONG,62838.1,BULLISH,55.92,-14.51632364,0.297,0.5231,-0.0492,1,0,0,1,1,1,1,1,1,1,1,1,1,1,0,0,0,0,0,1,1,0,0,0,1,0,0,1,1,0.0646,0.0909,0.1908,0.487,0.9738,-0.1087
B-BTC_USDT,2026-07-04T23:00:00+00:00,WEAK_HAMMER_SWEEP,LONG,63179.4,BULLISH,43.54,-8.84982242,1.999,0.1415,0.0042,1,0,1,1,1,1,1,1,1,0,1,0,0,0,1,1,1,1,1,0,1,0,1,1,1,0,0,1,1,-0.2681,-0.0662,-0.2206,-0.7102,0.0576,-0.9968
B-BTC_USDT,2026-07-05T01:05:00+00:00,WEAK_HAMMER_SWEEP,LONG,62961.2,NEUTRAL,37.79,-3.40765206,2.362,0.2173,-0.104,0,0,0,1,1,1,1,0,0,0,1,0,0,0,0,1,1,1,1,0,1,1,0,0,1,0,0,1,0,-0.2259,-0.2097,-0.3129,-0.3688,0.0473,-0.6537
B-BTC_USDT,2026-07-05T18:45:00+00:00,WEAK_HAMMER_SWEEP,LONG,62756.0,BULLISH,62.36,15.58369562,0.472,0.3053,0.2213,1,1,1,1,1,1,1,1,0,1,1,1,0,1,1,0,0,0,0,1,1,1,1,1,1,1,1,1,1,0.0411,0.0894,-0.0083,1.2654,1.9493,-0.2805
B-BTC_USDT,2026-07-06T05:45:00+00:00,WEAK_HAMMER_SWEEP,LONG,63100.0,NEUTRAL,41.88,-6.6778083,0.605,0.297,0.0985,0,0,1,1,1,1,1,1,1,0,1,0,0,0,1,0,0,0,0,0,1,1,1,1,1,1,1,1,1,-0.0388,-0.1109,-0.1571,-0.7575,0.2003,-0.7765
B-BTC_USDT,2026-07-06T12:15:00+00:00,WEAK_HAMMER_SWEEP,LONG,62060.2,NEUTRAL,28.21,-102.10129009,1.219,0.3561,-0.0717,0,0,0,1,1,1,0,0,0,0,1,0,0,0,1,1,1,1,0,0,1,1,0,0,1,1,0,1,0,0.1415,-0.597,-0.8374,2.6624,2.884,-1.2298
B-BTC_USDT,2026-07-06T20:10:00+00:00,WEAK_HAMMER_SWEEP,LONG,63580.2,BULLISH,41.61,-36.97848692,0.911,0.3172,-0.3011,1,0,0,1,1,1,1,1,1,0,1,0,0,0,0,1,0,0,0,0,1,1,0,0,1,0,0,1,0,0.2435,0.3548,1.1125,0.6752,1.7485,-0.0105
B-BTC_USDT,2026-07-06T22:45:00+00:00,WEAK_HAMMER_SWEEP,LONG,64273.4,BULLISH,57.18,-30.36344719,0.447,1.1099,0.0403,1,0,1,1,0,0,1,1,1,1,1,1,1,1,1,0,0,0,1,1,1,0,1,1,1,1,1,1,1,-0.0649,-0.1757,-0.3021,-1.3457,0.0888,-1.3771
B-BTC_USDT,2026-07-07T00:15:00+00:00,WEAK_HAMMER_SWEEP,LONG,64075.1,BULLISH,47.38,-15.01845298,1.014,0.7828,-0.1778,1,0,0,1,1,0,1,1,1,1,1,0,0,0,1,1,1,0,1,0,1,0,0,0,1,1,1,1,1,0.1765,0.1028,-0.1174,-1.4408,0.348,-1.4953
B-BTC_USDT,2026-07-07T10:55:00+00:00,WEAK_HAMMER_SWEEP,LONG,63258.6,NEUTRAL,52.0,-10.49414218,0.512,0.4746,-0.1319,0,0,0,1,1,1,1,1,1,1,1,1,1,0,1,0,0,0,1,0,1,0,0,0,1,1,0,1,1,-0.2076,-0.1766,0.1883,0.4393,0.9633,-0.9811
B-BTC_USDT,2026-07-07T15:30:00+00:00,WEAK_HAMMER_SWEEP,LONG,63731.3,BULLISH,66.06,69.94003589,0.452,1.7155,1.0527,1,1,1,0,0,0,0,0,0,0,1,1,1,1,0,0,0,0,0,1,1,1,0,0,1,0,0,1,0,0.3752,0.2655,0.3719,0.0348,0.7889,-0.5961
B-BTC_USDT,2026-07-08T00:00:00+00:00,WEAK_HAMMER_SWEEP,LONG,63406.9,BULLISH,42.94,-19.67473642,1.922,0.3626,-0.2535,1,0,0,1,1,1,1,1,1,0,1,0,0,0,1,1,1,1,1,0,1,0,0,0,1,1,1,1,1,0.0443,0.2334,0.1318,-0.9696,0.5257,-1.4825
B-BTC_USDT,2026-07-08T02:20:00+00:00,WEAK_HAMMER_SWEEP,LONG,62890.1,NEUTRAL,34.07,-43.41131891,1.03,0.1755,-0.2416,0,0,0,1,1,1,0,0,0,0,1,0,0,0,1,1,1,0,1,0,1,0,0,0,1,1,0,1,1,-0.2651,0.0316,0.1263,-0.3818,0.2827,-0.7238
B-BTC_USDT,2026-07-09T19:00:00+00:00,WEAK_HAMMER_SWEEP,LONG,63232.7,BULLISH,57.38,-12.45045183,0.452,1.1189,-0.0982,1,0,0,1,0,0,1,1,1,1,1,1,1,1,0,0,0,0,1,1,1,0,0,0,1,1,1,1,1,-0.0941,-0.0476,-0.1044,-0.015,0.2581,-0.1624
B-BTC_USDT,2026-07-09T22:00:00+00:00,WEAK_HAMMER_SWEEP,LONG,63264.4,BULLISH,52.7,-6.62725811,1.913,0.3517,-0.0017,1,0,0,1,1,1,1,1,1,1,1,1,1,1,1,1,1,1,1,0,1,0,0,0,1,0,0,1,0,0.094,0.0049,-0.0651,0.8123,1.066,-0.5807
B-BTC_USDT,2026-07-10T00:10:00+00:00,WEAK_HAMMER_SWEEP,LONG,63200.0,BULLISH,48.16,-0.67966527,0.551,0.2655,0.0209,1,0,1,1,1,1,1,1,1,1,1,0,0,0,1,0,0,0,0,0,1,0,1,1,1,0,0,1,1,-0.1964,-0.2847,-0.1503,1.1786,1.3006,-0.4794
B-BTC_USDT,2026-07-10T08:45:00+00:00,WEAK_HAMMER_SWEEP,LONG,64213.2,BULLISH,64.8,21.71274252,0.776,0.6972,-0.0055,1,1,0,1,1,1,1,1,0,1,1,1,1,1,0,0,0,0,1,1,1,0,0,0,1,1,0,1,1,-0.0263,0.1078,0.287,0.1663,0.5835,-0.2297
B-BTC_USDT,2026-07-10T14:45:00+00:00,WEAK_HAMMER_SWEEP,LONG,64090.6,BULLISH,40.47,-21.00447777,0.405,0.5033,0.1122,1,0,1,1,1,1,1,1,1,0,1,0,0,0,1,0,0,0,0,0,1,1,1,1,1,0,0,1,1,-0.173,-0.0518,-0.1779,-0.4306,0.1833,-0.4497
B-BTC_USDT,2026-07-10T19:50:00+00:00,WEAK_HAMMER_SWEEP,LONG,63965.8,BULLISH,56.19,21.62801492,1.24,0.3872,0.2049,1,1,1,1,1,1,1,1,1,1,1,1,0,1,0,1,1,1,1,1,1,1,1,1,1,0,0,0,0,-0.2121,-0.3297,-0.1787,0.2242,0.33,-0.5408
B-BTC_USDT,2026-07-11T05:30:00+00:00,WEAK_HAMMER_SWEEP,LONG,64176.4,BULLISH,57.53,3.96377089,1.152,0.3526,0.0623,1,1,1,1,1,1,1,1,1,1,1,1,1,1,1,1,1,0,1,1,1,1,1,1,1,0,0,1,1,-0.0997,-0.0806,0.0834,0.036,0.1614,-0.1321
B-BTC_USDT,2026-07-11T10:55:00+00:00,WEAK_HAMMER_SWEEP,LONG,64163.9,BULLISH,49.84,1.12608452,0.394,0.0837,0.0394,1,1,1,1,1,1,1,1,1,1,1,1,0,0,1,0,0,0,0,1,1,0,1,1,1,1,1,1,1,0.041,-0.0153,0.0189,0.2448,0.5198,-0.0809
B-BTC_USDT,2026-07-11T16:45:00+00:00,WEAK_HAMMER_SWEEP,LONG,64137.9,BULLISH,43.46,-3.87944232,0.264,0.7314,0.1446,1,0,1,1,1,1,1,1,1,0,1,0,0,0,1,0,0,0,1,0,1,0,1,1,1,1,0,1,1,0.0366,0.1065,0.259,0.3603,0.4693,-0.0875
B-BTC_USDT,2026-07-11T22:05:00+00:00,WEAK_HAMMER_SWEEP,LONG,64349.9,NEUTRAL,54.74,-4.10482443,1.444,0.2241,-0.0561,0,0,0,1,1,1,1,1,1,1,1,1,1,1,1,1,1,1,1,1,1,0,0,0,1,1,1,1,1,-0.1259,-0.2561,-0.4068,-0.4971,0.0859,-1.0761
B-BTC_USDT,2026-07-12T04:55:00+00:00,WEAK_HAMMER_SWEEP,LONG,63974.3,NEUTRAL,38.78,-21.99821558,1.315,0.299,-0.2715,0,0,0,1,1,1,1,0,0,0,1,0,0,0,1,1,1,1,1,0,1,1,0,0,1,0,0,1,1,-0.0192,-0.1444,-0.0567,-0.0355,0.171,-0.5807
B-BTC_USDT,2026-07-12T11:45:00+00:00,WEAK_HAMMER_SWEEP,LONG,63995.0,NEUTRAL,62.4,17.44034555,1.005,0.413,0.0145,0,1,1,1,1,1,1,1,0,1,1,1,1,1,1,1,1,0,1,1,1,1,1,1,1,1,0,1,1,-0.0633,0.0513,0.0264,0.2552,0.4327,-0.1047
B-BTC_USDT,2026-07-13T00:00:00+00:00,WEAK_HAMMER_SWEEP,LONG,63870.4,BULLISH,53.66,15.52323857,2.379,0.37,0.1962,1,1,1,1,1,1,1,1,1,1,1,1,0,0,1,1,1,1,1,1,0,1,1,1,1,1,1,1,1,0.5223,0.2829,0.0825,-1.8163,0.8477,-1.8544
B-BTC_USDT,2026-07-14T04:55:00+00:00,WEAK_HAMMER_SWEEP,LONG,62713.6,NEUTRAL,64.65,14.14553335,0.67,0.693,0.0437,0,1,1,1,1,1,1,1,0,1,1,1,1,1,0,0,0,0,1,1,1,0,1,1,1,0,0,1,0,0.1241,0.1583,-0.0218,-0.0534,0.2143,-0.4071
B-BTC_USDT,2026-07-14T09:00:00+00:00,WEAK_HAMMER_SWEEP,LONG,62719.5,NEUTRAL,60.27,17.50307305,0.799,0.4165,0.2504,0,1,1,1,1,1,1,1,0,1,1,1,1,1,0,0,0,0,1,1,1,1,1,1,1,1,1,1,1,-0.1126,-0.2213,-0.085,1.6902,1.9715,-0.3463
B-BTC_USDT,2026-07-14T11:20:00+00:00,WEAK_HAMMER_SWEEP,LONG,62784.5,NEUTRAL,57.95,4.89885431,0.734,0.5196,-0.0769,0,1,0,1,1,1,1,1,1,1,1,1,1,1,1,0,0,0,0,1,1,0,0,0,1,0,0,1,1,0.0565,0.0919,0.3991,2.3319,2.5508,-0.0446
B-BTC_USDT,2026-07-14T16:30:00+00:00,WEAK_HAMMER_SWEEP,LONG,64854.4,BULLISH,66.57,-14.08681446,0.227,2.9847,0.1372,1,0,1,0,0,0,0,0,0,0,1,1,1,1,0,0,0,0,0,1,1,0,1,1,1,1,1,1,1,-0.1875,-0.2856,-0.682,-0.6626,0.0241,-1.009
B-BTC_USDT,2026-07-14T20:50:00+00:00,WEAK_HAMMER_SWEEP,LONG,64497.1,BULLISH,50.77,-0.76078859,0.581,0.4606,-0.0997,1,0,0,1,1,1,1,1,1,1,1,1,1,0,1,0,0,0,1,1,1,0,0,0,1,1,1,1,1,0.1132,0.176,0.2031,0.4752,0.9813,-0.0332
B-BTC_USDT,2026-07-14T23:55:00+00:00,WEAK_HAMMER_SWEEP,LONG,65014.7,BULLISH,63.99,1.47097249,0.428,0.9602,0.0954,1,1,1,1,1,0,1,1,0,1,1,1,1,1,1,0,0,0,1,1,1,0,1,1,1,0,0,1,1,-0.1896,-0.2361,-0.3332,-0.3905,0.044,-0.8583
B-BTC_USDT,2026-07-15T00:25:00+00:00,WEAK_HAMMER_SWEEP,LONG,64861.2,BULLISH,49.12,-24.77144942,0.642,0.7259,-0.1787,1,0,0,1,1,1,1,1,1,1,1,0,0,0,0,0,0,0,0,0,1,1,0,0,1,1,0,1,1,-0.1573,-0.0973,-0.0791,-0.197,0.0105,-0.6236
B-BTC_USDT,2026-07-15T02:00:00+00:00,WEAK_HAMMER_SWEEP,LONG,64648.0,BULLISH,37.85,-11.78473667,0.722,0.2515,-0.2344,1,0,0,1,1,1,1,0,0,0,1,0,0,0,1,0,0,0,1,0,1,0,0,0,1,0,0,1,0,-0.1114,-0.2817,-0.1898,0.3443,0.4543,-0.2959
B-BTC_USDT,2026-07-15T10:35:00+00:00,WEAK_HAMMER_SWEEP,LONG,64656.1,BULLISH,45.43,-14.26231036,0.951,0.3174,-0.0704,1,0,0,1,1,1,1,1,1,1,1,0,0,0,1,1,0,0,1,0,1,1,0,0,1,1,1,1,1,-0.0373,0.0934,0.0418,1.0212,1.3833,-0.135
B-BTC_USDT,2026-07-15T11:00:00+00:00,WEAK_HAMMER_SWEEP,LONG,64660.1,BULLISH,47.04,-6.21942216,0.988,0.3235,0.0339,1,0,1,1,1,1,1,1,1,1,1,0,0,0,1,1,0,0,1,0,1,0,1,1,1,1,0,1,1,-0.024,-0.0099,0.0705,0.9494,1.377,-0.1412
B-BTC_USDT,2026-07-16T04:45:00+00:00,WEAK_HAMMER_SWEEP,LONG,64600.9,NEUTRAL,49.78,1.193397,1.146,0.3695,-0.0014,0,1,0,1,1,1,1,1,1,1,1,1,0,0,1,1,1,0,1,0,1,0,0,0,1,1,0,1,1,0.0296,0.2471,0.4419,-0.7135,0.5783,-1.173
B-BTC_USDT,2026-07-16T06:05:00+00:00,WEAK_HAMMER_SWEEP,LONG,64910.7,NEUTRAL,70.31,10.19364462,1.129,0.6142,0.0264,0,1,1,1,1,1,0,0,0,0,1,1,1,1,0,1,1,0,1,1,1,1,1,1,1,0,0,1,0,-0.1277,-0.4143,-0.3905,-1.1621,0.0091,-1.6447
B-BTC_USDT,2026-07-16T12:15:00+00:00,WEAK_HAMMER_SWEEP,LONG,64141.1,NEUTRAL,48.63,-1.94769442,1.308,0.4646,0.006,0,0,1,1,1,1,1,1,1,1,1,0,0,0,0,1,1,1,1,0,1,1,1,1,1,0,0,1,1,-0.0268,-0.34,-0.1037,0.4967,1.1437,-0.4803
B-BTC_USDT,2026-07-16T20:30:00+00:00,WEAK_HAMMER_SWEEP,LONG,64172.3,NEUTRAL,46.99,-0.58969149,0.464,0.3339,-0.0594,0,0,0,1,1,1,1,1,1,1,1,0,0,0,1,0,0,0,0,0,1,0,0,0,1,1,0,1,1,-0.0608,-0.0954,-0.0397,-0.7762,0.0764,-0.7905
B-BTC_USDT,2026-07-17T21:40:00+00:00,WEAK_HAMMER_SWEEP,LONG,64069.9,NEUTRAL,50.44,-5.18319238,0.455,0.3342,-0.0935,0,0,0,1,1,1,1,1,1,1,1,0,0,0,0,0,0,0,0,1,1,0,0,0,1,0,0,1,1,0.0011,-0.0276,-0.2357,-0.2393,0.0743,-0.3282
B-BTC_USDT,2026-07-17T21:45:00+00:00,WEAK_HAMMER_SWEEP,LONG,64081.0,NEUTRAL,51.61,-5.69959521,0.526,0.3514,-0.0762,0,0,0,1,1,1,1,1,1,1,1,1,1,0,0,0,0,0,1,1,1,0,0,0,1,0,0,1,1,-0.0718,-0.1537,-0.2139,-0.2458,0.057,-0.3455
B-BTC_USDT,2026-07-18T17:50:00+00:00,WEAK_HAMMER_SWEEP,LONG,64428.8,BULLISH,75.0,17.25637955,0.951,0.6655,0.3426,1,1,1,1,1,1,0,0,0,0,1,1,1,1,0,1,0,0,0,1,1,1,1,1,1,0,0,1,0,0.011,0.2247,0.045,0.492,0.6059,-0.0307
B-BTC_USDT,2026-07-18T23:50:00+00:00,WEAK_HAMMER_SWEEP,LONG,64799.1,BULLISH,59.74,0.22821562,0.8,0.5122,0.021,1,1,1,1,1,1,1,1,1,1,1,1,1,1,0,0,0,0,1,1,1,1,1,1,1,0,0,1,1,0.021,0.0256,-0.0549,-0.2068,0.231,-0.3156
B-BTC_USDT,2026-07-19T03:40:00+00:00,WEAK_HAMMER_SWEEP,LONG,64642.4,BULLISH,33.72,-17.021866,0.544,0.0739,-0.3223,1,0,0,1,1,1,0,0,0,0,1,0,0,0,1,0,0,0,1,0,1,1,0,0,1,0,0,1,0,0.0687,-0.0391,0.1428,0.1576,0.228,-0.0959
B-BTC_USDT,2026-07-19T07:55:00+00:00,WEAK_HAMMER_SWEEP,LONG,64692.2,BULLISH,49.13,1.36155825,3.441,0.1728,0.0262,1,1,1,1,1,1,1,1,1,1,1,0,0,0,0,1,1,1,1,0,1,0,1,1,1,0,0,1,1,-0.0209,-0.0861,-0.0218,-0.381,0.0484,-0.4285
B-BTC_USDT,2026-07-19T10:00:00+00:00,WEAK_HAMMER_SWEEP,LONG,64540.7,BULLISH,41.73,-6.1785516,1.88,0.1139,0.0397,1,0,1,1,1,1,1,1,1,0,1,0,0,0,1,1,1,1,1,0,1,1,1,1,1,1,1,1,1,0.0507,0.0975,-0.0146,-0.0552,0.2123,-0.4357
B-BTC_USDT,2026-07-19T10:25:00+00:00,WEAK_HAMMER_SWEEP,LONG,64604.4,BULLISH,53.73,11.04662168,0.612,0.2319,0.1384,1,1,1,1,1,1,1,1,1,1,1,1,0,1,1,0,0,0,1,1,1,0,1,1,1,1,1,1,1,0.063,-0.0666,-0.1243,-0.2591,0.1135,-0.5339
B-BTC_USDT,2026-07-19T15:50:00+00:00,WEAK_HAMMER_SWEEP,LONG,64556.3,BULLISH,57.72,-0.28852242,0.631,0.4598,0.1176,1,0,1,1,1,1,1,1,1,1,1,1,1,1,1,0,0,0,0,1,1,1,1,1,1,1,1,1,1,-0.0736,0.0522,-0.0793,-0.2753,0.2737,-0.4545
B-BTC_USDT,2026-07-19T17:00:00+00:00,WEAK_HAMMER_SWEEP,LONG,64524.0,NEUTRAL,49.76,-6.57633774,5.338,0.3884,0.0747,0,0,1,1,1,1,1,1,1,1,1,0,0,0,0,1,1,1,1,0,1,0,1,1,1,0,0,1,1,0.1668,0.1804,-0.1119,-0.0194,0.3239,-0.4047
B-BTC_USDT,2026-07-19T20:50:00+00:00,WEAK_HAMMER_SWEEP,LONG,64482.2,BULLISH,54.19,6.9021973,0.237,0.3401,-0.0058,1,1,0,1,1,1,1,1,1,1,1,1,0,1,0,0,0,0,0,1,1,1,0,0,1,1,1,1,1,0.0109,-0.0423,-0.1714,0.1171,0.9342,-0.2748
B-BTC_USDT,2026-07-19T21:55:00+00:00,WEAK_HAMMER_SWEEP,LONG,64393.7,NEUTRAL,43.97,-11.7883093,3.296,0.2031,-0.1437,0,0,0,1,1,1,1,1,1,0,1,0,0,0,1,1,1,1,1,0,1,1,0,0,1,0,0,1,1,0.3724,0.5168,0.3867,0.3121,1.0729,-0.1155
B-BTC_USDT,2026-07-19T22:35:00+00:00,WEAK_HAMMER_SWEEP,LONG,64750.0,BULLISH,69.88,35.08558216,0.563,0.6873,0.4472,1,1,1,1,1,1,0,0,0,0,1,1,1,1,0,0,0,0,0,1,1,1,1,1,1,1,0,1,1,-0.1234,-0.1784,-0.2051,-0.0613,0.5168,-0.5714
B-BTC_USDT,2026-07-20T06:05:00+00:00,WEAK_HAMMER_SWEEP,LONG,64122.8,NEUTRAL,31.06,-8.49973393,0.465,0.1198,-0.1411,0,0,0,1,1,1,0,0,0,0,1,0,0,0,1,0,0,0,0,0,1,0,0,0,1,0,0,1,0,-0.0739,-0.317,-0.2542,0.1221,0.334,-0.6031
B-BTC_USDT,2026-07-20T12:30:00+00:00,WEAK_HAMMER_SWEEP,LONG,64686.4,BULLISH,56.51,-22.960034,0.605,1.2805,-0.2083,1,0,0,1,0,0,1,1,1,1,1,1,1,1,0,0,0,0,1,1,1,0,0,0,1,0,0,1,1,0.0203,-0.1133,-0.0479,1.124,1.5484,-1.0081
B-BTC_USDT,2026-07-20T13:45:00+00:00,WEAK_HAMMER_SWEEP,LONG,64699.6,NEUTRAL,55.12,-12.2791364,2.126,0.8696,-0.182,0,0,0,1,1,0,1,1,1,1,1,1,1,1,1,1,1,1,1,1,1,0,0,0,1,0,0,1,1,-0.4566,-0.7356,-0.5938,1.1641,1.5277,-1.0283
B-BTC_USDT,2026-07-20T19:45:00+00:00,WEAK_HAMMER_SWEEP,LONG,65117.2,BULLISH,40.61,-20.92238368,0.782,0.1625,0.0134,1,0,1,1,1,1,1,1,1,0,1,0,0,0,1,0,0,0,1,0,1,0,1,1,1,1,0,1,0,-0.1055,0.1964,0.3114,0.1265,0.4885,-0.1336
B-BTC_USDT,2026-07-21T04:40:00+00:00,WEAK_HAMMER_SWEEP,LONG,65516.4,BULLISH,53.98,-9.23577999,0.546,0.5667,-0.1297,1,0,0,1,1,1,1,1,1,1,1,1,1,1,0,0,0,0,1,1,1,0,0,0,1,0,0,1,1,-0.0339,-0.0087,0.1639,1.1652,1.2537,-0.096
B-BTC_USDT,2026-07-21T04:55:00+00:00,WEAK_HAMMER_SWEEP,LONG,65494.2,BULLISH,51.71,-14.25049011,0.51,0.533,0.0566,1,0,1,1,1,1,1,1,1,1,1,0,0,0,1,0,0,0,0,0,1,0,1,1,1,1,0,1,0,0.0252,0.1234,0.3522,1.0777,1.2881,-0.0521
B-BTC_USDT,2026-07-21T09:30:00+00:00,WEAK_HAMMER_SWEEP,LONG,66254.5,BULLISH,62.41,-16.99914857,0.811,1.0884,0.1069,1,0,1,1,0,0,1,1,0,1,1,1,1,1,1,1,0,0,1,1,1,1,1,1,1,1,1,1,0,0.0488,0.0199,0.1713,0.3663,0.5772,-0.2074
B-BTC_USDT,2026-07-21T10:05:00+00:00,WEAK_HAMMER_SWEEP,LONG,66270.1,BULLISH,59.38,-9.12302305,0.674,1.0039,-0.0226,1,0,0,1,0,0,1,1,1,1,1,1,1,1,0,0,0,0,1,1,1,0,0,0,1,0,0,1,0,0.1105,0.0967,-0.2126,0.7818,0.9869,-0.2309
B-BTC_USDT,2026-07-21T10:20:00+00:00,WEAK_HAMMER_SWEEP,LONG,66343.3,BULLISH,65.93,-2.01185273,1.118,1.0741,0.116,1,0,1,1,0,0,0,0,0,0,1,1,1,1,1,1,1,0,0,1,1,1,1,1,1,0,0,1,1,-0.0137,-0.2742,-0.2483,0.4419,0.8754,-0.341
B-BTC_USDT,2026-07-21T14:50:00+00:00,WEAK_HAMMER_SWEEP,LONG,66807.6,BULLISH,59.05,0.25907483,0.407,1.0336,-0.0084,1,1,0,1,0,0,1,1,1,1,1,1,1,1,0,0,0,0,0,1,1,1,0,0,1,0,0,1,0,-0.0759,-0.2232,-0.2352,-0.8074,0.0937,-1.3002
B-BTC_USDT,2026-07-21T16:00:00+00:00,WEAK_HAMMER_SWEEP,LONG,66724.9,BULLISH,54.31,-9.35548825,1.025,0.7327,-0.1512,1,0,0,1,1,1,1,1,1,1,1,1,1,1,1,1,1,0,1,1,1,0,0,0,1,1,1,1,1,-0.2827,-0.2732,-0.3582,-0.4934,0.0,-1.1778
B-BTC_USDT,2026-07-21T17:35:00+00:00,WEAK_HAMMER_SWEEP,LONG,66435.9,BULLISH,41.68,-7.22944308,1.091,0.219,0.0112,1,0,1,1,1,1,1,1,1,0,1,0,0,0,1,1,1,0,1,0,1,0,1,1,1,1,0,1,1,-0.3847,-0.2163,-0.2947,-0.1991,0.0691,-0.7479
B-BTC_USDT,2026-07-21T18:00:00+00:00,WEAK_HAMMER_SWEEP,LONG,66186.1,BULLISH,29.44,-27.50768767,1.518,0.3733,-0.0719,1,0,0,1,1,1,0,0,0,0,1,0,0,0,0,1,1,1,1,0,1,1,0,0,1,0,0,1,1,0.0571,-0.002,0.2233,0.2121,0.425,-0.1651
B-BTC_USDT,2026-07-22T06:55:00+00:00,WEAK_HAMMER_SWEEP,LONG,65906.8,NEUTRAL,38.11,9.97630805,0.274,0.1619,-0.0672,0,1,0,1,1,1,1,0,0,0,1,0,0,0,1,0,0,0,0,0,1,0,0,0,1,0,0,1,1,-0.0437,-0.0443,-0.1417,0.166,0.3546,-0.3614
B-BTC_USDT,2026-07-22T08:15:00+00:00,WEAK_HAMMER_SWEEP,LONG,66042.4,NEUTRAL,61.14,36.66402121,1.185,0.566,0.4663,0,1,1,1,1,1,1,1,0,1,1,1,0,1,1,1,1,0,1,1,1,1,1,1,1,1,1,1,1,-0.0366,-0.151,-0.0206,-0.3245,0.1485,-0.3422
B-BTC_USDT,2026-07-22T10:30:00+00:00,WEAK_HAMMER_SWEEP,LONG,65939.3,NEUTRAL,52.18,4.09748299,0.65,0.4105,0.1417,0,1,1,1,1,1,1,1,1,1,1,1,0,1,1,0,0,0,0,1,1,0,1,1,1,0,0,1,1,0.1887,0.1137,0.1095,-0.3908,0.3808,-0.6586
B-BTC_USDT,2026-07-22T13:05:00+00:00,WEAK_HAMMER_SWEEP,LONG,65655.6,NEUTRAL,36.6,-23.90487198,0.892,0.2294,0.0821,0,0,1,1,1,1,1,0,0,0,1,0,0,0,1,1,0,0,0,0,1,0,1,1,1,1,1,1,1,-0.1618,0.2484,0.4818,0.7817,1.0784,-0.1887
B-BTC_USDT,2026-07-22T13:50:00+00:00,WEAK_HAMMER_SWEEP,LONG,65899.9,NEUTRAL,58.92,37.1471522,0.906,0.5992,0.3186,0,1,1,1,1,1,1,1,1,1,1,1,0,1,1,1,0,0,0,1,1,1,1,1,1,0,0,1,1,0.1093,-0.4314,-0.2754,0.185,0.7036,-0.5214
B-BTC_USDT,2026-07-22T14:55:00+00:00,WEAK_HAMMER_SWEEP,LONG,65770.2,NEUTRAL,50.62,-1.78294176,0.312,0.4032,-0.0129,0,0,0,1,1,1,1,1,1,1,1,1,0,0,1,0,0,0,0,1,1,0,0,0,1,1,1,1,1,0.2053,0.4166,0.3719,0.1373,0.9022,-0.1049
B-BTC_USDT,2026-07-22T18:40:00+00:00,WEAK_HAMMER_SWEEP,LONG,65751.1,NEUTRAL,35.33,-39.4348717,0.877,0.2033,-0.6673,0,0,0,1,1,1,1,0,0,0,1,0,0,0,1,1,0,0,0,0,1,1,0,0,1,1,1,1,1,0.1664,-0.0179,0.1198,0.2669,0.5354,-0.1535
B-BTC_USDT,2026-07-22T21:10:00+00:00,WEAK_HAMMER_SWEEP,LONG,65897.7,BULLISH,52.04,4.80491364,0.563,0.3756,0.0118,1,1,1,1,1,1,1,1,1,1,1,1,0,1,0,0,0,0,1,1,1,1,1,1,1,1,0,1,1,-0.0314,0.2856,0.114,0.1756,0.5864,-0.1354
B-BTC_USDT,2026-07-23T04:45:00+00:00,WEAK_HAMMER_SWEEP,LONG,65602.7,NEUTRAL,40.83,6.36244623,0.359,0.0834,-0.0383,0,1,0,1,1,1,1,1,1,0,1,0,0,0,0,0,0,0,0,0,1,0,0,0,1,0,0,0,0,-0.0646,0.0367,0.0873,-0.0041,0.2911,-0.4405
B-BTC_USDT,2026-07-24T04:20:00+00:00,WEAK_HAMMER_SWEEP,LONG,65377.5,NEUTRAL,62.29,-1.44138746,0.629,0.9855,-0.0326,0,0,0,1,1,0,1,1,0,1,1,1,1,1,0,0,0,0,1,1,1,0,0,0,1,0,0,1,0,-0.112,-0.1549,-0.0774,-0.0786,0.6157,-0.2516
B-BTC_USDT,2026-07-24T06:00:00+00:00,WEAK_HAMMER_SWEEP,LONG,65287.9,NEUTRAL,50.5,-7.92882859,0.861,0.6087,-0.1586,0,0,0,1,1,1,1,1,1,1,1,0,0,0,1,1,0,0,1,0,1,0,0,0,1,0,0,1,1,0.2691,0.2046,0.3449,-0.308,0.7537,-0.564
B-BTC_USDT,2026-07-24T06:05:00+00:00,WEAK_HAMMER_SWEEP,LONG,65295.8,NEUTRAL,51.76,-6.05810717,0.783,0.6207,0.027,0,0,1,1,1,1,1,1,1,1,1,1,1,0,1,0,0,0,0,1,1,0,1,1,1,0,0,1,1,0.2019,0.2571,0.4581,-0.4205,0.7415,-0.576
B-BTC_USDT,2026-07-25T22:45:00+00:00,WEAK_HAMMER_SWEEP,LONG,64382.5,NEUTRAL,58.96,4.71735186,0.92,0.2322,0.0362,0,1,1,1,1,1,1,1,1,1,1,1,1,1,1,1,0,0,1,1,1,1,1,1,1,0,0,1,1,-0.0148,-0.0193,-0.0342,0.0938,0.2044,-0.1003
B-BTC_USDT,2026-07-26T00:45:00+00:00,WEAK_HAMMER_SWEEP,LONG,64395.4,NEUTRAL,54.1,0.42876612,0.791,0.2522,0.0344,0,1,1,1,1,1,1,1,1,1,1,1,1,1,0,0,0,0,1,1,1,1,1,1,1,0,0,1,1,0.0817,0.1081,0.0759,0.2148,0.2649,-0.0037
B-BTC_USDT,2026-07-26T03:55:00+00:00,WEAK_HAMMER_SWEEP,LONG,64518.8,NEUTRAL,57.09,0.13294471,0.958,0.3114,0.0014,0,1,1,1,1,1,1,1,1,1,1,1,1,1,0,1,0,0,1,1,1,0,1,1,1,0,0,1,1,-0.068,0.0098,-0.0398,-0.2753,0.0732,-0.4067
B-BTC_USDT,2026-07-26T23:30:00+00:00,WEAK_HAMMER_SWEEP,LONG,65346.4,BULLISH,63.7,-23.58350356,0.483,1.1326,-0.1068,1,0,0,1,0,0,1,1,0,1,1,1,1,1,0,0,0,0,0,1,1,0,0,0,1,1,0,1,1,0.0381,-0.1412,-0.2782,-0.1411,0.1432,-0.726
B-BTC_USDT,2026-07-27T03:20:00+00:00,WEAK_HAMMER_SWEEP,LONG,65285.1,BULLISH,62.29,13.38205452,1.496,0.6328,0.1745,1,1,1,1,1,1,1,1,0,1,1,1,1,1,1,1,1,1,1,1,0,1,1,1,1,1,0,1,0,-0.0383,-0.0084,0.1149,0.201,0.67,-0.1058
B-BTC_USDT,2026-07-27T08:15:00+00:00,WEAK_HAMMER_SWEEP,LONG,65215.2,BULLISH,38.43,-18.60072066,1.464,0.1184,0.0461,1,0,1,1,1,1,1,0,0,0,1,0,0,0,1,1,1,1,1,0,1,0,1,1,1,1,0,1,1,-0.1058,-0.0636,-0.1621,-0.2645,0.303,-0.2657
B-BTC_USDT,2026-07-28T15:55:00+00:00,WEAK_HAMMER_SWEEP,LONG,63899.4,NEUTRAL,67.66,46.93323526,0.519,1.9395,0.2847,0,1,1,0,0,0,0,0,0,0,1,1,1,1,0,0,0,0,0,1,1,0,1,1,1,1,1,1,1,-0.1682,-0.1405,0.1887,-0.0266,0.2897,-0.6607
B-BTC_USDT,2026-07-28T21:30:00+00:00,WEAK_HAMMER_SWEEP,LONG,63898.3,NEUTRAL,54.69,-7.91571719,0.578,0.659,-0.0277,0,0,0,1,1,1,1,1,1,1,1,1,1,1,0,0,0,0,1,0,1,0,0,0,1,0,0,1,1,0.162,0.131,-0.0817,-0.0725,0.433,-0.5826
B-BTC_USDT,2026-07-29T11:45:00+00:00,WEAK_HAMMER_SWEEP,LONG,64453.3,BULLISH,47.79,-15.02441343,0.663,0.3139,-0.005,1,0,0,1,1,1,1,1,1,1,1,0,0,0,1,0,0,0,1,0,1,0,0,0,1,1,1,1,1,-0.0388,-0.2434,-0.2588,-0.6746,0.3641,-0.8225
B-BTC_USDT,2026-07-29T13:05:00+00:00,WEAK_HAMMER_SWEEP,LONG,64260.7,BULLISH,37.01,-8.50798601,1.647,0.1327,-0.0946,1,0,0,1,1,1,1,0,0,0,1,0,0,0,1,1,1,1,1,0,1,0,0,0,1,0,0,1,1,-0.1124,0.1013,0.2968,-0.8235,0.6649,-1.0282
B-BTC_USDT,2026-07-29T15:45:00+00:00,WEAK_HAMMER_SWEEP,LONG,64018.5,NEUTRAL,42.5,-7.4741102,0.895,0.1226,-0.0005,0,0,0,1,1,1,1,1,1,0,1,0,0,0,1,1,0,0,0,0,1,0,0,0,1,1,1,1,1,-0.1876,-0.1253,-0.5506,-0.5109,1.0706,-0.8351
B-BTC_USDT,2026-07-30T08:00:00+00:00,WEAK_HAMMER_SWEEP,LONG,63992.9,NEUTRAL,47.38,-3.31610953,1.094,0.1749,0.0181,0,0,1,1,1,1,1,1,1,1,1,0,0,0,1,1,1,0,0,0,1,1,1,1,1,0,0,1,1,-0.0044,0.4124,0.4577,1.3148,1.3706,-0.0624
B-BTC_USDT,2026-07-30T09:00:00+00:00,WEAK_HAMMER_SWEEP,LONG,64285.8,BULLISH,66.78,22.69583216,0.587,0.6297,0.0715,1,1,1,1,1,1,0,0,0,0,1,1,1,1,0,0,0,0,0,1,1,1,1,1,1,0,0,1,1,0.1398,0.4576,0.4374,0.8789,1.1352,-0.0446
B-BTC_USDT,2026-07-30T09:05:00+00:00,WEAK_HAMMER_SWEEP,LONG,64317.4,BULLISH,68.95,20.56962123,0.695,0.6785,0.1207,1,1,1,1,1,1,0,0,0,0,1,1,1,1,0,0,0,0,1,1,1,1,1,1,1,1,1,1,1,0.2424,0.3733,0.4147,0.8282,1.0856,-0.0693
B-BTC_USDT,2026-07-30T13:40:00+00:00,WEAK_HAMMER_SWEEP,LONG,64991.1,BULLISH,65.2,-12.19170919,2.476,0.7324,0.1888,1,0,1,1,1,1,0,0,0,0,1,1,1,1,1,1,1,1,1,1,0,1,1,1,1,1,1,1,1,0.0074,-0.4462,-0.3348,-0.11,0.2553,-0.6458
B-BTC_USDT,2026-07-30T22:00:00+00:00,WEAK_HAMMER_SWEEP,LONG,64778.0,BULLISH,52.98,-0.20671122,2.934,0.1862,0.018,1,0,1,1,1,1,1,1,1,1,1,1,0,0,1,1,1,1,1,1,1,0,1,1,1,1,1,1,1,0.1729,0.2167,0.0993,-0.4293,0.9468,-0.5295
B-BTC_USDT,2026-07-31T00:25:00+00:00,WEAK_HAMMER_SWEEP,LONG,64744.6,BULLISH,43.82,-18.85729534,0.733,0.1673,-0.1958,1,0,0,1,1,1,1,1,1,0,1,0,0,0,1,0,0,0,1,0,1,1,0,0,1,0,0,1,1,0.042,-0.0712,0.6418,-0.666,0.9988,-0.9369
B-BTC_USDT,2026-07-31T03:10:00+00:00,WEAK_HAMMER_SWEEP,LONG,64233.5,NEUTRAL,33.22,-8.26152512,0.846,0.1015,-0.4741,0,0,0,1,1,1,0,0,0,0,1,0,0,0,1,1,0,0,1,0,1,0,0,0,1,0,0,1,1,0.1893,0.1972,0.168,-0.3036,0.3788,-0.4298
B-BTC_USDT,2026-08-02T09:20:00+00:00,WEAK_HAMMER_SWEEP,LONG,63264.1,NEUTRAL,43.21,-2.91370169,0.301,0.3142,0.0127,0,0,1,1,1,1,1,1,1,0,1,0,0,0,1,0,0,0,0,0,1,0,1,1,1,1,1,1,1,-0.0217,-0.0232,-0.2135,-0.3356,0.0593,-0.4789
B-BTC_USDT,2026-08-03T01:00:00+00:00,WEAK_HAMMER_SWEEP,LONG,63316.9,NEUTRAL,42.37,-8.22672198,1.134,0.2347,0.0572,0,0,1,1,1,1,1,1,1,0,1,0,0,0,1,1,1,0,1,0,1,1,1,1,1,0,0,1,1,-0.2099,-0.1769,-0.1906,-0.8559,0.0251,-0.9032
B-BTC_USDT,2026-08-03T14:35:00+00:00,WEAK_HAMMER_SWEEP,LONG,63785.7,NEUTRAL,80.79,74.3855608,1.275,2.1724,0.0628,0,1,1,0,0,0,0,0,0,0,1,1,1,1,1,1,1,1,0,1,1,1,1,1,1,1,0,1,1,0.0975,0.0345,0.0981,0.0742,0.4136,-0.2751
B-BTC_USDT,2026-08-03T17:00:00+00:00,WEAK_HAMMER_SWEEP,LONG,63742.6,BULLISH,53.2,-30.04657003,0.623,1.8972,-0.0371,1,0,0,0,0,0,1,1,1,1,1,1,1,0,0,0,0,0,1,0,1,1,0,0,1,0,0,1,1,0.0913,0.1572,0.2294,-0.051,0.4961,-0.0573
B-BTC_USDT,2026-08-04T00:40:00+00:00,WEAK_HAMMER_SWEEP,LONG,63371.2,NEUTRAL,36.13,-7.84987111,1.418,0.0817,-0.154,0,0,0,1,1,1,1,0,0,0,1,0,0,0,1,1,1,1,0,0,1,1,0,0,1,1,0,1,1,-0.053,0.1201,0.6579,1.0487,1.0487,-0.1278
B-BTC_USDT,2026-08-04T01:25:00+00:00,WEAK_HAMMER_SWEEP,LONG,63499.8,BULLISH,54.89,18.64358079,0.829,0.3301,0.2355,1,1,1,1,1,1,1,1,1,1,1,1,0,1,1,1,0,0,0,1,1,1,1,1,1,0,0,1,1,0.454,0.4981,0.2603,0.4578,1.1654,-0.0002
B-BTC_USDT,2026-08-04T06:00:00+00:00,WEAK_HAMMER_SWEEP,LONG,63802.0,BULLISH,46.72,-17.89143151,0.563,0.2788,-0.5045,1,0,0,1,1,1,1,1,1,1,1,0,0,0,1,0,0,0,1,0,1,1,0,0,1,1,0,1,1,0.0439,-0.0828,-0.245,-0.4589,0.0439,-0.5047
B-BTC_USDT,2026-08-04T11:40:00+00:00,WEAK_HAMMER_SWEEP,LONG,63850.5,BULLISH,71.56,16.112847,1.176,0.6604,0.199,1,1,1,1,1,1,0,0,0,0,1,1,1,1,1,1,1,0,1,1,1,1,1,1,1,1,1,1,1,0.0778,-0.1041,0.1287,0.3904,0.5438,-0.4204
B-BTC_USDT,2026-08-05T00:15:00+00:00,WEAK_HAMMER_SWEEP,LONG,64001.4,BULLISH,35.52,-26.40320332,0.77,0.13,-0.5247,1,0,0,1,1,1,1,0,0,0,1,0,0,0,1,0,0,0,1,0,1,1,0,0,1,0,0,1,0,0.137,-0.0553,-0.0336,0.1937,0.7478,-0.1317
B-BTC_USDT,2026-08-05T00:20:00+00:00,WEAK_HAMMER_SWEEP,LONG,64013.6,BULLISH,37.01,-22.98767129,0.701,0.0559,-0.5054,1,0,0,1,1,1,1,0,0,0,1,0,0,0,1,0,0,0,0,0,1,1,0,0,1,1,0,1,1,0.1037,-0.0817,0.0994,0.1486,0.7286,-0.1507
B-BTC_USDT,2026-08-05T00:25:00+00:00,WEAK_HAMMER_SWEEP,LONG,64040.4,BULLISH,40.26,-17.61685988,0.457,0.0987,-0.4627,1,0,0,1,1,1,1,1,1,0,1,0,0,0,1,0,0,0,0,0,1,1,0,0,1,1,1,1,1,0.0,-0.1085,0.0732,0.1405,0.6864,-0.1925
B-BTC_USDT,2026-08-05T02:50:00+00:00,WEAK_HAMMER_SWEEP,LONG,64411.0,BULLISH,62.11,6.50786118,1.146,0.7668,0.0021,1,1,1,1,1,0,1,1,0,1,1,1,1,1,0,1,1,0,0,1,1,0,1,1,1,0,0,1,0,-0.0862,-0.506,-0.415,-0.2871,0.1382,-0.6224
B-BTC_USDT,2026-08-05T06:20:00+00:00,WEAK_HAMMER_SWEEP,LONG,64299.3,BULLISH,54.29,-5.10332217,0.954,0.4498,-0.1974,1,0,0,1,1,1,1,1,1,1,1,1,1,1,0,1,0,0,1,1,1,0,0,0,1,0,0,1,1,-0.0201,-0.1138,-0.425,-0.2477,0.0723,-0.524
B-BTC_USDT,2026-08-05T10:15:00+00:00,WEAK_HAMMER_SWEEP,LONG,64118.4,NEUTRAL,45.88,-0.3754612,2.488,0.2433,-0.0362,0,0,0,1,1,1,1,1,1,1,1,0,0,0,0,1,1,1,1,0,1,0,0,0,1,0,0,1,1,0.0639,-0.1483,-0.1254,0.6263,0.7124,-0.4233
B-BTC_USDT,2026-08-05T14:30:00+00:00,WEAK_HAMMER_SWEEP,LONG,64331.2,BULLISH,52.85,8.92698158,0.593,0.7527,0.3449,1,1,1,1,1,0,1,1,1,1,1,1,1,1,0,0,0,0,1,1,1,1,1,1,1,0,0,0,0,0.1735,0.307,0.3372,0.5151,0.7062,-0.1023
B-BTC_USDT,2026-08-05T17:20:00+00:00,WEAK_HAMMER_SWEEP,LONG,64557.5,BULLISH,50.83,-16.22626436,0.492,1.1006,-0.0862,1,0,0,1,0,0,1,1,1,1,1,0,0,0,0,0,0,0,0,0,1,0,0,0,1,0,0,1,1,0.2209,0.2723,0.1569,0.1719,0.7195,-0.0225
B-BTC_USDT,2026-08-05T18:00:00+00:00,WEAK_HAMMER_SWEEP,LONG,64749.7,BULLISH,64.52,9.26793213,1.198,0.748,0.1469,1,1,1,1,1,1,1,1,0,1,1,1,1,1,1,1,1,0,0,1,1,1,1,1,1,1,0,1,1,-0.1231,-0.1345,0.1787,-0.1524,0.4205,-0.1971
B-BTC_USDT,2026-08-05T22:25:00+00:00,WEAK_HAMMER_SWEEP,LONG,64707.8,BULLISH,46.93,1.16954562,1.02,0.1324,0.0388,1,1,1,1,1,1,1,1,1,1,1,0,0,0,1,1,1,0,1,0,1,0,1,1,1,1,1,1,1,-0.0641,-0.1558,-0.0614,-0.3278,0.0903,-0.4968
B-BTC_USDT,2026-08-06T23:45:00+00:00,WEAK_HAMMER_SWEEP,LONG,64197.1,NEUTRAL,26.33,-9.71041314,1.336,0.0357,-0.2087,0,0,0,1,1,1,0,0,0,0,1,0,0,0,1,1,1,1,1,0,1,1,0,0,1,0,0,1,0,0.2033,0.0757,0.062,0.1829,0.5105,-0.003
B-BTC_USDT,2026-08-07T05:05:00+00:00,WEAK_HAMMER_SWEEP,LONG,64218.1,NEUTRAL,41.82,-5.34793224,0.862,0.1398,-0.0801,0,0,0,1,1,1,1,1,1,0,1,0,0,0,1,1,0,0,0,0,1,1,0,0,1,0,0,1,1,-0.1046,-0.0282,0.1534,0.695,0.6975,-0.1221
B-BTC_USDT,2026-08-07T06:20:00+00:00,WEAK_HAMMER_SWEEP,LONG,64414.4,NEUTRAL,66.99,23.92495126,0.876,0.4442,0.3902,0,1,1,1,1,1,0,0,0,0,1,1,1,1,1,1,0,0,0,1,1,1,1,1,1,1,1,1,1,-0.124,-0.195,-0.0222,0.5648,0.815,-0.2864
B-BTC_USDT,2026-08-07T13:30:00+00:00,WEAK_HAMMER_SWEEP,LONG,65264.7,BULLISH,60.23,-8.92690651,1.044,0.7603,0.2756,1,0,1,1,1,0,1,1,0,1,1,1,1,1,1,1,1,0,1,1,1,0,1,1,1,1,1,1,1,-0.1117,-0.6699,-0.1528,-1.071,0.0627,-1.187
B-BTC_USDT,2026-08-07T16:30:00+00:00,WEAK_HAMMER_SWEEP,LONG,64939.2,BULLISH,46.6,-1.01793309,1.54,0.2809,-0.0792,1,0,0,1,1,1,1,1,1,1,1,0,0,0,1,1,1,1,1,0,1,1,0,0,1,1,0,1,1,-0.0493,-0.3265,-0.5752,-0.0348,0.1172,-0.6917
B-BTC_USDT,2026-08-08T21:40:00+00:00,WEAK_HAMMER_SWEEP,LONG,65033.5,BULLISH,51.48,-1.40279025,1.08,0.0727,-0.0212,1,0,0,1,1,1,1,1,1,1,1,1,0,0,1,1,1,0,1,0,1,0,0,0,1,1,0,1,1,-0.0672,-0.0969,-0.1378,-0.2654,0.0,-0.3177
B-BTC_USDT,2026-08-10T01:05:00+00:00,WEAK_HAMMER_SWEEP,LONG,64955.3,BULLISH,49.08,8.25773915,0.644,0.2477,0.1506,1,1,1,1,1,1,1,1,1,1,1,1,0,0,1,0,0,0,1,1,1,0,1,1,1,0,0,1,1,0.0922,-0.0405,0.1903,0.1121,0.644,-0.1406
B-BTC_USDT,2026-08-10T05:30:00+00:00,WEAK_HAMMER_SWEEP,LONG,65028.0,BULLISH,52.85,3.88508539,0.515,0.2522,0.0177,1,1,1,1,1,1,1,1,1,1,1,1,0,1,1,0,0,0,1,1,1,0,1,1,1,1,0,1,1,-0.0005,0.2021,0.2041,0.1179,0.4927,-0.0088
B-BTC_USDT,2026-08-10T08:15:00+00:00,WEAK_HAMMER_SWEEP,LONG,65258.0,BULLISH,56.35,-9.50388899,0.636,0.5607,0.0102,1,0,1,1,1,1,1,1,1,1,1,1,1,1,1,0,0,0,1,1,1,0,1,1,1,1,0,1,1,-0.0006,-0.1063,-0.1226,-0.3121,0.0749,-0.5057
B-BTC_USDT,2026-08-13T12:30:00+00:00,WEAK_HAMMER_SWEEP,LONG,63599.4,NEUTRAL,57.39,20.48933822,3.153,0.4423,0.3207,0,1,1,1,1,1,1,1,1,1,1,1,0,1,1,1,1,1,1,1,1,0,1,1,1,0,0,1,1,0.0105,0.1769,0.187,-0.3414,0.5994,-0.4896
B-BTC_USDT,2026-08-13T13:30:00+00:00,WEAK_HAMMER_SWEEP,LONG,63718.3,NEUTRAL,60.38,8.62805597,1.586,0.6281,0.2442,0,1,1,1,1,1,1,1,0,1,1,1,1,1,1,1,1,1,0,1,1,0,1,1,1,1,1,1,1,0.1555,-0.0884,0.2963,-0.8809,0.4117,-1.4412
B-BTC_USDT,2026-08-13T13:45:00+00:00,WEAK_HAMMER_SWEEP,LONG,63817.4,NEUTRAL,66.55,19.92589143,1.151,0.7824,0.39,0,1,1,1,1,0,0,0,0,0,1,1,1,1,1,1,1,0,0,1,1,1,1,1,1,0,0,1,1,-0.2435,-0.0273,0.1167,-0.9305,0.2557,-1.5942
B-BTC_USDT,2026-08-13T14:30:00+00:00,WEAK_HAMMER_SWEEP,LONG,63907.1,NEUTRAL,67.13,11.39360172,1.971,0.9217,0.2475,0,1,1,1,1,0,0,0,0,0,1,1,1,1,1,1,1,1,1,1,0,1,1,1,1,1,1,1,1,-0.0238,-0.033,-0.4247,-1.2431,0.115,-1.7324
B-BTC_USDT,2026-08-14T01:00:00+00:00,WEAK_HAMMER_SWEEP,LONG,63544.0,NEUTRAL,59.76,10.22584357,1.972,0.2881,0.1548,0,1,1,1,1,1,1,1,1,1,1,1,1,1,1,1,1,1,1,1,1,1,1,1,1,1,1,1,1,-0.1678,-0.1127,-0.0247,-0.3026,0.0804,-0.4734
B-BTC_USDT,2026-08-15T01:30:00+00:00,WEAK_HAMMER_SWEEP,LONG,63015.0,NEUTRAL,61.74,-1.42512087,0.962,0.3874,0.0054,0,0,1,1,1,1,1,1,0,1,1,1,1,1,1,1,0,0,0,1,1,0,1,1,1,0,0,1,1,-0.0294,0.0268,0.1422,0.1303,0.246,-0.0352
B-BTC_USDT,2026-08-15T15:15:00+00:00,WEAK_HAMMER_SWEEP,LONG,63056.1,NEUTRAL,64.03,2.14434408,3.241,0.2144,0.0709,0,1,1,1,1,1,1,1,0,1,1,1,1,1,1,1,1,1,1,1,0,1,1,1,1,1,1,1,1,0.0155,0.0409,-0.0054,0.0281,0.0653,-0.0706
B-BTC_USDT,2026-08-15T18:50:00+00:00,WEAK_HAMMER_SWEEP,LONG,63021.5,NEUTRAL,43.78,-2.58693317,0.754,0.0374,0.0072,0,0,1,1,1,1,1,1,1,0,1,0,0,0,1,0,0,0,0,0,1,0,1,1,1,1,1,1,1,0.05,0.1049,0.1141,0.1255,0.1906,-0.0002
B-BTC_USDT,2026-08-15T20:25:00+00:00,WEAK_HAMMER_SWEEP,LONG,63047.8,NEUTRAL,45.15,-4.15444052,0.447,0.0574,0.0477,0,0,1,1,1,1,1,1,1,1,1,0,0,0,0,0,0,0,1,0,1,0,1,1,1,1,0,1,1,0.0132,0.0465,0.1101,-0.0109,0.1488,-0.0203
B-BTC_USDT,2026-08-17T03:10:00+00:00,WEAK_HAMMER_SWEEP,LONG,63390.0,BULLISH,69.06,16.3397843,0.749,1.0508,0.0251,1,1,1,1,0,0,0,0,0,0,1,1,1,1,0,0,0,0,1,1,1,1,1,1,1,1,1,1,1,-0.0972,-0.0992,0.1122,0.2642,0.4783,-0.1188
B-BTC_USDT,2026-08-17T11:10:00+00:00,WEAK_HAMMER_SWEEP,LONG,63631.2,BULLISH,70.61,31.27604398,0.578,0.5912,0.5429,1,1,1,1,1,1,0,0,0,0,1,1,1,1,0,0,0,0,1,1,1,1,1,0,1,0,0,1,0,0.0101,0.0583,0.0119,0.3324,0.5262,-0.3437
B-BTC_USDT,2026-08-17T16:20:00+00:00,WEAK_HAMMER_SWEEP,LONG,64067.6,BULLISH,61.93,-5.72088283,0.585,1.0225,0.1176,1,0,1,1,0,0,1,1,0,1,1,1,1,1,0,0,0,0,0,1,1,0,1,1,1,0,0,0,0,0.1194,-0.0328,0.3329,0.4107,0.8322,-0.1925
B-BTC_USDT,2026-08-17T16:30:00+00:00,WEAK_HAMMER_SWEEP,LONG,64090.6,BULLISH,63.23,-10.6502572,0.394,1.058,0.1996,1,0,1,1,0,0,1,1,0,1,1,1,1,1,0,0,0,0,1,1,1,0,1,1,1,1,1,1,1,0.015,-0.0605,0.0176,0.3866,0.7961,-0.2283
B-BTC_USDT,2026-08-17T23:55:00+00:00,WEAK_HAMMER_SWEEP,LONG,64504.1,BULLISH,66.82,18.23334006,3.459,0.4229,0.0039,1,1,1,1,1,1,0,0,0,0,1,1,1,1,0,1,1,1,1,1,1,1,1,1,1,0,0,0,0,-0.1398,-0.1155,-0.2274,-0.553,0.0581,-0.7815
B-BTC_USDT,2026-08-18T08:30:00+00:00,WEAK_HAMMER_SWEEP,LONG,64213.8,BULLISH,50.55,-1.78573709,1.066,0.2451,0.0873,1,0,1,1,1,1,1,1,1,1,1,1,0,0,1,1,1,0,1,0,1,0,1,1,1,1,1,1,0,0.0089,-0.0025,-0.0948,0.0928,0.2588,-0.1771
B-BTC_USDT,2026-08-18T09:30:00+00:00,WEAK_HAMMER_SWEEP,LONG,64152.9,BULLISH,43.64,-8.16767065,0.582,0.1504,-0.1163,1,0,0,1,1,1,1,1,1,0,1,0,0,0,1,0,0,0,0,0,1,0,0,0,1,1,1,1,1,-0.0324,0.0343,0.0173,-0.1185,0.354,-0.2073
B-BTC_USDT,2026-08-18T09:50:00+00:00,WEAK_HAMMER_SWEEP,LONG,64140.3,BULLISH,42.79,-6.33697079,1.358,0.1308,0.0617,1,0,1,1,1,1,1,1,1,0,1,0,0,0,1,1,1,1,1,0,1,0,1,1,1,0,0,1,1,-0.0181,-0.0281,0.0571,-0.0558,0.3737,-0.2512
B-BTC_USDT,2026-08-18T11:30:00+00:00,WEAK_HAMMER_SWEEP,LONG,64350.6,BULLISH,72.58,21.71370974,1.081,0.4572,0.1612,1,1,1,1,1,1,0,0,0,0,1,1,1,1,0,1,1,0,1,1,1,1,1,1,1,0,0,1,1,-0.0253,-0.0572,-0.12,0.7573,1.0991,-0.5772
B-BTC_USDT,2026-08-19T11:15:00+00:00,WEAK_HAMMER_SWEEP,LONG,64482.4,BULLISH,68.74,11.19004455,1.118,0.4076,0.1676,1,1,1,1,1,1,0,0,0,0,1,1,1,1,1,1,1,0,0,1,1,1,1,1,1,1,0,1,1,-0.0002,-0.0205,-0.023,3.3462,3.6353,-0.0887
B-BTC_USDT,2026-08-20T00:35:00+00:00,WEAK_HAMMER_SWEEP,LONG,69662.6,BULLISH,60.8,26.07676928,1.545,1.5528,0.673,1,1,1,0,0,0,1,1,0,1,1,1,1,1,0,1,1,1,1,1,1,1,1,0,1,1,0,1,1,-0.2557,-0.5255,-0.153,-0.5573,0.2947,-1.1204
B-BTC_USDT,2026-08-20T05:05:00+00:00,WEAK_HAMMER_SWEEP,LONG,69508.3,BULLISH,61.69,33.55125124,1.537,0.9009,0.0227,1,1,1,1,1,0,1,1,0,1,1,1,1,1,0,1,1,1,1,1,1,0,1,1,1,0,0,1,0,0.1962,0.0101,-0.2148,3.3655,3.4941,-0.2561
B-BTC_USDT,2026-08-20T07:00:00+00:00,WEAK_HAMMER_SWEEP,LONG,69846.0,BULLISH,67.71,31.88484394,1.024,1.38,0.3371,1,1,1,1,0,0,0,0,0,0,1,1,1,1,0,1,1,0,1,1,1,1,1,1,1,0,0,1,1,-0.34,-0.3795,-0.0001,3.1423,3.7819,-0.5211
B-BTC_USDT,2026-08-20T14:45:00+00:00,WEAK_HAMMER_SWEEP,LONG,71528.7,BULLISH,44.57,-14.37070675,0.486,0.5993,-0.1337,1,0,0,1,1,1,1,1,1,0,1,0,0,0,1,0,0,0,0,0,1,0,0,0,1,0,0,1,1,1.0724,0.9509,1.1008,1.3561,1.9805,-0.0211
B-BTC_USDT,2026-08-20T15:45:00+00:00,WEAK_HAMMER_SWEEP,LONG,72316.1,BULLISH,59.63,44.67545899,0.902,1.6816,0.1675,1,1,1,0,0,0,1,1,1,1,1,1,1,1,0,1,0,0,1,1,1,1,1,1,1,1,1,1,1,-0.0239,-0.0071,0.2947,0.4432,0.8701,-0.2161
B-BTC_USDT,2026-08-20T17:35:00+00:00,WEAK_HAMMER_SWEEP,LONG,72772.4,BULLISH,62.85,-0.05502262,0.655,2.2981,0.0239,1,0,1,0,0,0,1,1,0,1,1,1,1,1,0,0,0,0,0,1,1,1,1,1,1,0,0,1,1,0.1105,-0.3382,-0.4849,-0.0577,0.4597,-0.6765
B-BTC_USDT,2026-08-20T18:40:00+00:00,WEAK_HAMMER_SWEEP,LONG,72469.7,BULLISH,46.39,-49.12558184,0.568,1.5066,-0.3888,1,0,0,0,0,0,1,1,1,1,1,0,0,0,1,0,0,0,0,0,1,1,0,0,1,1,0,1,1,-0.0984,-0.0272,0.2906,0.2586,0.8793,-0.2616
B-BTC_USDT,2026-08-20T19:55:00+00:00,WEAK_HAMMER_SWEEP,LONG,72649.7,BULLISH,56.64,16.24194855,1.086,0.6743,0.0443,1,1,1,1,1,1,1,1,1,1,1,1,1,1,0,1,1,0,1,1,1,1,1,1,1,0,0,1,0,0.0204,0.1999,-0.0154,0.4804,1.0324,-0.2629
B-BTC_USDT,2026-08-20T23:50:00+00:00,WEAK_HAMMER_SWEEP,LONG,73078.2,BULLISH,62.97,24.56984022,1.127,0.8477,-0.15,1,1,0,1,1,0,1,1,0,1,1,1,1,1,0,1,1,0,1,1,1,0,0,0,1,0,0,1,1,0.2303,0.9504,0.7667,2.1302,3.68,-0.1466
B-BTC_USDT,2026-08-21T11:00:00+00:00,WEAK_HAMMER_SWEEP,LONG,77810.2,BULLISH,52.41,-68.20099621,0.805,2.8701,0.1068,1,0,1,0,0,0,1,1,1,1,1,1,1,1,1,1,0,0,1,0,1,0,1,1,1,0,0,1,1,-0.6502,-1.7022,-1.4463,-0.3742,0.0614,-2.0218
B-BTC_USDT,2026-08-21T19:45:00+00:00,WEAK_HAMMER_SWEEP,LONG,77174.6,BULLISH,49.66,21.46253574,0.461,0.7751,0.5589,1,1,1,1,1,0,1,1,1,1,1,1,0,0,1,0,0,0,0,1,1,0,1,0,1,0,0,1,1,-0.0478,0.28,0.2912,1.3801,2.0398,-0.4652
B-BTC_USDT,2026-08-21T21:20:00+00:00,WEAK_HAMMER_SWEEP,LONG,78014.5,BULLISH,72.32,54.28217884,3.826,1.8434,0.1857,1,1,1,0,0,0,0,0,0,0,1,1,1,1,1,1,1,1,1,1,0,1,1,1,1,1,1,1,1,-0.0246,0.7996,0.6367,-0.0468,0.9412,-0.4676
B-BTC_USDT,2026-08-22T08:40:00+00:00,WEAK_HAMMER_SWEEP,LONG,77275.6,NEUTRAL,46.72,-3.23794362,1.558,0.9907,-0.2378,0,0,0,1,1,0,1,1,1,1,1,0,0,0,1,1,1,1,1,0,1,0,0,0,1,1,1,1,1,-0.1062,0.1033,-0.1163,0.0884,0.1416,-0.987
B-BTC_USDT,2026-08-22T12:15:00+00:00,WEAK_HAMMER_SWEEP,LONG,77254.9,NEUTRAL,61.3,34.81038596,0.717,0.9605,0.1224,0,1,1,1,1,0,1,1,0,1,1,1,0,1,0,0,0,0,1,1,1,1,1,1,1,0,0,1,0,-0.0361,0.1146,-0.1429,-0.0835,0.1749,-0.4749
B-BTC_USDT,2026-08-23T18:05:00+00:00,WEAK_HAMMER_SWEEP,LONG,77199.9,BULLISH,46.6,-12.40264861,2.212,0.5671,-0.0447,1,0,0,1,1,1,1,1,1,1,1,0,0,0,1,1,1,1,1,0,1,1,0,0,1,1,0,1,1,0.112,0.1334,0.1196,0.6543,1.111,-0.0422
B-BTC_USDT,2026-08-23T21:10:00+00:00,WEAK_HAMMER_SWEEP,LONG,77670.0,BULLISH,74.04,35.56909625,2.308,0.7659,0.1308,1,1,1,1,1,0,0,0,0,0,1,1,1,1,1,1,1,1,1,1,0,1,1,1,1,1,0,1,1,0.4259,-0.072,-0.0037,-0.325,0.499,-0.7277
B-BTC_USDT,2026-08-23T21:55:00+00:00,WEAK_HAMMER_SWEEP,LONG,77808.8,BULLISH,61.27,3.90098876,0.691,0.943,-0.0623,1,1,0,1,1,0,1,1,0,1,1,1,1,1,0,0,0,0,1,1,1,0,0,0,1,1,1,1,1,-0.1821,-0.2234,-0.2961,-1.1771,0.1951,-1.1834
B-BTC_USDT,2026-08-23T22:35:00+00:00,WEAK_HAMMER_SWEEP,LONG,77672.0,BULLISH,52.36,-26.32525054,0.384,0.6498,-0.025,1,0,0,1,1,1,1,1,1,1,1,1,1,0,1,0,0,0,1,0,1,0,0,0,1,1,0,1,1,-0.0806,-0.2727,-0.1981,-0.3241,0.1687,-1.0492
B-BTC_USDT,2026-08-24T06:20:00+00:00,WEAK_HAMMER_SWEEP,LONG,77386.2,BULLISH,63.27,45.95348196,0.471,0.9526,0.7713,1,1,1,1,1,0,1,1,0,1,1,1,0,1,1,0,0,0,0,1,1,1,1,0,1,0,0,1,1,-0.1888,0.0787,0.3317,0.6072,0.7129,-0.7538
B-BTC_USDT,2026-08-24T21:45:00+00:00,WEAK_HAMMER_SWEEP,LONG,78980.1,BULLISH,56.33,13.52599043,1.322,0.6005,0.381,1,1,1,1,1,1,1,1,1,1,1,1,1,1,1,1,1,1,1,1,1,1,1,1,1,1,0,1,0,-0.1384,-0.2027,-0.2583,0.881,1.2382,-0.507
B-BTC_USDT,2026-08-24T23:35:00+00:00,WEAK_HAMMER_SWEEP,LONG,78911.9,BULLISH,56.81,16.81716244,0.5,0.4962,0.1882,1,1,1,1,1,1,1,1,1,1,1,1,0,1,1,0,0,0,0,1,1,0,1,1,1,1,1,1,1,-0.1236,-0.0089,0.0291,2.3724,2.9889,-0.2993
B-BTC_USDT,2026-08-25T03:00:00+00:00,WEAK_HAMMER_SWEEP,LONG,80810.9,BULLISH,68.23,6.04281873,0.55,2.761,0.168,1,1,1,0,0,0,0,0,0,0,1,1,1,1,0,0,0,0,1,1,1,1,1,1,1,1,1,1,1,-0.0984,-0.1062,-0.5528,-0.0989,0.1499,-0.8451
B-BTC_USDT,2026-08-25T08:55:00+00:00,WEAK_HAMMER_SWEEP,LONG,79899.0,BULLISH,39.9,1.548854,0.303,0.7641,-0.1278,1,1,0,1,1,0,1,0,0,0,1,0,0,0,1,0,0,0,0,0,1,0,0,0,1,0,0,1,1,-0.1101,-0.1363,-0.9238,-1.1879,0.0388,-1.6258
B-BTC_USDT,2026-08-25T11:55:00+00:00,WEAK_HAMMER_SWEEP,LONG,79097.0,NEUTRAL,38.53,9.2366857,0.892,0.341,0.0009,0,1,1,1,1,1,1,0,0,0,1,0,0,0,0,1,0,0,0,0,1,1,1,1,1,1,0,1,0,-0.0527,-0.2975,-0.186,0.4628,0.5094,-1.2604
B-BTC_USDT,2026-08-25T12:25:00+00:00,WEAK_HAMMER_SWEEP,LONG,78861.7,NEUTRAL,36.52,-9.34903454,1.784,0.2894,0.0863,0,0,1,1,1,1,1,0,0,0,1,0,0,0,0,1,1,1,1,0,1,1,1,1,1,0,0,1,1,0.0592,0.1118,-0.3126,0.3138,0.86,-0.9657
B-BTC_USDT,2026-08-26T07:00:00+00:00,WEAK_HAMMER_SWEEP,LONG,78991.1,NEUTRAL,53.92,0.74101258,1.078,0.4951,-0.0374,0,1,0,1,1,1,1,1,1,1,1,1,1,1,1,1,1,0,1,1,1,1,0,0,1,1,1,1,1,-0.079,-0.0556,-0.1763,-0.3585,0.1225,-0.9914
B-BTC_USDT,2026-08-27T00:40:00+00:00,WEAK_HAMMER_SWEEP,LONG,78842.5,NEUTRAL,52.14,-18.33370938,0.859,0.6448,-0.0784,0,0,0,1,1,1,1,1,1,1,1,1,1,0,1,1,0,0,1,0,1,0,0,0,1,1,0,1,1,-0.244,-0.2719,-0.2099,-0.0742,0.1858,-0.4064
B-BTC_USDT,2026-08-27T15:40:00+00:00,WEAK_HAMMER_SWEEP,LONG,80459.5,BULLISH,63.9,9.80975486,0.631,1.983,-0.0862,1,1,0,0,0,0,1,1,0,1,1,1,1,1,0,0,0,0,1,1,1,0,0,0,1,0,0,1,0,-0.231,-0.1017,0.0906,-0.6085,0.4792,-0.9353
B-BTC_USDT,2026-08-27T18:50:00+00:00,WEAK_HAMMER_SWEEP,LONG,79984.6,BULLISH,40.05,-42.02076107,0.259,0.3471,-0.89,1,0,0,1,1,1,1,1,1,0,1,0,0,0,1,0,0,0,0,0,1,0,0,0,1,1,0,1,1,0.252,0.1193,0.0433,0.2663,0.5187,-0.2308
B-BTC_USDT,2026-08-28T00:25:00+00:00,WEAK_HAMMER_SWEEP,LONG,80380.0,BULLISH,62.47,10.64581008,2.112,0.5653,0.2014,1,1,1,1,1,1,1,1,0,1,1,1,1,1,1,1,1,1,0,1,1,1,1,1,1,0,0,1,0,0.0049,0.1959,0.8906,-0.7402,1.3934,-1.0199
B-BTC_USDT,2026-08-28T05:00:00+00:00,WEAK_HAMMER_SWEEP,LONG,79680.1,NEUTRAL,41.81,7.02697479,1.428,0.1505,0.0313,0,1,1,1,1,1,1,1,1,0,1,0,0,0,1,1,1,1,1,0,1,0,1,1,1,1,1,1,1,-0.1004,0.13,0.1576,-0.5093,0.3651,-0.5427
B-BTC_USDT,2026-08-29T16:30:00+00:00,WEAK_HAMMER_SWEEP,LONG,77950.8,NEUTRAL,58.86,-0.55664423,0.815,0.6137,0.1179,0,0,1,1,1,1,1,1,1,1,1,1,1,1,1,1,0,0,1,1,1,0,1,1,1,0,0,1,1,0.06,0.0979,-0.0505,0.1736,0.4671,-0.1124
B-BTC_USDT,2026-08-30T02:30:00+00:00,WEAK_HAMMER_SWEEP,LONG,78009.7,NEUTRAL,40.22,-0.512628,0.592,0.0717,-0.0002,0,0,0,1,1,1,1,1,1,0,1,0,0,0,0,0,0,0,0,0,1,0,0,0,1,0,0,1,1,0.0918,0.0491,0.2438,0.2091,0.2583,-0.0831
B-BTC_USDT,2026-08-30T03:20:00+00:00,WEAK_HAMMER_SWEEP,LONG,78062.0,NEUTRAL,48.98,4.6175529,0.64,0.1386,-0.0125,0,1,0,1,1,1,1,1,1,1,1,1,0,0,1,0,0,0,1,1,1,0,0,0,1,1,1,1,1,0.1126,0.0601,0.017,0.1706,0.2911,-0.15
B-BTC_USDT,2026-08-30T13:40:00+00:00,WEAK_HAMMER_SWEEP,LONG,78754.2,NEUTRAL,68.19,-6.22619445,0.429,1.0422,0.1686,0,0,1,1,0,0,0,0,0,0,1,1,1,1,1,0,0,0,1,1,1,0,1,1,1,1,1,1,1,0.0806,0.1623,-0.0333,0.322,0.8002,-0.2068
B-BTC_USDT,2026-08-30T16:20:00+00:00,WEAK_HAMMER_SWEEP,LONG,79086.5,BULLISH,65.76,30.79449701,1.181,0.8036,0.1279,1,1,1,1,1,0,0,0,0,0,1,1,1,1,1,1,1,0,0,1,0,1,1,1,1,0,0,1,1,0.0092,0.1081,-0.3085,-0.2554,0.3767,-0.5165
B-BTC_USDT,2026-08-30T16:50:00+00:00,WEAK_HAMMER_SWEEP,LONG,79172.0,BULLISH,65.03,22.63004599,0.639,0.7888,0.2288,1,1,1,1,1,0,0,0,0,0,1,1,1,1,0,0,0,0,0,1,1,0,1,1,1,1,0,1,1,-0.0213,-0.4162,-0.2309,-0.6493,0.2683,-1.0231
B-BTC_USDT,2026-08-30T19:45:00+00:00,WEAK_HAMMER_SWEEP,LONG,78762.3,BULLISH,35.96,-27.81413128,2.087,0.0697,-0.2645,1,0,0,1,1,1,1,0,0,0,1,0,0,0,0,1,1,1,1,0,1,1,0,0,1,0,0,1,1,0.082,0.1113,-0.1554,-1.8144,0.1746,-2.3045
B-BTC_USDT,2026-08-30T22:50:00+00:00,WEAK_HAMMER_SWEEP,LONG,78405.1,NEUTRAL,40.77,-4.56639664,0.573,0.2937,0.006,0,0,1,1,1,1,1,1,1,0,1,0,0,0,1,0,0,0,0,0,1,1,1,1,1,0,0,1,1,-0.1287,-0.5792,-1.1097,-1.2875,0.0945,-1.8594
B-BTC_USDT,2026-08-31T16:00:00+00:00,WEAK_HAMMER_SWEEP,LONG,78563.6,BULLISH,58.6,13.33066428,0.585,1.1462,0.1949,1,1,1,1,0,0,1,1,1,1,1,1,1,1,0,0,0,0,0,1,1,0,1,1,1,0,0,0,0,0.1475,0.0397,0.1016,0.3775,0.8463,-0.1443
B-BTC_USDT,2026-09-02T18:45:00+00:00,WEAK_HAMMER_SWEEP,LONG,77362.1,NEUTRAL,55.47,-2.17291224,0.478,0.8525,-0.0017,0,0,0,1,1,0,1,1,1,1,1,1,1,1,1,0,0,0,1,1,1,0,0,0,1,1,1,1,1,-0.049,-0.1197,-0.2272,-0.4241,0.1652,-0.49
B-BTC_USDT,2026-09-03T03:45:00+00:00,WEAK_HAMMER_SWEEP,LONG,77650.0,NEUTRAL,53.77,-29.26491597,0.497,0.9307,-0.1511,0,0,0,1,1,0,1,1,1,1,1,1,1,1,0,0,0,0,1,0,1,0,0,0,1,1,0,1,1,0.0703,-0.128,-0.0631,0.0702,0.6371,-0.7678
B-BTC_USDT,2026-09-03T06:30:00+00:00,WEAK_HAMMER_SWEEP,LONG,77763.6,NEUTRAL,58.87,27.27681565,0.635,0.9128,0.0508,0,1,1,1,1,0,1,1,1,1,1,1,1,1,0,0,0,0,1,1,1,1,1,1,1,1,1,1,1,0.0267,0.4394,0.1611,-0.3736,0.4901,-0.4383
B-BTC_USDT,2026-09-03T09:05:00+00:00,WEAK_HAMMER_SWEEP,LONG,77850.1,NEUTRAL,52.2,-11.32317258,1.234,1.0229,-0.0857,0,0,0,1,0,0,1,1,1,1,1,1,1,0,1,1,1,1,1,1,1,0,0,0,1,1,1,1,1,-0.0818,-0.2045,-0.2898,0.823,1.1565,-0.5489
B-BTC_USDT,2026-09-03T12:05:00+00:00,WEAK_HAMMER_SWEEP,LONG,77926.8,BULLISH,64.53,13.95543343,0.653,0.6468,0.0256,1,1,1,1,1,1,1,1,0,1,1,1,1,1,0,0,0,0,0,1,1,0,1,1,1,0,0,1,1,0.0339,0.517,0.7238,3.8779,4.3715,-0.0312
B-BTC_USDT,2026-09-03T17:00:00+00:00,WEAK_HAMMER_SWEEP,LONG,80955.9,BULLISH,61.57,-63.95204725,0.279,3.1345,0.0027,1,0,1,0,0,0,1,1,0,1,1,1,1,1,1,0,0,0,1,1,1,0,1,1,1,0,0,1,1,0.0582,0.1621,0.2259,0.4684,1.0077,-0.1385
B-BTC_USDT,2026-09-03T17:05:00+00:00,WEAK_HAMMER_SWEEP,LONG,80967.4,BULLISH,61.86,-59.48450022,0.354,3.1483,0.0169,1,0,1,0,0,0,1,1,0,1,1,1,1,1,1,0,0,0,1,1,1,0,1,1,1,0,0,1,1,-0.0026,0.1882,0.3962,0.4703,0.9934,-0.1527
B-BTC_USDT,2026-09-04T04:45:00+00:00,WEAK_HAMMER_SWEEP,LONG,81012.7,BULLISH,54.47,14.70621978,0.663,0.4921,0.1738,1,1,1,1,1,1,1,1,1,1,1,1,1,1,0,0,0,0,0,1,1,1,1,1,1,0,0,0,0,-0.0546,0.0746,-0.1933,0.0849,0.2312,-0.6847
B-BTC_USDT,2026-09-04T10:50:00+00:00,WEAK_HAMMER_SWEEP,LONG,81074.1,BULLISH,55.6,4.60166294,0.612,0.7599,0.027,1,1,1,1,1,0,1,1,1,1,1,1,1,1,1,0,0,0,1,1,1,1,1,1,1,1,0,1,1,0.0813,0.2046,0.2049,-2.8301,0.3745,-3.0293
B-BTC_USDT,2026-09-04T12:05:00+00:00,WEAK_HAMMER_SWEEP,LONG,81177.6,NEUTRAL,54.07,-5.5367655,1.833,0.8865,0.0246,0,0,1,1,1,0,1,1,1,1,1,1,1,1,0,1,1,1,1,1,1,0,1,1,1,0,0,1,0,0.0016,-1.5549,-2.3643,-2.175,0.1806,-3.153
B-BTC_USDT,2026-09-04T17:35:00+00:00,WEAK_HAMMER_SWEEP,LONG,79531.3,NEUTRAL,50.24,-22.15445835,0.827,1.1482,-0.1795,0,0,0,1,0,0,1,1,1,1,1,0,0,0,1,1,0,0,1,0,1,0,0,0,1,1,1,1,1,-0.1275,0.0406,0.0063,0.2639,0.3699,-0.2306
B-BTC_USDT,2026-09-04T22:10:00+00:00,WEAK_HAMMER_SWEEP,LONG,79647.9,NEUTRAL,46.27,-14.41236555,1.276,0.2348,-0.1163,0,0,0,1,1,1,1,1,1,1,1,0,0,0,1,1,1,1,1,0,1,1,0,0,1,1,1,1,1,0.0208,-0.0434,-0.1006,-0.1544,0.0949,-0.2668
B-BTC_USDT,2026-09-05T01:25:00+00:00,WEAK_HAMMER_SWEEP,LONG,79649.4,NEUTRAL,55.27,8.86752131,1.909,0.2367,0.0526,0,1,1,1,1,1,1,1,1,1,1,1,0,1,1,1,1,1,1,1,1,1,1,1,1,0,0,1,1,-0.0611,-0.1975,-0.2062,-0.1248,0.0323,-0.3066
B-BTC_USDT,2026-09-05T15:50:00+00:00,WEAK_HAMMER_SWEEP,LONG,79719.9,BULLISH,56.62,2.88198834,0.768,0.2758,0.0302,1,1,1,1,1,1,1,1,1,1,1,1,1,1,1,0,0,0,1,1,1,0,1,1,1,0,0,1,1,0.0332,0.1253,0.4331,-0.0084,0.5608,-0.0571
B-BTC_USDT,2026-09-06T00:50:00+00:00,WEAK_HAMMER_SWEEP,LONG,79845.2,BULLISH,53.66,1.26811231,0.899,0.2233,0.1097,1,1,1,1,1,1,1,1,1,1,1,1,1,1,0,1,0,0,1,1,1,0,1,1,1,0,0,0,0,0.1186,0.0637,0.106,0.0298,0.2946,-0.069
B-BTC_USDT,2026-09-06T07:35:00+00:00,WEAK_HAMMER_SWEEP,LONG,79785.1,NEUTRAL,48.32,6.01339401,0.47,0.3278,0.205,0,1,1,1,1,1,1,1,1,1,1,0,0,0,1,0,0,0,0,0,1,0,1,1,1,0,0,1,1,-0.0076,0.0604,-0.03,0.1127,0.2667,-0.0885
B-BTC_USDT,2026-09-06T09:00:00+00:00,WEAK_HAMMER_SWEEP,LONG,79838.0,BULLISH,56.87,7.44774383,0.576,0.3938,0.2592,1,1,1,1,1,1,1,1,1,1,1,1,0,1,1,0,0,0,0,1,1,1,1,1,1,1,0,1,1,0.0698,0.1229,0.0589,0.0478,0.2003,-0.0311
B-BTC_USDT,2026-09-06T09:55:00+00:00,WEAK_HAMMER_SWEEP,LONG,79851.9,BULLISH,52.34,-2.87261799,2.15,0.4111,0.0094,1,0,1,1,1,1,1,1,1,1,1,1,1,0,0,1,1,1,1,1,1,0,1,1,1,1,0,1,0,0.0462,0.1126,0.1408,-0.072,0.1828,-0.1653
B-BTC_USDT,2026-09-06T15:30:00+00:00,WEAK_HAMMER_SWEEP,LONG,79606.7,NEUTRAL,44.7,9.52273546,0.299,0.6047,0.2324,0,1,1,1,1,1,1,1,1,0,1,0,0,0,1,0,0,0,1,0,1,0,1,1,1,0,0,1,1,0.0701,-0.0504,0.1609,0.2433,0.4187,-0.0805
B-BTC_USDT,2026-09-06T19:55:00+00:00,WEAK_HAMMER_SWEEP,LONG,79804.7,BULLISH,51.21,-13.52030379,2.557,0.3284,-0.133,1,0,0,1,1,1,1,1,1,1,1,0,0,0,1,1,1,1,1,0,1,1,0,0,1,1,1,1,1,-0.0234,0.1111,0.0857,0.622,0.9165,-0.2565
B-BTC_USDT,2026-09-07T00:45:00+00:00,WEAK_HAMMER_SWEEP,LONG,80122.9,BULLISH,49.33,-33.12976776,0.863,0.6526,-0.0588,1,0,0,1,1,1,1,1,1,1,1,0,0,0,1,1,0,0,1,0,1,1,0,0,1,0,0,1,1,0.0801,-0.295,-0.3754,-0.5926,0.3593,-0.7764
B-BTC_USDT,2026-09-07T00:55:00+00:00,WEAK_HAMMER_SWEEP,LONG,80122.0,BULLISH,49.31,-28.58531516,1.177,0.6515,-0.0351,1,0,0,1,1,1,1,1,1,1,1,0,0,0,1,1,1,0,1,0,1,1,0,0,1,0,0,1,1,-0.248,-0.2973,-0.2934,-0.5442,0.3605,-0.7753
B-BTC_USDT,2026-09-07T01:25:00+00:00,WEAK_HAMMER_SWEEP,LONG,79883.8,NEUTRAL,37.37,-42.33294412,1.016,0.3553,-0.2943,0,0,0,1,1,1,1,0,0,0,1,0,0,0,1,1,1,0,1,0,1,0,0,0,1,0,0,1,1,-0.085,0.0039,0.1435,-0.0811,0.6597,-0.4794
B-BTC_USDT,2026-09-07T04:10:00+00:00,WEAK_HAMMER_SWEEP,LONG,79658.5,NEUTRAL,41.82,-8.40161982,1.111,0.1707,-0.2943,0,0,0,1,1,1,1,1,1,0,1,0,0,0,1,1,1,0,1,0,1,0,0,0,1,1,0,1,1,-0.1097,-0.0147,0.0929,-0.2974,0.2943,-0.9036
B-BTC_USDT,2026-09-07T04:35:00+00:00,WEAK_HAMMER_SWEEP,LONG,79584.8,NEUTRAL,38.12,2.45178183,0.765,0.0922,-0.0374,0,1,0,1,1,1,1,0,0,0,1,0,0,0,1,0,0,0,1,0,1,0,0,0,1,0,0,1,1,0.0383,0.1474,0.3042,-0.2394,0.3871,-0.8118
B-BTC_USDT,2026-09-08T00:10:00+00:00,WEAK_HAMMER_SWEEP,LONG,79023.2,NEUTRAL,47.66,7.670644,1.002,0.361,-0.02,0,1,0,1,1,1,1,1,1,1,1,0,0,0,0,1,1,0,1,1,1,1,0,0,1,0,0,1,1,-0.0663,0.2097,0.3008,-0.2956,0.573,-0.4213
B-BTC_USDT,2026-09-08T01:05:00+00:00,WEAK_HAMMER_SWEEP,LONG,79313.1,NEUTRAL,66.47,29.0100704,1.19,0.7252,0.4001,0,1,1,1,1,1,0,0,0,0,1,1,1,1,1,1,1,0,1,1,1,1,1,1,1,1,0,1,1,0.0377,-0.0207,-0.0166,-0.8387,0.2054,-1.0164
B-BTC_USDT,2026-09-08T01:45:00+00:00,WEAK_HAMMER_SWEEP,LONG,79336.1,NEUTRAL,62.31,4.43421895,0.498,0.754,0.0751,0,1,1,1,1,0,1,1,0,1,1,1,1,1,0,0,0,0,1,1,1,0,1,1,1,1,1,1,1,0.0161,-0.0689,-0.3126,-0.8532,0.1763,-1.045
B-BTC_USDT,2026-09-08T15:05:00+00:00,WEAK_HAMMER_SWEEP,LONG,78557.8,NEUTRAL,64.74,52.22733876,0.349,1.2191,0.7991,0,1,1,1,0,0,1,1,0,1,1,1,1,1,0,0,0,0,0,1,1,1,1,0,1,1,0,1,1,-0.072,0.0423,0.1684,-0.1764,0.5196,-0.4166
B-BTC_USDT,2026-09-09T00:35:00+00:00,WEAK_HAMMER_SWEEP,LONG,78629.3,NEUTRAL,61.92,17.24033111,0.63,0.3422,-0.0326,0,1,0,1,1,1,1,1,0,1,1,1,1,1,0,0,0,0,1,1,1,1,0,0,1,1,0,1,1,0.1534,0.1768,0.2171,0.3319,0.3656,-0.1619
B-BTC_USDT,2026-09-09T13:15:00+00:00,WEAK_HAMMER_SWEEP,LONG,79480.0,BULLISH,62.04,1.09280878,0.588,0.9936,-0.0063,1,1,0,1,1,0,1,1,0,1,1,1,1,1,0,0,0,0,0,1,1,0,0,0,1,0,0,1,1,0.1814,-0.2677,-0.6873,-0.862,0.2115,-1.8369
B-BTC_USDT,2026-09-10T05:25:00+00:00,WEAK_HAMMER_SWEEP,LONG,78444.1,NEUTRAL,58.05,2.96229272,2.056,0.6781,0.1241,0,1,1,1,1,1,1,1,1,1,1,1,1,1,1,1,1,1,1,1,0,1,1,1,1,1,1,1,1,-0.069,0.0756,-0.3348,-0.3436,0.1248,-0.735
B-BTC_USDT,2026-09-11T12:15:00+00:00,WEAK_HAMMER_SWEEP,LONG,76925.1,NEUTRAL,48.82,19.12657248,1.962,0.2938,0.2027,0,1,1,1,1,1,1,1,1,1,1,1,0,0,0,1,1,1,1,1,1,0,1,1,1,0,0,0,0,0.25,1.177,0.9781,0.7145,3.815,-1.2022
B-BTC_USDT,2026-09-11T12:25:00+00:00,WEAK_HAMMER_SWEEP,LONG,77058.0,NEUTRAL,59.0,25.38239519,7.396,0.4658,-0.0862,0,1,0,1,1,1,1,1,1,1,1,1,0,1,1,1,1,1,1,1,1,1,0,0,1,1,0,0,0,0.649,1.213,0.5563,0.749,3.636,-1.3726
B-BTC_USDT,2026-09-11T13:35:00+00:00,WEAK_HAMMER_SWEEP,LONG,77619.2,NEUTRAL,58.61,-12.0932394,0.828,2.0857,1.0753,0,0,1,0,0,0,1,1,1,1,1,1,1,1,0,1,0,0,1,1,1,0,0,0,1,1,0,1,1,1.3053,1.7816,1.4112,-0.087,2.8867,-0.4585
B-BTC_USDT,2026-09-11T16:55:00+00:00,WEAK_HAMMER_SWEEP,LONG,77873.0,NEUTRAL,45.98,4.15567478,0.295,0.8496,0.0378,0,1,1,1,1,0,1,1,1,1,1,0,0,0,1,0,0,0,0,0,1,0,1,1,1,0,0,1,0,-0.2035,-0.0936,-0.4868,-0.7415,0.0656,-1.3293
B-BTC_USDT,2026-09-13T16:10:00+00:00,WEAK_HAMMER_SWEEP,LONG,77165.7,NEUTRAL,60.05,-7.56400593,1.291,0.8438,0.0061,0,0,1,1,1,0,1,1,0,1,1,1,1,1,1,1,1,1,1,1,1,1,1,1,1,1,0,1,0,0.0565,0.1518,0.2276,0.1387,0.2868,-0.0181
B-BTC_USDT,2026-09-13T19:50:00+00:00,WEAK_HAMMER_SWEEP,LONG,77246.3,NEUTRAL,48.36,-11.24276879,0.609,0.2128,-0.0928,0,0,0,1,1,1,1,1,1,1,1,0,0,0,1,0,0,0,1,0,1,0,0,0,1,1,1,1,1,0.0,0.054,0.0932,-0.587,0.2344,-0.8417
B-BTC_USDT,2026-09-14T01:05:00+00:00,WEAK_HAMMER_SWEEP,LONG,76795.9,NEUTRAL,50.21,16.15054167,0.76,0.5805,0.0494,0,1,1,1,1,1,1,1,1,1,1,1,0,1,1,0,0,0,1,1,1,0,1,1,1,0,0,1,1,-0.0595,0.0176,0.5431,0.9821,1.3605,-0.2425
B-BTC_USDT,2026-09-14T05:35:00+00:00,WEAK_HAMMER_SWEEP,LONG,77583.7,BULLISH,53.75,-18.97405336,0.531,1.2554,-0.0274,1,0,0,1,0,0,1,1,1,1,1,1,1,0,1,0,0,0,1,1,1,1,0,0,1,1,1,1,1,-0.1156,0.1855,-0.1338,0.2544,0.4889,-0.3212
B-BTC_USDT,2026-09-15T00:30:00+00:00,WEAK_HAMMER_SWEEP,LONG,78006.3,NEUTRAL,26.46,-7.51103173,0.66,0.0751,-0.46,0,0,0,1,1,1,0,0,0,0,1,0,0,0,1,0,0,0,0,0,1,0,0,0,1,0,0,1,1,-0.0592,-0.2675,-0.1094,-0.5692,0.08,-0.6269
B-BTC_USDT,2026-09-15T09:25:00+00:00,WEAK_HAMMER_SWEEP,LONG,76882.8,NEUTRAL,40.64,24.82830359,0.765,0.2803,-0.0412,0,1,0,1,1,1,1,1,1,0,1,0,0,0,0,0,0,0,1,1,1,0,0,0,1,0,0,1,1,0.0965,0.0832,-0.0321,0.0397,0.397,-0.0983
B-BTC_USDT,2026-09-16T11:40:00+00:00,WEAK_HAMMER_SWEEP,LONG,76205.1,NEUTRAL,70.8,13.44553448,5.926,1.1767,0.0881,0,1,1,1,0,0,0,0,0,0,1,1,1,1,1,1,1,1,1,1,0,1,1,1,1,1,1,1,1,0.0067,-0.1563,-0.3736,-0.6727,0.0923,-1.0749
B-BTC_USDT,2026-09-16T20:00:00+00:00,WEAK_HAMMER_SWEEP,LONG,76240.1,NEUTRAL,61.16,47.67865565,0.519,1.5938,0.4532,0,1,1,0,0,0,1,1,0,1,1,1,1,1,1,0,0,0,1,1,1,1,1,1,1,1,1,1,1,0.1112,-0.069,-0.1578,-0.0195,0.1987,-0.828
B-BTC_USDT,2026-09-17T03:30:00+00:00,WEAK_HAMMER_SWEEP,LONG,76469.8,NEUTRAL,59.51,14.03582372,0.771,0.5947,0.1922,0,1,1,1,1,1,1,1,1,1,1,1,1,1,1,0,0,0,1,1,1,1,1,1,1,0,0,1,0,-0.0422,-0.1387,-0.4008,0.0167,0.2457,-0.4224
B-BTC_USDT,2026-09-17T17:30:00+00:00,WEAK_HAMMER_SWEEP,LONG,76927.6,BULLISH,61.82,20.65405242,1.514,1.2383,0.2521,1,1,1,1,0,0,1,1,0,1,1,1,1,1,1,1,1,1,1,1,1,1,1,1,1,1,0,1,1,-0.4058,-0.3554,-0.4603,-0.5179,0.0214,-0.6549
B-BTC_USDT,2026-09-17T19:30:00+00:00,WEAK_HAMMER_SWEEP,LONG,76571.2,BULLISH,46.93,-1.86135077,0.807,0.1994,-0.0623,1,0,0,1,1,1,1,1,1,1,1,0,0,0,1,1,0,0,1,0,1,1,0,0,1,0,0,1,0,-0.0603,0.0068,0.0477,-0.262,0.1826,-0.4717
B-BTC_USDT,2026-09-18T00:05:00+00:00,WEAK_HAMMER_SWEEP,LONG,76414.3,BULLISH,50.33,4.01213121,1.434,0.2674,0.031,1,1,1,1,1,1,1,1,1,1,1,1,0,0,1,1,1,1,1,1,1,0,1,1,1,1,0,1,1,-0.1152,-0.1042,0.2595,1.0359,1.5156,-0.2072
B-BTC_USDT,2026-09-18T00:25:00+00:00,WEAK_HAMMER_SWEEP,LONG,76345.6,BULLISH,43.56,-5.6592695,1.616,0.1776,-0.0808,1,0,0,1,1,1,1,1,1,0,1,0,0,0,0,1,1,1,0,0,1,1,0,0,1,0,0,1,1,0.0713,0.2726,0.2827,1.1837,1.6069,-0.0474
B-BTC_USDT,2026-09-18T01:35:00+00:00,WEAK_HAMMER_SWEEP,LONG,76592.9,BULLISH,61.57,13.02352033,0.487,0.4999,0.0416,1,1,1,1,1,1,1,1,0,1,1,1,1,1,0,0,0,0,0,1,1,1,1,1,1,1,1,1,1,0.1398,0.0602,0.481,1.3277,1.4219,0.0
B-BTC_USDT,2026-09-18T05:25:00+00:00,WEAK_HAMMER_SWEEP,LONG,77567.9,BULLISH,65.05,1.58313745,1.432,1.3307,0.0968,1,1,1,1,0,0,0,0,0,0,1,1,1,1,1,1,1,1,1,1,1,1,1,1,1,1,1,1,1,-0.0213,-0.1421,-0.0905,0.7164,1.1282,-0.2624
B-BTC_USDT,2026-09-18T13:10:00+00:00,WEAK_HAMMER_SWEEP,LONG,77999.4,BULLISH,45.61,-2.09416124,0.959,0.0973,-0.0306,1,0,0,1,1,1,1,1,1,1,1,0,0,0,0,1,0,0,1,0,1,0,0,0,1,0,0,1,0,0.1838,1.6291,2.9234,3.668,4.1579,-0.0059
B-BTC_USDT,2026-09-18T13:55:00+00:00,WEAK_HAMMER_SWEEP,LONG,80046.5,BULLISH,90.89,233.85110937,2.097,2.6522,0.3319,1,1,1,0,0,0,0,0,0,0,1,1,1,1,1,1,1,1,0,1,0,1,1,1,1,0,0,1,0,0.2912,0.7666,1.0738,1.1636,1.4941,-0.0042
B-BTC_USDT,2026-09-18T16:25:00+00:00,WEAK_HAMMER_SWEEP,LONG,81018.7,BULLISH,68.66,-47.93099713,1.098,3.8204,0.286,1,0,1,0,0,0,0,0,0,0,1,1,1,1,1,1,1,0,1,1,1,1,1,1,1,1,0,1,1,-0.0689,-0.2576,-0.3725,-0.0354,0.4536,-0.6004
B-BTC_USDT,2026-09-19T13:50:00+00:00,WEAK_HAMMER_SWEEP,LONG,81297.3,BULLISH,56.36,2.73241965,2.114,0.1902,0.0296,1,1,1,1,1,1,1,1,1,1,1,1,1,1,1,1,1,1,1,1,1,0,1,1,1,1,1,1,1,0.0919,0.1816,0.2096,0.1451,0.7831,-0.0346
B-BTC_USDT,2026-09-19T21:20:00+00:00,WEAK_HAMMER_SWEEP,LONG,81001.2,NEUTRAL,27.25,-22.81040305,3.736,0.0938,0.0414,0,0,1,1,1,1,0,0,0,0,1,0,0,0,1,1,1,1,1,0,1,1,1,1,1,0,0,1,1,0.0359,0.133,0.0458,0.1551,0.42,-0.1206
B-BTC_USDT,2026-09-20T00:55:00+00:00,WEAK_HAMMER_SWEEP,LONG,81252.8,BULLISH,52.65,-2.79969795,0.522,0.465,0.0086,1,0,1,1,1,1,1,1,1,1,1,1,1,1,0,0,0,0,1,1,1,0,1,1,1,0,0,1,0,-0.1904,-0.2081,-0.2299,-1.0349,0.016,-1.4238
B-BTC_USDT,2026-09-20T04:00:00+00:00,WEAK_HAMMER_SWEEP,LONG,80487.0,NEUTRAL,43.46,33.15545473,0.215,0.4859,0.1952,0,1,1,1,1,1,1,1,1,0,1,0,0,0,1,0,0,0,0,1,1,0,1,1,1,0,0,1,1,-0.1756,-0.0958,-0.0323,-0.0781,0.1628,-0.3715
B-BTC_USDT,2026-09-20T05:00:00+00:00,WEAK_HAMMER_SWEEP,LONG,80461.0,NEUTRAL,48.06,25.98911205,0.603,0.4538,0.0507,0,1,1,1,1,1,1,1,1,1,1,1,0,0,1,0,0,0,0,1,1,0,1,1,1,1,1,1,1,0.0308,0.1192,-0.0695,-0.23,0.1951,-0.4144
B-BTC_USDT,2026-09-20T08:50:00+00:00,WEAK_HAMMER_SWEEP,LONG,80235.9,NEUTRAL,37.28,-10.10490718,2.416,0.0623,-0.0835,0,0,0,1,1,1,1,0,0,0,1,0,0,0,0,1,1,1,1,0,1,1,0,0,1,0,0,1,1,0.0047,0.12,0.2465,0.2294,0.3977,-0.0248
B-BTC_USDT,2026-09-20T17:20:00+00:00,WEAK_HAMMER_SWEEP,LONG,81205.1,BULLISH,61.03,-18.23147924,0.419,1.0196,-0.1461,1,0,0,1,0,0,1,1,0,1,1,1,1,1,0,0,0,0,0,1,1,0,0,0,1,0,0,1,0,0.1351,-0.1294,-0.0766,-0.5471,0.2225,-0.8269
B-BTC_USDT,2026-09-20T19:25:00+00:00,WEAK_HAMMER_SWEEP,LONG,81087.3,BULLISH,48.95,-14.31633335,0.39,0.5725,0.0002,1,0,1,1,1,1,1,1,1,1,1,0,0,0,1,0,0,0,1,0,1,0,1,1,1,1,1,1,1,0.1361,0.0699,0.0672,0.0374,0.2204,-0.6828
B-BTC_USDT,2026-09-20T20:25:00+00:00,WEAK_HAMMER_SWEEP,LONG,81141.8,BULLISH,50.64,-6.30302186,1.047,0.2069,-0.0286,1,0,0,1,1,1,1,1,1,1,1,1,1,0,1,1,1,0,0,1,1,0,0,0,1,1,0,1,0,-0.0518,-0.1133,-0.3597,0.6942,0.8112,-0.7496
B-BTC_USDT,2026-09-21T00:40:00+00:00,WEAK_HAMMER_SWEEP,LONG,81663.7,BULLISH,66.0,29.49723487,1.148,1.3838,0.572,1,1,1,1,0,0,0,0,0,0,1,1,1,1,0,1,1,0,1,1,1,1,1,0,1,0,0,1,1,-0.1107,0.1271,-0.2863,-0.3301,0.5341,-1.0339
B-BTC_USDT,2026-09-21T08:45:00+00:00,WEAK_HAMMER_SWEEP,LONG,83727.7,BULLISH,89.89,215.48753489,1.951,2.9342,0.2801,1,1,1,0,0,0,0,0,0,0,1,1,1,1,1,1,1,1,0,1,0,1,1,1,1,1,0,1,1,0.1245,0.2883,1.2347,1.8103,2.0558,-0.1018
B-BTC_USDT,2026-09-21T14:30:00+00:00,WEAK_HAMMER_SWEEP,LONG,85954.1,BULLISH,73.65,47.47815238,1.616,2.1567,0.7532,1,1,1,0,0,0,0,0,0,0,1,1,1,1,1,1,1,1,1,1,0,1,1,0,1,1,1,1,1,-0.0054,0.0175,-0.1394,-0.1112,0.449,-0.4912
B-BTC_USDT,2026-09-21T15:30:00+00:00,WEAK_HAMMER_SWEEP,LONG,85834.3,BULLISH,55.29,-30.32436026,0.4,1.4693,0.0224,1,0,1,1,0,0,1,1,1,1,1,1,1,1,0,0,0,0,0,1,1,0,1,1,1,0,0,1,0,0.2233,-0.1312,-0.1706,1.1285,1.2113,-0.3171
B-BTC_USDT,2026-09-22T02:20:00+00:00,WEAK_HAMMER_SWEEP,LONG,85619.1,BULLISH,39.81,16.24783969,0.976,0.3634,0.0547,1,1,1,1,1,1,1,0,0,0,1,0,0,0,1,1,0,0,1,0,1,0,1,1,1,1,0,1,1,0.1455,0.058,-0.2916,-0.4528,0.2581,-0.6296
B-BTC_USDT,2026-09-22T03:00:00+00:00,WEAK_HAMMER_SWEEP,LONG,85696.9,BULLISH,44.92,37.22222794,0.828,0.4538,0.1329,1,1,1,1,1,1,1,1,1,0,1,0,0,0,0,1,0,0,0,1,1,1,1,1,1,0,0,1,1,-0.2626,-0.2072,-0.0274,-0.436,0.0762,-0.7199
B-BTC_USDT,2026-09-22T09:35:00+00:00,WEAK_HAMMER_SWEEP,LONG,85942.7,BULLISH,59.47,-6.83830237,0.612,0.9805,0.0938,1,0,1,1,1,0,1,1,1,1,1,1,1,1,1,0,0,0,1,1,1,0,1,1,1,1,0,1,0,0.2204,0.1308,-0.0667,-0.185,0.3472,-0.4924
B-BTC_USDT,2026-09-22T09:50:00+00:00,WEAK_HAMMER_SWEEP,LONG,86132.1,BULLISH,65.55,5.61339233,0.855,1.1611,0.3489,1,1,1,1,0,0,0,0,0,0,1,1,1,1,1,1,0,0,1,1,1,0,1,1,1,1,1,1,0,-0.0894,-0.2834,-0.2406,-0.0606,0.1265,-0.7112
B-BTC_USDT,2026-09-22T17:50:00+00:00,WEAK_HAMMER_SWEEP,LONG,86487.1,BULLISH,57.59,2.06207994,0.823,1.2501,0.0603,1,1,1,1,0,0,1,1,1,1,1,1,1,1,1,1,0,0,1,1,1,0,1,1,1,1,0,1,0,-0.0383,-0.0835,-0.0126,-0.3328,0.1479,-0.4693
B-BTC_USDT,2026-09-22T21:25:00+00:00,WEAK_HAMMER_SWEEP,LONG,86205.6,BULLISH,44.98,0.93391795,0.542,0.1443,0.0392,1,1,1,1,1,1,1,1,1,0,1,0,0,0,1,0,0,0,1,0,1,0,1,1,1,0,0,1,0,-0.047,-0.0724,-0.0892,0.4574,0.7096,-0.2982
B-BTC_USDT,2026-09-23T00:05:00+00:00,WEAK_HAMMER_SWEEP,LONG,86191.6,BULLISH,50.83,-2.76757482,1.141,0.282,-0.1914,1,0,0,1,1,1,1,1,1,1,1,1,0,0,1,1,1,0,1,1,1,0,0,0,1,1,1,1,1,0.323,0.2803,0.4511,0.6921,0.8954,-0.0773
B-BTC_USDT,2026-09-23T02:05:00+00:00,WEAK_HAMMER_SWEEP,LONG,86326.3,BULLISH,47.4,-35.6892914,0.332,0.4305,-0.1475,1,0,0,1,1,1,1,1,1,1,1,0,0,0,1,0,0,0,0,0,1,1,0,0,1,0,0,1,1,0.2546,0.1982,0.1267,0.2128,1.0669,-0.0732
B-BTC_USDT,2026-09-23T08:35:00+00:00,WEAK_HAMMER_SWEEP,LONG,86177.0,NEUTRAL,43.26,15.58693692,0.357,0.262,0.0419,0,1,1,1,1,1,1,1,1,0,1,0,0,0,1,0,0,0,0,0,1,0,1,1,1,1,1,1,1,-0.562,-0.2353,-0.4679,-0.8335,0.0,-1.133
B-BTC_USDT,2026-09-23T17:55:00+00:00,WEAK_HAMMER_SWEEP,LONG,84280.0,NEUTRAL,55.81,68.69967718,0.244,0.9847,0.5893,0,1,1,1,1,0,1,1,1,1,1,1,0,1,1,0,0,0,0,1,1,1,1,0,1,0,0,1,1,-0.1506,-0.2075,0.0013,0.1102,0.2895,-0.2286
B-BTC_USDT,2026-09-24T16:10:00+00:00,WEAK_HAMMER_SWEEP,LONG,84210.7,NEUTRAL,53.12,-2.8463161,0.508,1.0803,-0.5834,0,0,0,1,0,0,1,1,1,1,1,1,1,1,0,0,0,0,1,1,1,0,0,0,1,0,0,1,1,0.5483,0.3475,0.2686,0.0007,0.7991,-0.448
B-BTC_USDT,2026-09-24T20:05:00+00:00,WEAK_HAMMER_SWEEP,LONG,84365.6,NEUTRAL,47.84,-22.01281153,0.979,0.6308,-0.0198,0,0,0,1,1,1,1,1,1,1,1,0,0,0,0,1,0,0,0,0,1,1,0,0,1,0,0,1,1,-0.2496,-0.036,-0.0767,0.3702,0.3836,-0.5482
B-BTC_USDT,2026-09-25T10:50:00+00:00,WEAK_HAMMER_SWEEP,LONG,84794.8,NEUTRAL,67.54,12.76129554,1.336,1.3103,0.0785,0,1,1,1,0,0,0,0,0,0,1,1,1,1,1,1,1,1,1,1,1,1,1,1,1,1,0,1,0,0.2975,0.1241,-0.2546,-1.2173,0.5062,-1.9632
B-BTC_USDT,2026-09-27T15:25:00+00:00,WEAK_HAMMER_SWEEP,LONG,84575.0,NEUTRAL,44.58,-9.29610952,1.111,0.3654,0.0792,0,0,1,1,1,1,1,1,1,0,1,0,0,0,1,1,1,0,1,0,1,0,1,1,1,1,0,1,1,-0.2173,-0.1751,-0.0521,0.1159,0.2788,-0.3388
B-BTC_USDT,2026-09-28T13:35:00+00:00,WEAK_HAMMER_SWEEP,LONG,83687.6,NEUTRAL,70.09,10.56725505,1.959,1.3564,0.4108,0,1,1,1,0,0,0,0,0,0,1,1,1,1,1,1,1,1,0,1,0,0,1,1,1,1,0,1,1,0.056,-0.3094,-0.3732,0.2522,0.7915,-1.419
B-BTC_USDT,2026-09-28T22:15:00+00:00,WEAK_HAMMER_SWEEP,LONG,83192.3,NEUTRAL,34.55,-22.84893842,0.78,0.1626,-0.0592,0,0,0,1,1,1,0,0,0,0,1,0,0,0,1,0,0,0,0,0,1,1,0,0,1,1,1,1,1,0.1021,0.3416,0.3457,-0.1329,0.4934,-0.5626
B-BTC_USDT,2026-09-29T07:20:00+00:00,WEAK_HAMMER_SWEEP,LONG,83955.0,NEUTRAL,67.48,-6.46250839,0.622,1.2254,-0.0045,0,0,0,1,0,0,0,0,0,0,1,1,1,1,0,0,0,0,0,1,1,0,0,0,1,0,0,1,0,0.179,0.0462,0.2687,0.0915,0.4502,-0.2704
B-BTC_USDT,2026-09-29T07:30:00+00:00,WEAK_HAMMER_SWEEP,LONG,84024.9,NEUTRAL,70.43,-10.49248208,0.633,1.3076,0.0788,0,0,1,1,0,0,0,0,0,0,1,1,1,1,1,0,0,0,1,1,1,0,1,1,1,1,1,1,1,-0.0536,-0.0134,-0.0453,0.2202,0.3667,-0.3533
B-BTC_USDT,2026-09-29T09:15:00+00:00,WEAK_HAMMER_SWEEP,LONG,83760.1,NEUTRAL,42.53,-42.50312974,0.58,0.9956,-0.3038,0,0,0,1,1,0,1,1,1,0,1,0,0,0,1,0,0,0,0,0,1,1,0,0,1,0,0,1,0,0.204,0.4853,0.37,0.7672,0.8419,-0.0217
B-BTC_USDT,2026-09-29T18:55:00+00:00,WEAK_HAMMER_SWEEP,LONG,83614.1,NEUTRAL,68.03,45.13506708,0.513,0.912,0.6184,0,1,1,1,1,0,0,0,0,0,1,1,1,1,0,0,0,0,1,1,1,1,1,0,1,1,0,1,1,-0.059,-0.1139,-0.0618,-0.0469,0.1003,-0.3308
B-BTC_USDT,2026-09-30T13:55:00+00:00,WEAK_HAMMER_SWEEP,LONG,84605.2,BULLISH,50.13,-115.52921241,0.418,1.2343,0.0787,1,0,1,1,0,0,1,1,1,1,1,0,0,0,1,0,0,0,1,0,1,0,1,1,1,1,0,1,1,-0.3579,-1.0472,-0.996,-0.7153,0.0095,-1.513
B-BTC_USDT,2026-09-30T17:25:00+00:00,WEAK_HAMMER_SWEEP,LONG,84186.5,BULLISH,48.93,-21.79991235,1.226,1.0232,-0.1323,1,0,0,1,0,0,1,1,1,1,1,0,0,0,1,1,1,1,1,0,1,1,0,0,1,1,0,1,1,-0.2629,-0.2215,-0.3545,-0.5877,0.0,-0.8707
B-BTC_USDT,2026-09-30T17:45:00+00:00,WEAK_HAMMER_SWEEP,LONG,84071.9,BULLISH,45.91,-34.76690904,0.524,0.8883,-0.2803,1,0,0,1,1,0,1,1,1,1,1,0,0,0,1,0,0,0,1,0,1,1,0,0,1,1,1,1,0,-0.0805,-0.139,-0.2773,-0.4534,0.0445,-0.7356
B-BTC_USDT,2026-09-30T18:00:00+00:00,WEAK_HAMMER_SWEEP,LONG,84004.2,BULLISH,43.3,-26.33970029,0.961,0.8084,-0.3606,1,0,0,1,1,0,1,1,1,0,1,0,0,0,1,1,0,0,1,0,1,0,0,0,1,0,0,1,0,-0.0586,-0.2068,-0.1443,-0.3883,0.0479,-0.6556
B-BTC_USDT,2026-09-30T18:05:00+00:00,WEAK_HAMMER_SWEEP,LONG,84033.4,BULLISH,45.08,-20.33371566,0.579,0.8429,-0.326,1,0,0,1,1,0,1,1,1,1,1,0,0,0,1,0,0,0,0,0,1,1,0,0,1,0,0,1,1,-0.2002,-0.3012,-0.2914,-0.5516,0.0131,-0.6901
B-BTC_USDT,2026-09-30T20:05:00+00:00,WEAK_HAMMER_SWEEP,LONG,83560.7,NEUTRAL,36.55,-15.13871635,0.94,0.1283,0.0399,0,0,1,1,1,1,1,0,0,0,1,0,0,0,1,1,0,0,0,0,1,1,1,1,1,0,0,1,1,0.1613,0.1528,0.1759,-0.1438,0.3029,-0.1563
B-BTC_USDT,2026-10-01T01:15:00+00:00,WEAK_HAMMER_SWEEP,LONG,83600.1,NEUTRAL,55.66,20.19490557,0.895,0.2752,0.0264,0,1,1,1,1,1,1,1,1,1,1,1,0,1,1,1,0,0,1,1,1,0,1,1,1,1,1,1,1,-0.0873,-0.1677,-0.1463,0.7982,0.8242,-0.2872
B-BTC_USDT,2026-10-01T02:25:00+00:00,WEAK_HAMMER_SWEEP,LONG,83505.6,NEUTRAL,48.18,-0.10567338,2.091,0.1624,0.0058,0,0,1,1,1,1,1,1,1,1,1,0,0,0,1,1,1,1,1,0,1,0,1,1,1,1,0,1,1,-0.1289,-0.071,-0.0291,0.9645,1.0469,-0.1744
B-BTC_USDT,2026-10-01T04:55:00+00:00,WEAK_HAMMER_SWEEP,LONG,84072.9,BULLISH,71.43,32.84034662,1.301,0.848,0.0493,1,1,1,1,1,0,0,0,0,0,1,1,1,1,1,1,1,1,0,1,1,1,1,1,1,0,0,1,1,0.1513,0.2151,0.2224,-0.6516,0.365,-1.1137
B-BTC_USDT,2026-10-01T23:45:00+00:00,WEAK_HAMMER_SWEEP,LONG,84800.0,BULLISH,60.74,13.46003349,1.009,0.4077,0.1441,1,1,1,1,1,1,1,1,0,1,1,1,1,1,1,1,1,0,0,1,1,1,1,1,1,0,0,1,1,-0.0869,0.1027,-0.0658,0.658,0.8123,-0.3862
B-BTC_USDT,2026-10-02T02:40:00+00:00,WEAK_HAMMER_SWEEP,LONG,84950.0,BULLISH,59.81,12.36000718,0.676,0.5621,-0.1005,1,1,0,1,1,1,1,1,1,1,1,1,1,1,1,0,0,0,1,1,1,1,0,0,1,1,1,1,1,0.2487,0.3814,0.519,1.1956,2.2813,-0.0001
B-BTC_USDT,2026-10-02T04:45:00+00:00,WEAK_HAMMER_SWEEP,LONG,86610.3,BULLISH,76.25,92.88879932,0.826,2.4683,-0.0482,1,1,0,0,0,0,0,0,0,0,1,1,1,1,0,1,0,0,1,1,1,1,0,0,1,1,1,1,0,-0.1067,-0.1638,-0.6595,-0.386,0.1842,-1.0111
B-BTC_USDT,2026-10-02T06:45:00+00:00,WEAK_HAMMER_SWEEP,LONG,85967.6,BULLISH,48.17,-31.91580683,0.233,1.1838,-0.0341,1,0,0,1,0,0,1,1,1,1,1,0,0,0,1,0,0,0,0,0,1,0,0,0,1,0,0,1,1,-0.1111,-0.0785,-0.137,0.3615,0.7548,-0.271
B-BTC_USDT,2026-10-02T14:45:00+00:00,WEAK_HAMMER_SWEEP,LONG,85960.8,NEUTRAL,38.71,-89.9925975,0.576,0.3885,0.1713,0,0,1,1,1,1,1,0,0,0,1,0,0,0,1,0,0,0,0,0,1,1,1,1,1,0,0,1,0,-0.4953,-0.5334,-0.7004,-2.3062,0.0001,-2.465
B-BTC_USDT,2026-10-02T19:30:00+00:00,WEAK_HAMMER_SWEEP,LONG,84129.6,NEUTRAL,37.15,16.8058199,0.415,0.342,0.1278,0,1,1,1,1,1,1,0,0,0,1,0,0,0,1,0,0,0,1,0,1,0,1,1,1,1,0,1,1,0.0504,0.2478,0.3389,0.4198,0.4833,-0.0473
B-BTC_USDT,2026-10-02T20:20:00+00:00,WEAK_HAMMER_SWEEP,LONG,84473.2,NEUTRAL,57.01,65.80561229,1.974,0.7473,0.316,0,1,1,1,1,1,1,1,1,1,1,1,0,1,1,1,1,1,1,1,0,1,1,1,1,1,1,1,1,-0.0876,-0.0833,-0.0265,0.0326,0.0746,-0.3367
B-BTC_USDT,2026-10-04T20:30:00+00:00,WEAK_HAMMER_SWEEP,LONG,85526.8,BULLISH,67.19,6.67380412,1.303,0.3788,0.0423,1,1,1,1,1,1,0,0,0,0,1,1,1,1,1,1,1,1,1,1,0,1,1,1,1,1,1,1,1,0.3007,0.3226,0.3849,0.8105,1.4536,-0.0001
B-BTC_USDT,2026-10-05T04:40:00+00:00,WEAK_HAMMER_SWEEP,LONG,85580.9,NEUTRAL,21.59,-56.87533182,0.947,0.1545,-0.2336,0,0,0,1,1,1,0,0,0,0,1,0,0,0,1,1,0,0,1,0,1,1,0,0,1,1,0,1,1,-0.0945,-0.1178,0.1908,0.7513,1.0373,-0.2476
B-BTC_USDT,2026-10-05T09:35:00+00:00,WEAK_HAMMER_SWEEP,LONG,85914.3,BULLISH,39.97,-48.12802228,0.609,0.4236,0.086,1,0,1,1,1,1,1,0,0,0,1,0,0,0,1,0,0,0,1,0,1,1,1,1,1,1,1,1,1,0.0299,0.0951,0.1191,0.1852,0.3656,-0.1781
B-BTC_USDT,2026-10-05T10:00:00+00:00,WEAK_HAMMER_SWEEP,LONG,86003.5,BULLISH,47.37,-5.25504821,0.661,0.3432,0.1899,1,0,1,1,1,1,1,1,1,1,1,0,0,0,1,0,0,0,1,0,1,0,1,1,1,1,1,1,1,0.0388,0.0557,-0.1251,0.3084,0.5295,-0.2816
B-BTC_USDT,2026-10-05T11:10:00+00:00,WEAK_HAMMER_SWEEP,LONG,85910.4,BULLISH,40.97,-5.97038814,0.428,0.2352,0.0886,1,0,1,1,1,1,1,1,1,0,1,0,0,0,0,0,0,0,0,0,1,0,1,1,1,0,0,1,1,0.2986,0.1513,0.2174,-0.4995,0.9004,-0.594
B-BTC_USDT,2026-10-05T18:50:00+00:00,WEAK_HAMMER_SWEEP,LONG,85586.5,NEUTRAL,66.27,30.01293121,0.47,0.7904,0.2447,0,1,1,1,1,0,0,0,0,0,1,1,0,1,0,0,0,0,0,1,1,1,1,1,1,1,1,1,1,-0.0393,0.1299,0.043,0.3043,0.4774,-0.0914
B-BTC_USDT,2026-10-05T20:35:00+00:00,WEAK_HAMMER_SWEEP,LONG,85756.7,NEUTRAL,65.21,-1.75211973,0.932,0.7512,0.0696,0,0,1,1,1,0,0,0,0,0,1,1,1,1,1,1,0,0,1,1,1,1,1,1,1,1,0,1,0,0.0112,-0.0684,0.1111,-0.0043,0.3234,-0.1194
B-BTC_USDT,2026-10-06T00:45:00+00:00,WEAK_HAMMER_SWEEP,LONG,85785.0,BULLISH,48.04,-3.80799437,0.692,0.1524,-0.0529,1,0,0,1,1,1,1,1,1,1,1,0,0,0,1,0,0,0,1,0,1,0,0,0,1,1,0,1,1,0.2819,0.0592,-0.1662,-0.2922,0.365,-0.6069
B-BTC_USDT,2026-10-06T05:25:00+00:00,WEAK_HAMMER_SWEEP,LONG,85644.1,NEUTRAL,56.58,13.66767886,0.871,0.4433,0.3513,0,1,1,1,1,1,1,1,1,1,1,1,0,1,0,1,0,0,1,1,1,1,1,1,1,0,0,1,0,-0.1101,-0.1936,-0.5036,0.1173,0.516,-0.6672
